device,scope,adapter_mode,tokens,logical_rank,physical_dot_rank,site,accumulation,execution,cache_state,winner,winner_p50_us,runner_up,runner_up_slower_pct
h200,K0,mixed,1,8,16,gate_a,bf16,eager,hot,indexed,34.52000021934509,segmented,2.7346458038900234
h200,K0,mixed,1,8,16,gate_a,bf16,eager,cold,segmented,6.760000018402934,aligned,2.1301782301351047
h200,K0,mixed,1,8,16,gate_a,bf16,cuda_graph,hot,aligned,10.503999888896942,segmented,0.7616159971854719
h200,K0,mixed,1,8,16,gate_a,bf16,cuda_graph,cold,segmented,6.111999973654747,aligned,2.617801944623488
h200,K0,mixed,1,8,16,gate_consumer,bf16,eager,hot,indexed,49.375999718904495,segmented,23.23396145045795
h200,K0,mixed,1,8,16,gate_consumer,bf16,eager,cold,indexed,8.952000178396702,segmented,15.460227522766278
h200,K0,mixed,1,8,16,gate_consumer,bf16,cuda_graph,hot,indexed,10.704000014811754,aligned,1.4200298303385983
h200,K0,mixed,1,8,16,gate_consumer,bf16,cuda_graph,cold,indexed,8.088000118732452,segmented,11.374876445461446
h200,K0,mixed,1,8,16,gate_consumer,fp32,eager,hot,segmented,61.22399866580963,,
h200,K0,mixed,1,8,16,gate_consumer,fp32,eager,cold,segmented,10.863999836146832,,
h200,K0,mixed,1,8,16,gate_consumer,fp32,cuda_graph,hot,segmented,10.967999696731567,,
h200,K0,mixed,1,8,16,gate_consumer,fp32,cuda_graph,cold,segmented,9.088000282645226,,
h200,K0,mixed,1,8,16,down_a,bf16,eager,hot,indexed,32.15999994426966,segmented,9.129353263366191
h200,K0,mixed,1,8,16,down_a,bf16,eager,cold,segmented,6.927999900653958,aligned,3.002310528263763
h200,K0,mixed,1,8,16,down_a,bf16,cuda_graph,hot,segmented,10.4160001501441,aligned,0.15360652784155437
h200,K0,mixed,1,8,16,down_a,bf16,cuda_graph,cold,segmented,6.568000069819391,aligned,1.5834326960900258
h200,K0,mixed,1,8,16,down_finalize,bf16,eager,hot,indexed,29.95199989527464,segmented,82.05128213100983
h200,K0,mixed,1,8,16,down_finalize,bf16,eager,cold,indexed,8.02399986423552,segmented,35.692926669343365
h200,K0,mixed,1,8,16,down_finalize,bf16,cuda_graph,hot,indexed,10.4479999281466,one_shot_fp32,4.823890848779566
h200,K0,mixed,1,8,16,down_finalize,bf16,cuda_graph,cold,indexed,8.200000040233135,segmented,8.292683563962488
h200,K0,mixed,1,8,16,down_finalize,fp32,eager,hot,indexed,30.09600006043911,segmented,79.90430796723314
h200,K0,mixed,1,8,16,down_finalize,fp32,eager,cold,indexed,9.159999899566174,segmented,10.13100536578051
h200,K0,mixed,1,8,16,down_finalize,fp32,cuda_graph,hot,indexed,10.880000190809369,aligned,1.102938855528257
h200,K0,mixed,1,8,16,down_finalize,fp32,cuda_graph,cold,segmented,9.12799988873303,aligned,1.3146386580853653
h200,K0,mixed,1,16,16,gate_a,bf16,eager,hot,indexed,32.711999490857124,segmented,9.366596437867614
h200,K0,mixed,1,16,16,gate_a,bf16,eager,cold,segmented,6.839999929070473,aligned,2.573098610994995
h200,K0,mixed,1,16,16,gate_a,bf16,cuda_graph,hot,segmented,10.391999734565616,aligned,0.8468072234588897
h200,K0,mixed,1,16,16,gate_a,bf16,cuda_graph,cold,segmented,6.559999892488122,aligned,1.3414647780646494
h200,K0,mixed,1,16,16,gate_consumer,bf16,eager,hot,indexed,49.87200070172548,segmented,24.14180162848114
h200,K0,mixed,1,16,16,gate_consumer,bf16,eager,cold,indexed,8.936000056564808,segmented,14.055505928791545
h200,K0,mixed,1,16,16,gate_consumer,bf16,cuda_graph,hot,indexed,10.648000054061413,segmented,2.4793402163855616
h200,K0,mixed,1,16,16,gate_consumer,bf16,cuda_graph,cold,indexed,7.664000033400953,aligned,15.657622236201307
h200,K0,mixed,1,16,16,gate_consumer,fp32,eager,hot,segmented,61.98399979621172,,
h200,K0,mixed,1,16,16,gate_consumer,fp32,eager,cold,segmented,10.584000032395124,,
h200,K0,mixed,1,16,16,gate_consumer,fp32,cuda_graph,hot,segmented,11.01600006222725,,
h200,K0,mixed,1,16,16,gate_consumer,fp32,cuda_graph,cold,segmented,8.968000067397952,,
h200,K0,mixed,1,16,16,down_a,bf16,eager,hot,indexed,33.01599994301796,segmented,7.390356061071923
h200,K0,mixed,1,16,16,down_a,bf16,eager,cold,segmented,6.783999968320131,aligned,3.5377370632271754
h200,K0,mixed,1,16,16,down_a,bf16,cuda_graph,hot,aligned,10.344000067561865,segmented,1.8561491081285464
h200,K0,mixed,1,16,16,down_a,bf16,cuda_graph,cold,segmented,6.30399992223829,aligned,5.329951108703601
h200,K0,mixed,1,16,16,down_finalize,bf16,eager,hot,indexed,30.512000434100628,segmented,79.62768524801484
h200,K0,mixed,1,16,16,down_finalize,bf16,eager,cold,indexed,7.007999811321497,segmented,55.13699233167204
h200,K0,mixed,1,16,16,down_finalize,bf16,cuda_graph,hot,indexed,10.519999777898192,segmented,4.48669307553462
h200,K0,mixed,1,16,16,down_finalize,bf16,cuda_graph,cold,indexed,7.06399988848716,segmented,29.44507580567388
h200,K0,mixed,1,16,16,down_finalize,fp32,eager,hot,indexed,30.263999942690134,segmented,82.47422872348815
h200,K0,mixed,1,16,16,down_finalize,fp32,eager,cold,indexed,7.04799999948591,segmented,38.93303144193177
h200,K0,mixed,1,16,16,down_finalize,fp32,cuda_graph,hot,indexed,10.39199996739626,aligned,5.157814905014857
h200,K0,mixed,1,16,16,down_finalize,fp32,cuda_graph,cold,indexed,7.159999920986593,segmented,22.458101092757786
h200,K0,mixed,32,8,16,gate_a,bf16,eager,hot,indexed,33.84799975901842,segmented,10.777596299010783
h200,K0,mixed,32,8,16,gate_a,bf16,eager,cold,aligned,12.84799980930984,indexed,51.68119656395751
h200,K0,mixed,32,8,16,gate_a,bf16,cuda_graph,hot,aligned,11.960000032559037,indexed,17.72575310735951
h200,K0,mixed,32,8,16,gate_a,bf16,cuda_graph,cold,aligned,12.215999886393547,indexed,51.800915312617455
h200,K0,mixed,32,8,16,gate_consumer,bf16,eager,hot,indexed,51.76800023764372,segmented,23.07216920566666
h200,K0,mixed,32,8,16,gate_consumer,bf16,eager,cold,indexed,17.15199975296855,segmented,37.54664859478043
h200,K0,mixed,32,8,16,gate_consumer,bf16,cuda_graph,hot,indexed,15.48000006005168,segmented,22.48061978193516
h200,K0,mixed,32,8,16,gate_consumer,bf16,cuda_graph,cold,indexed,16.560000367462635,segmented,31.932364949090797
h200,K0,mixed,32,8,16,gate_consumer,fp32,eager,hot,segmented,62.95999977737665,,
h200,K0,mixed,32,8,16,gate_consumer,fp32,eager,cold,segmented,21.815999876707792,,
h200,K0,mixed,32,8,16,gate_consumer,fp32,cuda_graph,hot,segmented,16.792000271379948,,
h200,K0,mixed,32,8,16,gate_consumer,fp32,cuda_graph,cold,segmented,20.063999574631453,,
h200,K0,mixed,32,8,16,down_a,bf16,eager,hot,indexed,32.94399939477444,segmented,9.22778306267289
h200,K0,mixed,32,8,16,down_a,bf16,eager,cold,indexed,10.800000047311187,segmented,10.740740557095174
h200,K0,mixed,32,8,16,down_a,bf16,cuda_graph,hot,segmented,11.08799991197884,indexed,2.0998434768770835e-06
h200,K0,mixed,32,8,16,down_a,bf16,cuda_graph,cold,indexed,10.43200003914535,segmented,9.662576574152858
h200,K0,mixed,32,8,16,down_finalize,bf16,eager,hot,indexed,30.863999854773283,segmented,81.7003652764596
h200,K0,mixed,32,8,16,down_finalize,bf16,eager,cold,indexed,13.08000017888844,aligned,29.72476694818822
h200,K0,mixed,32,8,16,down_finalize,bf16,cuda_graph,hot,indexed,12.127999914810061,aligned,19.788919284729968
h200,K0,mixed,32,8,16,down_finalize,bf16,cuda_graph,cold,indexed,13.088000239804387,aligned,13.997551044355184
h200,K0,mixed,32,8,16,down_finalize,fp32,eager,hot,indexed,31.624000519514084,segmented,76.37237258603867
h200,K0,mixed,32,8,16,down_finalize,fp32,eager,cold,indexed,12.031999882310629,aligned,39.56116996315928
h200,K0,mixed,32,8,16,down_finalize,fp32,cuda_graph,hot,indexed,12.375999707728624,aligned,16.16031142717249
h200,K0,mixed,32,8,16,down_finalize,fp32,cuda_graph,cold,indexed,12.031999882310629,aligned,29.78723280738609
h200,K0,mixed,32,16,16,gate_a,bf16,eager,hot,indexed,33.983999863266945,segmented,9.839925643275492
h200,K0,mixed,32,16,16,gate_a,bf16,eager,cold,aligned,14.431999996304512,indexed,43.569847450756114
h200,K0,mixed,32,16,16,gate_a,bf16,cuda_graph,hot,aligned,11.912000132724643,indexed,22.83411455975102
h200,K0,mixed,32,16,16,gate_a,bf16,cuda_graph,cold,aligned,13.69599997997284,indexed,46.495327611212
h200,K0,mixed,32,16,16,gate_consumer,bf16,eager,hot,indexed,51.23999901115894,segmented,21.561284898015277
h200,K0,mixed,32,16,16,gate_consumer,bf16,eager,cold,indexed,16.208000015467405,segmented,33.85982440305904
h200,K0,mixed,32,16,16,gate_consumer,bf16,cuda_graph,hot,indexed,14.224000042304397,segmented,14.116986430952917
h200,K0,mixed,32,16,16,gate_consumer,bf16,cuda_graph,cold,indexed,15.48000006005168,segmented,29.61240285825786
h200,K0,mixed,32,16,16,gate_consumer,fp32,eager,hot,segmented,62.936000525951385,,
h200,K0,mixed,32,16,16,gate_consumer,fp32,eager,cold,segmented,21.37599978595972,,
h200,K0,mixed,32,16,16,gate_consumer,fp32,cuda_graph,hot,segmented,16.54400024563074,,
h200,K0,mixed,32,16,16,gate_consumer,fp32,cuda_graph,cold,segmented,19.864000380039215,,
h200,K0,mixed,32,16,16,down_a,bf16,eager,hot,indexed,33.02400000393391,segmented,8.406009715377504
h200,K0,mixed,32,16,16,down_a,bf16,eager,cold,aligned,10.048000141978264,indexed,7.484073068038644
h200,K0,mixed,32,16,16,down_a,bf16,cuda_graph,hot,segmented,11.000000173225999,aligned,0.29090706816885525
h200,K0,mixed,32,16,16,down_a,bf16,cuda_graph,cold,aligned,9.608000051230192,indexed,7.077433587894522
h200,K0,mixed,32,16,16,down_finalize,bf16,eager,hot,indexed,31.232000328600407,segmented,76.94671896807839
h200,K0,mixed,32,16,16,down_finalize,bf16,eager,cold,indexed,10.600000154227018,aligned,51.471698315452755
h200,K0,mixed,32,16,16,down_finalize,bf16,cuda_graph,hot,indexed,11.055999901145697,aligned,16.85962590668857
h200,K0,mixed,32,16,16,down_finalize,bf16,cuda_graph,cold,indexed,10.447999695315957,aligned,33.15467235604228
h200,K0,mixed,32,16,16,down_finalize,fp32,eager,hot,indexed,31.3120000064373,segmented,75.37046781827218
h200,K0,mixed,32,16,16,down_finalize,fp32,eager,cold,indexed,10.511999949812889,aligned,50.68493672552581
h200,K0,mixed,32,16,16,down_finalize,fp32,cuda_graph,hot,indexed,10.999999940395355,aligned,26.25454654750252
h200,K0,mixed,32,16,16,down_finalize,fp32,cuda_graph,cold,indexed,10.616000043228269,aligned,39.56292450990586
h200,K0,mixed,256,8,16,gate_a,bf16,eager,hot,indexed,38.072001188993454,aligned,1.0926625814895008
h200,K0,mixed,256,8,16,gate_a,bf16,eager,cold,aligned,15.647999942302704,segmented,40.899797594464246
h200,K0,mixed,256,8,16,gate_a,bf16,cuda_graph,hot,aligned,12.615999672561884,segmented,31.135071932601054
h200,K0,mixed,256,8,16,gate_a,bf16,cuda_graph,cold,aligned,15.024000080302358,segmented,41.74653883318034
h200,K0,mixed,256,8,16,gate_consumer,bf16,eager,hot,segmented,66.7440015822649,indexed,4.207118187684045
h200,K0,mixed,256,8,16,gate_consumer,bf16,eager,cold,segmented,40.063999593257904,aligned,0.13977974815981842
h200,K0,mixed,256,8,16,gate_consumer,bf16,cuda_graph,hot,aligned,34.05600041151047,segmented,5.167954190393664
h200,K0,mixed,256,8,16,gate_consumer,bf16,cuda_graph,cold,aligned,38.63199986517429,segmented,0.7040800617268861
h200,K0,mixed,256,8,16,gate_consumer,fp32,eager,hot,segmented,67.33599863946438,,
h200,K0,mixed,256,8,16,gate_consumer,fp32,eager,cold,segmented,37.21600025892258,,
h200,K0,mixed,256,8,16,gate_consumer,fp32,cuda_graph,hot,segmented,32.48799964785576,,
h200,K0,mixed,256,8,16,gate_consumer,fp32,cuda_graph,cold,segmented,36.055998876690865,,
h200,K0,mixed,256,8,16,down_a,bf16,eager,hot,indexed,35.69599986076355,segmented,0.044823290828954754
h200,K0,mixed,256,8,16,down_a,bf16,eager,cold,aligned,12.41600001230836,segmented,2.899485983599015
h200,K0,mixed,256,8,16,down_a,bf16,cuda_graph,hot,aligned,11.831999756395817,segmented,0.473292443401796
h200,K0,mixed,256,8,16,down_a,bf16,cuda_graph,cold,aligned,11.728000128641725,segmented,3.1377899397111886
h200,K0,mixed,256,8,16,down_finalize,bf16,eager,hot,indexed,47.12800122797489,aligned,28.46715192876923
h200,K0,mixed,256,8,16,down_finalize,bf16,eager,cold,aligned,25.224000215530396,indexed,93.49825417633039
h200,K0,mixed,256,8,16,down_finalize,bf16,cuda_graph,hot,aligned,19.576000049710274,indexed,140.45770679419226
h200,K0,mixed,256,8,16,down_finalize,bf16,cuda_graph,cold,aligned,22.904000245034695,indexed,112.57422086617149
h200,K0,mixed,256,8,16,down_finalize,fp32,eager,hot,indexed,45.09600065648556,aligned,33.54621138866067
h200,K0,mixed,256,8,16,down_finalize,fp32,eager,cold,aligned,26.7039998434484,indexed,77.59137569622283
h200,K0,mixed,256,8,16,down_finalize,fp32,cuda_graph,hot,aligned,22.45599962770939,indexed,100.28500395613031
h200,K0,mixed,256,8,16,down_finalize,fp32,cuda_graph,cold,aligned,25.671999901533127,indexed,85.26020946776902
h200,K0,mixed,256,16,16,gate_a,bf16,eager,hot,indexed,38.176000118255615,aligned,1.8440923664336584
h200,K0,mixed,256,16,16,gate_a,bf16,eager,cold,aligned,17.47999992221594,segmented,35.78947463763
h200,K0,mixed,256,16,16,gate_a,bf16,cuda_graph,hot,aligned,13.567999936640263,segmented,23.82075774431309
h200,K0,mixed,256,16,16,gate_a,bf16,cuda_graph,cold,aligned,17.079999670386314,segmented,36.252928785992644
h200,K0,mixed,256,16,16,gate_consumer,bf16,eager,hot,indexed,54.68800012022257,segmented,22.44002222517669
h200,K0,mixed,256,16,16,gate_consumer,bf16,eager,cold,indexed,34.39200110733509,aligned,2.4656867271643623
h200,K0,mixed,256,16,16,gate_consumer,bf16,cuda_graph,hot,aligned,28.384000062942505,segmented,12.260429867840394
h200,K0,mixed,256,16,16,gate_consumer,bf16,cuda_graph,cold,aligned,33.383999951183796,indexed,1.5576358924311196
h200,K0,mixed,256,16,16,gate_consumer,fp32,eager,hot,segmented,66.76800176501274,,
h200,K0,mixed,256,16,16,gate_consumer,fp32,eager,cold,segmented,36.23199928551912,,
h200,K0,mixed,256,16,16,gate_consumer,fp32,cuda_graph,hot,segmented,31.519999727606773,,
h200,K0,mixed,256,16,16,gate_consumer,fp32,cuda_graph,cold,segmented,34.23199988901615,,
h200,K0,mixed,256,16,16,down_a,bf16,eager,hot,segmented,35.087999887764454,indexed,1.8695860140022669
h200,K0,mixed,256,16,16,down_a,bf16,eager,cold,aligned,11.01600006222725,segmented,13.289760017043806
h200,K0,mixed,256,16,16,down_a,bf16,cuda_graph,hot,aligned,10.95200004056096,segmented,2.7757464622264028
h200,K0,mixed,256,16,16,down_a,bf16,cuda_graph,cold,aligned,10.520000010728836,segmented,11.558934836103152
h200,K0,mixed,256,16,16,down_finalize,bf16,eager,hot,indexed,35.26400029659271,aligned,69.53266854762275
h200,K0,mixed,256,16,16,down_finalize,bf16,eager,cold,aligned,24.52800003811717,indexed,39.497715729010416
h200,K0,mixed,256,16,16,down_finalize,bf16,cuda_graph,hot,aligned,17.455999739468098,indexed,88.54263006971527
h200,K0,mixed,256,16,16,down_finalize,bf16,cuda_graph,cold,aligned,21.99999988079071,indexed,56.90908852305785
h200,K0,mixed,256,16,16,down_finalize,fp32,eager,hot,indexed,35.40800046175718,aligned,69.74694607711275
h200,K0,mixed,256,16,16,down_finalize,fp32,eager,cold,aligned,25.62400046736002,indexed,33.31251450875443
h200,K0,mixed,256,16,16,down_finalize,fp32,cuda_graph,hot,aligned,21.82399993762374,indexed,48.68035785677429
h200,K0,mixed,256,16,16,down_finalize,fp32,cuda_graph,cold,aligned,24.82400042936206,indexed,36.738635882949524
h200,K0,mixed,2048,8,16,gate_a,bf16,eager,hot,aligned,43.51200070232153,segmented,19.157931326091205
h200,K0,mixed,2048,8,16,gate_a,bf16,eager,cold,aligned,31.47199936211109,segmented,67.0564340891294
h200,K0,mixed,2048,8,16,gate_a,bf16,cuda_graph,hot,aligned,28.479999862611294,segmented,79.04494766166582
h200,K0,mixed,2048,8,16,gate_a,bf16,cuda_graph,cold,aligned,30.719999689608812,segmented,68.72395936638354
h200,K0,mixed,2048,8,16,gate_consumer,bf16,eager,hot,aligned,183.1039935350418,segmented,24.624262516437923
h200,K0,mixed,2048,8,16,gate_consumer,bf16,eager,cold,aligned,185.2159947156906,segmented,24.395304045533116
h200,K0,mixed,2048,8,16,gate_consumer,bf16,cuda_graph,hot,aligned,182.0800006389618,segmented,24.797889498658755
h200,K0,mixed,2048,8,16,gate_consumer,bf16,cuda_graph,cold,aligned,183.98400023579597,segmented,24.123836259334254
h200,K0,mixed,2048,8,16,gate_consumer,fp32,eager,hot,segmented,216.0080000758171,,
h200,K0,mixed,2048,8,16,gate_consumer,fp32,eager,cold,segmented,217.53600239753723,,
h200,K0,mixed,2048,8,16,gate_consumer,fp32,cuda_graph,hot,segmented,214.48799967765808,,
h200,K0,mixed,2048,8,16,gate_consumer,fp32,cuda_graph,cold,segmented,215.5120000243187,,
h200,K0,mixed,2048,8,16,down_a,bf16,eager,hot,aligned,39.29600026458502,segmented,2.7687293753561937
h200,K0,mixed,2048,8,16,down_a,bf16,eager,cold,aligned,15.512000070884824,segmented,67.35430707344806
h200,K0,mixed,2048,8,16,down_a,bf16,cuda_graph,hot,aligned,14.335999730974436,segmented,69.02902181406843
h200,K0,mixed,2048,8,16,down_a,bf16,cuda_graph,cold,aligned,15.048000030219555,segmented,68.89951996163803
h200,K0,mixed,2048,8,16,down_finalize,bf16,eager,hot,aligned,119.23999898135662,indexed,180.79838870258533
h200,K0,mixed,2048,8,16,down_finalize,bf16,eager,cold,aligned,120.24799920618534,indexed,179.4158765344211
h200,K0,mixed,2048,8,16,down_finalize,bf16,cuda_graph,hot,aligned,116.60799942910671,indexed,187.349071200445
h200,K0,mixed,2048,8,16,down_finalize,bf16,cuda_graph,cold,aligned,116.69600196182728,indexed,188.08527229445153
h200,K0,mixed,2048,8,16,down_finalize,fp32,eager,hot,aligned,140.74400439858437,indexed,126.59579905401918
h200,K0,mixed,2048,8,16,down_finalize,fp32,eager,cold,aligned,141.35199785232544,indexed,127.01908143941392
h200,K0,mixed,2048,8,16,down_finalize,fp32,cuda_graph,hot,aligned,138.44799622893333,indexed,130.60788549758345
h200,K0,mixed,2048,8,16,down_finalize,fp32,cuda_graph,cold,aligned,138.07199522852898,indexed,132.32516676348718
h200,K0,mixed,2048,16,16,gate_a,bf16,eager,hot,aligned,42.51199960708618,segmented,18.70530694387389
h200,K0,mixed,2048,16,16,gate_a,bf16,eager,cold,aligned,32.08800032734871,segmented,59.03764844186903
h200,K0,mixed,2048,16,16,gate_a,bf16,cuda_graph,hot,aligned,30.232000164687634,segmented,64.72611455039643
h200,K0,mixed,2048,16,16,gate_a,bf16,cuda_graph,cold,aligned,31.071999575942755,segmented,62.25540961461387
h200,K0,mixed,2048,16,16,gate_consumer,bf16,eager,hot,aligned,153.03999558091164,indexed,37.60585974744117
h200,K0,mixed,2048,16,16,gate_consumer,bf16,eager,cold,aligned,156.36000037193298,indexed,35.011512757570614
h200,K0,mixed,2048,16,16,gate_consumer,bf16,cuda_graph,hot,aligned,151.58399939537048,indexed,38.7745425715867
h200,K0,mixed,2048,16,16,gate_consumer,bf16,cuda_graph,cold,aligned,154.11199629306793,indexed,36.705776027551366
h200,K0,mixed,2048,16,16,gate_consumer,fp32,eager,hot,segmented,209.76800099015236,,
h200,K0,mixed,2048,16,16,gate_consumer,fp32,eager,cold,segmented,210.6880024075508,,
h200,K0,mixed,2048,16,16,gate_consumer,fp32,cuda_graph,hot,segmented,208.5840031504631,,
h200,K0,mixed,2048,16,16,gate_consumer,fp32,cuda_graph,cold,segmented,209.06399935483932,,
h200,K0,mixed,2048,16,16,down_a,bf16,eager,hot,aligned,38.80800027400255,segmented,4.576377221925343
h200,K0,mixed,2048,16,16,down_a,bf16,eager,cold,aligned,15.959999989718199,segmented,33.784458752928145
h200,K0,mixed,2048,16,16,down_a,bf16,cuda_graph,hot,aligned,14.504000078886747,segmented,37.39658548661813
h200,K0,mixed,2048,16,16,down_a,bf16,cuda_graph,cold,aligned,14.992000069469213,segmented,36.65955118911821
h200,K0,mixed,2048,16,16,down_finalize,bf16,eager,hot,aligned,108.57599973678589,indexed,105.34188157353714
h200,K0,mixed,2048,16,16,down_finalize,bf16,eager,cold,aligned,108.17600041627884,indexed,106.68540079207185
h200,K0,mixed,2048,16,16,down_finalize,bf16,cuda_graph,hot,aligned,106.08799941837788,indexed,110.3612077493188
h200,K0,mixed,2048,16,16,down_finalize,bf16,cuda_graph,cold,aligned,105.79199902713299,indexed,111.35057849453682
h200,K0,mixed,2048,16,16,down_finalize,fp32,eager,hot,aligned,137.32799887657166,indexed,59.810091248562536
h200,K0,mixed,2048,16,16,down_finalize,fp32,eager,cold,aligned,137.87999749183655,indexed,59.825936969427104
h200,K0,mixed,2048,16,16,down_finalize,fp32,cuda_graph,hot,aligned,135.23199781775475,indexed,62.4763412575549
h200,K0,mixed,2048,16,16,down_finalize,fp32,cuda_graph,cold,aligned,135.1199969649315,indexed,63.04322257689188
h200,O0,mixed,1,8,16,gate_a,bf16,eager,hot,indexed,34.80799961835146,aligned,439.4621965251725
h200,O0,mixed,1,8,16,gate_a,bf16,eager,cold,indexed,10.13600011356175,aligned,1248.6187659888737
h200,O0,mixed,1,8,16,gate_a,bf16,cuda_graph,hot,indexed,11.127999750897288,aligned,113.73112893258717
h200,O0,mixed,1,8,16,gate_a,bf16,cuda_graph,cold,indexed,9.26399976015091,aligned,194.99136636606445
h200,O0,mixed,1,8,16,gate_consumer,bf16,eager,hot,indexed,51.79999954998493,aligned,342.9343666051742
h200,O0,mixed,1,8,16,gate_consumer,bf16,eager,cold,indexed,9.18399984948337,aligned,1827.0035458758894
h200,O0,mixed,1,8,16,gate_consumer,bf16,cuda_graph,hot,indexed,10.624000104144216,aligned,148.79517923105095
h200,O0,mixed,1,8,16,gate_consumer,bf16,cuda_graph,cold,indexed,8.160000201314688,aligned,290.1960725009497
h200,O0,mixed,1,8,16,gate_consumer,fp32,eager,hot,segmented,238.8559952378273,,
h200,O0,mixed,1,8,16,gate_consumer,fp32,eager,cold,segmented,186.93600222468376,,
h200,O0,mixed,1,8,16,gate_consumer,fp32,cuda_graph,hot,segmented,35.40800139307976,,
h200,O0,mixed,1,8,16,gate_consumer,fp32,cuda_graph,cold,segmented,41.16799961775541,,
h200,O0,mixed,1,8,16,down_a,bf16,eager,hot,indexed,33.719999715685844,aligned,453.71292517209724
h200,O0,mixed,1,8,16,down_a,bf16,eager,cold,indexed,8.168000029399991,aligned,1519.3927629748425
h200,O0,mixed,1,8,16,down_a,bf16,cuda_graph,hot,indexed,10.79199998639524,aligned,135.8042960058477
h200,O0,mixed,1,8,16,down_a,bf16,cuda_graph,cold,indexed,7.560000056400895,aligned,290.68782760480127
h200,O0,mixed,1,8,16,down_finalize,bf16,eager,hot,indexed,30.6880003772676,one_shot_bf16,89.31177772370083
h200,O0,mixed,1,8,16,down_finalize,bf16,eager,cold,indexed,8.032000157982111,one_shot_bf16,48.00796459350964
h200,O0,mixed,1,8,16,down_finalize,bf16,cuda_graph,hot,indexed,10.39199996739626,one_shot_fp32,6.081600509036966
h200,O0,mixed,1,8,16,down_finalize,bf16,cuda_graph,cold,indexed,7.991999853402376,one_shot_bf16,30.030032007222186
h200,O0,mixed,1,8,16,down_finalize,fp32,eager,hot,indexed,30.704000499099493,one_shot_bf16,86.50338776012421
h200,O0,mixed,1,8,16,down_finalize,fp32,eager,cold,indexed,9.215999860316515,one_shot_fp32,22.829863501517256
h200,O0,mixed,1,8,16,down_finalize,fp32,cuda_graph,hot,indexed,10.68799989297986,one_shot_bf16,0.4491008637258931
h200,O0,mixed,1,8,16,down_finalize,fp32,cuda_graph,cold,indexed,9.208000265061855,one_shot_bf16,12.771501307523048
h200,O0,mixed,1,16,16,gate_a,bf16,eager,hot,indexed,33.568000420928,aligned,454.7664333014847
h200,O0,mixed,1,16,16,gate_a,bf16,eager,cold,indexed,10.200000135228038,aligned,1199.7646881152536
h200,O0,mixed,1,16,16,gate_a,bf16,cuda_graph,hot,indexed,10.744000086560845,aligned,136.93224045380825
h200,O0,mixed,1,16,16,gate_a,bf16,cuda_graph,cold,indexed,9.535999968647957,aligned,210.7382587041451
h200,O0,mixed,1,16,16,gate_consumer,bf16,eager,hot,indexed,51.85599997639656,aligned,339.7253977715069
h200,O0,mixed,1,16,16,gate_consumer,bf16,eager,cold,indexed,8.799999952316284,aligned,1908.6363659454278
h200,O0,mixed,1,16,16,gate_consumer,bf16,cuda_graph,hot,indexed,10.407999623566866,aligned,157.18678740633143
h200,O0,mixed,1,16,16,gate_consumer,bf16,cuda_graph,cold,indexed,7.7680000104010105,aligned,307.62101933183715
h200,O0,mixed,1,16,16,gate_consumer,fp32,eager,hot,segmented,237.83999681472778,,
h200,O0,mixed,1,16,16,gate_consumer,fp32,eager,cold,segmented,186.17600202560425,,
h200,O0,mixed,1,16,16,gate_consumer,fp32,cuda_graph,hot,segmented,35.54400056600571,,
h200,O0,mixed,1,16,16,gate_consumer,fp32,cuda_graph,cold,segmented,40.816000662744045,,
h200,O0,mixed,1,16,16,down_a,bf16,eager,hot,indexed,34.20799970626831,aligned,441.4172177064548
h200,O0,mixed,1,16,16,down_a,bf16,eager,cold,indexed,7.744000060483813,aligned,1596.5908981920059
h200,O0,mixed,1,16,16,down_a,bf16,cuda_graph,hot,indexed,10.487999999895692,aligned,143.85965009647887
h200,O0,mixed,1,16,16,down_a,bf16,cuda_graph,cold,indexed,7.207999937236309,aligned,312.6526142217145
h200,O0,mixed,1,16,16,down_finalize,bf16,eager,hot,indexed,31.41599940136075,one_shot_fp32,84.33919221787127
h200,O0,mixed,1,16,16,down_finalize,bf16,eager,cold,indexed,7.071999949403107,one_shot_bf16,74.3212687913747
h200,O0,mixed,1,16,16,down_finalize,bf16,cuda_graph,hot,indexed,10.375999845564365,one_shot_fp32,9.560523177824187
h200,O0,mixed,1,16,16,down_finalize,bf16,cuda_graph,cold,indexed,6.904000067152083,one_shot_fp32,55.388178742505104
h200,O0,mixed,1,16,16,down_finalize,fp32,eager,hot,indexed,31.08000010251999,one_shot_fp32,86.10038218985221
h200,O0,mixed,1,16,16,down_finalize,fp32,eager,cold,indexed,7.015999988652766,one_shot_fp32,65.67844671031389
h200,O0,mixed,1,16,16,down_finalize,fp32,cuda_graph,hot,indexed,10.25600009597838,one_shot_fp32,11.934477334824688
h200,O0,mixed,1,16,16,down_finalize,fp32,cuda_graph,cold,indexed,7.183999987319112,one_shot_fp32,48.66370151137358
h200,O0,mixed,32,8,16,gate_a,bf16,eager,hot,indexed,35.048000514507294,aligned,433.98766130470614
h200,O0,mixed,32,8,16,gate_a,bf16,eager,cold,indexed,19.11199977621436,aligned,599.2884168190952
h200,O0,mixed,32,8,16,gate_a,bf16,cuda_graph,hot,indexed,14.039999805390835,aligned,131.5099730785419
h200,O0,mixed,32,8,16,gate_a,bf16,cuda_graph,cold,indexed,18.46399949863553,aligned,104.02946831007647
h200,O0,mixed,32,8,16,gate_consumer,bf16,eager,hot,indexed,53.3440001308918,aligned,332.1685632400919
h200,O0,mixed,32,8,16,gate_consumer,bf16,eager,cold,indexed,17.287999857217073,aligned,936.6034501655282
h200,O0,mixed,32,8,16,gate_consumer,bf16,cuda_graph,hot,indexed,15.335999894887209,aligned,173.86541289530163
h200,O0,mixed,32,8,16,gate_consumer,bf16,cuda_graph,cold,indexed,16.31199987605214,aligned,202.5993132181092
h200,O0,mixed,32,8,16,gate_consumer,fp32,eager,hot,segmented,238.73599991202354,,
h200,O0,mixed,32,8,16,gate_consumer,fp32,eager,cold,segmented,187.80000135302544,,
h200,O0,mixed,32,8,16,gate_consumer,fp32,cuda_graph,hot,segmented,64.62400034070015,,
h200,O0,mixed,32,8,16,gate_consumer,fp32,cuda_graph,cold,segmented,71.62400148808956,,
h200,O0,mixed,32,8,16,down_a,bf16,eager,hot,indexed,34.152000211179256,aligned,445.045669084173
h200,O0,mixed,32,8,16,down_a,bf16,eager,cold,indexed,10.736000025644898,aligned,1138.9716944430052
h200,O0,mixed,32,8,16,down_a,bf16,cuda_graph,hot,indexed,10.89600007981062,aligned,204.55212111364506
h200,O0,mixed,32,8,16,down_a,bf16,cuda_graph,cold,indexed,10.42399974539876,aligned,258.3269500717187
h200,O0,mixed,32,8,16,down_finalize,bf16,eager,hot,indexed,31.864000484347343,one_shot_bf16,100.0502079429562
h200,O0,mixed,32,8,16,down_finalize,bf16,eager,cold,indexed,13.167999684810638,one_shot_bf16,272.9040149283204
h200,O0,mixed,32,8,16,down_finalize,bf16,cuda_graph,hot,indexed,12.04799977131188,aligned,194.28951335437787
h200,O0,mixed,32,8,16,down_finalize,bf16,cuda_graph,cold,indexed,12.936000246554613,aligned,215.21334763194716
h200,O0,mixed,32,8,16,down_finalize,fp32,eager,hot,indexed,32.072000205516815,one_shot_bf16,98.85258457693587
h200,O0,mixed,32,8,16,down_finalize,fp32,eager,cold,indexed,12.032000347971916,one_shot_fp32,301.6622234304096
h200,O0,mixed,32,8,16,down_finalize,fp32,cuda_graph,hot,indexed,12.271999847143888,aligned,194.85006765028
h200,O0,mixed,32,8,16,down_finalize,fp32,cuda_graph,cold,indexed,12.04799977131188,aligned,242.03187835758152
h200,O0,mixed,32,16,16,gate_a,bf16,eager,hot,indexed,35.02400033175945,aligned,436.88899440190687
h200,O0,mixed,32,16,16,gate_a,bf16,eager,cold,indexed,20.639999769628048,aligned,553.3333339349629
h200,O0,mixed,32,16,16,gate_a,bf16,cuda_graph,hot,indexed,14.239999931305647,aligned,129.43819763966627
h200,O0,mixed,32,16,16,gate_a,bf16,cuda_graph,cold,indexed,20.016000606119633,aligned,95.40367011621105
h200,O0,mixed,32,16,16,gate_consumer,bf16,eager,hot,indexed,52.520000375807285,aligned,338.50723745982225
h200,O0,mixed,32,16,16,gate_consumer,bf16,eager,cold,indexed,16.57600002363324,aligned,977.3648751433033
h200,O0,mixed,32,16,16,gate_consumer,bf16,cuda_graph,hot,indexed,13.944000005722046,aligned,185.94377493946138
h200,O0,mixed,32,16,16,gate_consumer,bf16,cuda_graph,cold,indexed,15.335999894887209,aligned,207.72039760113992
h200,O0,mixed,32,16,16,gate_consumer,fp32,eager,hot,segmented,238.0239963531494,,
h200,O0,mixed,32,16,16,gate_consumer,fp32,eager,cold,segmented,187.99199908971786,,
h200,O0,mixed,32,16,16,gate_consumer,fp32,cuda_graph,hot,segmented,64.30399790406227,,
h200,O0,mixed,32,16,16,gate_consumer,fp32,cuda_graph,cold,segmented,71.06399908661842,,
h200,O0,mixed,32,16,16,down_a,bf16,eager,hot,indexed,33.719999715685844,aligned,454.5670242094709
h200,O0,mixed,32,16,16,down_a,bf16,eager,cold,indexed,10.80799987539649,aligned,1144.929679673027
h200,O0,mixed,32,16,16,down_a,bf16,cuda_graph,hot,indexed,10.928000090643764,aligned,177.0863776326795
h200,O0,mixed,32,16,16,down_a,bf16,cuda_graph,cold,indexed,10.376000078395009,aligned,246.2605965037571
h200,O0,mixed,32,16,16,down_finalize,bf16,eager,hot,indexed,31.808000057935715,one_shot_fp32,99.52213501483594
h200,O0,mixed,32,16,16,down_finalize,bf16,eager,cold,indexed,10.65600011497736,one_shot_fp32,447.89788628408155
h200,O0,mixed,32,16,16,down_finalize,bf16,cuda_graph,hot,indexed,10.920000029727817,aligned,210.6227211194429
h200,O0,mixed,32,16,16,down_finalize,bf16,cuda_graph,cold,indexed,10.424000211060047,aligned,273.44588898910314
h200,O0,mixed,32,16,16,down_finalize,fp32,eager,hot,indexed,31.407999340444803,one_shot_bf16,104.55935013206066
h200,O0,mixed,32,16,16,down_finalize,fp32,eager,cold,indexed,10.423999978229403,one_shot_fp32,445.5871076865629
h200,O0,mixed,32,16,16,down_finalize,fp32,cuda_graph,hot,indexed,10.93600015155971,aligned,216.0204661880027
h200,O0,mixed,32,16,16,down_finalize,fp32,cuda_graph,cold,indexed,10.375999845564365,aligned,285.0424170944728
h200,O0,mixed,256,8,16,gate_a,bf16,eager,hot,indexed,38.6880012229085,aligned,385.60792519665847
h200,O0,mixed,256,8,16,gate_a,bf16,eager,cold,indexed,37.04799897968769,aligned,265.38545790337884
h200,O0,mixed,256,8,16,gate_a,bf16,cuda_graph,hot,indexed,34.3760009855032,aligned,5.329296590849064
h200,O0,mixed,256,8,16,gate_a,bf16,cuda_graph,cold,indexed,37.47200034558773,aligned,17.05807051696504
h200,O0,mixed,256,8,16,gate_consumer,bf16,eager,hot,indexed,69.46399994194508,aligned,235.78256798068904
h200,O0,mixed,256,8,16,gate_consumer,bf16,eager,cold,indexed,70.36799937486649,aligned,161.91450742448117
h200,O0,mixed,256,8,16,gate_consumer,bf16,cuda_graph,hot,aligned,58.67999978363514,indexed,16.741650196318925
h200,O0,mixed,256,8,16,gate_consumer,bf16,cuda_graph,cold,aligned,67.008001729846,indexed,3.70104812981209
h200,O0,mixed,256,8,16,gate_consumer,fp32,eager,hot,segmented,242.79200285673141,,
h200,O0,mixed,256,8,16,gate_consumer,fp32,eager,cold,segmented,194.7680041193962,,
h200,O0,mixed,256,8,16,gate_consumer,fp32,cuda_graph,hot,segmented,83.08000303804874,,
h200,O0,mixed,256,8,16,gate_consumer,fp32,cuda_graph,cold,segmented,90.15200100839138,,
h200,O0,mixed,256,8,16,down_a,bf16,eager,hot,indexed,36.807999946177006,aligned,410.54119866387293
h200,O0,mixed,256,8,16,down_a,bf16,eager,cold,indexed,17.231999896466732,aligned,681.9406001896261
h200,O0,mixed,256,8,16,down_a,bf16,cuda_graph,hot,indexed,15.007999958470464,aligned,130.6503143888547
h200,O0,mixed,256,8,16,down_a,bf16,cuda_graph,cold,indexed,16.5839996188879,aligned,143.84950267126277
h200,O0,mixed,256,8,16,down_finalize,bf16,eager,hot,indexed,47.360001131892204,aligned,350.3716106771254
h200,O0,mixed,256,8,16,down_finalize,bf16,eager,cold,indexed,48.92000090330839,aligned,233.9820011445063
h200,O0,mixed,256,8,16,down_finalize,bf16,cuda_graph,hot,aligned,44.15999911725521,indexed,6.630439005139954
h200,O0,mixed,256,8,16,down_finalize,bf16,cuda_graph,cold,indexed,48.631999641656876,aligned,6.037177220851597
h200,O0,mixed,256,8,16,down_finalize,fp32,eager,hot,indexed,45.080000534653664,aligned,374.3921870383286
h200,O0,mixed,256,8,16,down_finalize,fp32,eager,cold,indexed,47.328000888228416,aligned,242.5625388961175
h200,O0,mixed,256,8,16,down_finalize,fp32,cuda_graph,hot,indexed,44.8479987680912,aligned,5.815200909260598
h200,O0,mixed,256,8,16,down_finalize,fp32,cuda_graph,cold,indexed,47.319999895989895,aligned,14.539309340860385
h200,O0,mixed,256,16,16,gate_a,bf16,eager,hot,indexed,38.18400111049414,aligned,391.91281343873266
h200,O0,mixed,256,16,16,gate_a,bf16,eager,cold,indexed,40.111999958753586,aligned,239.80853278338122
h200,O0,mixed,256,16,16,gate_a,bf16,cuda_graph,hot,aligned,36.255999468266964,indexed,3.464252365611009
h200,O0,mixed,256,16,16,gate_a,bf16,cuda_graph,cold,indexed,39.37599994242191,aligned,16.2941904591565
h200,O0,mixed,256,16,16,gate_consumer,bf16,eager,hot,indexed,56.976000778377056,aligned,304.66160810879614
h200,O0,mixed,256,16,16,gate_consumer,bf16,eager,cold,indexed,34.71199981868267,aligned,417.7460254993289
h200,O0,mixed,256,16,16,gate_consumer,bf16,cuda_graph,hot,indexed,33.135998994112015,aligned,59.07774216551842
h200,O0,mixed,256,16,16,gate_consumer,bf16,cuda_graph,cold,indexed,33.88799913227558,aligned,80.9490168483975
h200,O0,mixed,256,16,16,gate_consumer,fp32,eager,hot,segmented,241.64799973368645,,
h200,O0,mixed,256,16,16,gate_consumer,fp32,eager,cold,segmented,193.05600225925446,,
h200,O0,mixed,256,16,16,gate_consumer,fp32,cuda_graph,hot,segmented,82.43199810385704,,
h200,O0,mixed,256,16,16,gate_consumer,fp32,cuda_graph,cold,segmented,89.22399766743183,,
h200,O0,mixed,256,16,16,down_a,bf16,eager,hot,indexed,36.96000017225742,aligned,407.22944688762635
h200,O0,mixed,256,16,16,down_a,bf16,eager,cold,indexed,17.29599991813302,aligned,682.1461756987753
h200,O0,mixed,256,16,16,down_a,bf16,cuda_graph,hot,indexed,15.375999733805656,aligned,111.18626488156708
h200,O0,mixed,256,16,16,down_a,bf16,cuda_graph,cold,indexed,16.824000515043736,aligned,130.76556274351105
h200,O0,mixed,256,16,16,down_finalize,bf16,eager,hot,indexed,36.024000495672226,aligned,492.0275231359614
h200,O0,mixed,256,16,16,down_finalize,bf16,eager,cold,indexed,34.18399952352047,aligned,377.15891032205883
h200,O0,mixed,256,16,16,down_finalize,bf16,cuda_graph,hot,indexed,33.056000247597694,aligned,26.161661211694167
h200,O0,mixed,256,16,16,down_finalize,bf16,cuda_graph,cold,indexed,34.591998904943466,aligned,44.588348516684604
h200,O0,mixed,256,16,16,down_finalize,fp32,eager,hot,indexed,35.936000756919384,aligned,495.19144087204506
h200,O0,mixed,256,16,16,down_finalize,fp32,eager,cold,indexed,33.91200117766857,aligned,377.23517822089383
h200,O0,mixed,256,16,16,down_finalize,fp32,cuda_graph,hot,indexed,32.5119998306036,aligned,41.85531878519924
h200,O0,mixed,256,16,16,down_finalize,fp32,cuda_graph,cold,indexed,34.040000289678574,aligned,55.32314594853342
h200,O0,mixed,2048,8,16,gate_a,bf16,eager,hot,aligned,195.24000585079193,indexed,7.920502337942059
h200,O0,mixed,2048,8,16,gate_a,bf16,eager,cold,aligned,142.14400202035904,segmented,38.636874094026986
h200,O0,mixed,2048,8,16,gate_a,bf16,cuda_graph,hot,aligned,60.06400100886822,segmented,156.4597741499379
h200,O0,mixed,2048,8,16,gate_a,bf16,cuda_graph,cold,aligned,66.66400097310543,segmented,142.01367852769224
h200,O0,mixed,2048,8,16,gate_consumer,bf16,eager,hot,aligned,236.2160012125969,segmented,49.15162339582471
h200,O0,mixed,2048,8,16,gate_consumer,bf16,eager,cold,aligned,234.8560020327568,segmented,50.819220921723506
h200,O0,mixed,2048,8,16,gate_consumer,bf16,cuda_graph,hot,aligned,217.04799681901932,segmented,55.84755830669481
h200,O0,mixed,2048,8,16,gate_consumer,bf16,cuda_graph,cold,aligned,218.89600157737732,segmented,54.36005797739965
h200,O0,mixed,2048,8,16,gate_consumer,fp32,eager,hot,segmented,340.09600430727005,,
h200,O0,mixed,2048,8,16,gate_consumer,fp32,eager,cold,segmented,341.14399552345276,,
h200,O0,mixed,2048,8,16,gate_consumer,fp32,cuda_graph,hot,segmented,325.48000663518906,,
h200,O0,mixed,2048,8,16,gate_consumer,fp32,cuda_graph,cold,segmented,324.6160000562668,,
h200,O0,mixed,2048,8,16,down_a,bf16,eager,hot,indexed,71.19999825954437,aligned,164.5842711961175
h200,O0,mixed,2048,8,16,down_a,bf16,eager,cold,indexed,73.47199879586697,aligned,85.73607048947851
h200,O0,mixed,2048,8,16,down_a,bf16,cuda_graph,hot,aligned,44.648000970482826,indexed,57.51656858451779
h200,O0,mixed,2048,8,16,down_a,bf16,cuda_graph,cold,aligned,50.84000062197447,indexed,42.470494303480535
h200,O0,mixed,2048,8,16,down_finalize,bf16,eager,hot,aligned,221.67200222611427,indexed,50.976217394866374
h200,O0,mixed,2048,8,16,down_finalize,bf16,eager,cold,aligned,170.3920029103756,indexed,97.08436440427374
h200,O0,mixed,2048,8,16,down_finalize,bf16,cuda_graph,hot,aligned,153.02399918437004,indexed,118.78920907376371
h200,O0,mixed,2048,8,16,down_finalize,bf16,cuda_graph,cold,aligned,152.6240035891533,indexed,119.8238727387127
h200,O0,mixed,2048,8,16,down_finalize,fp32,eager,hot,aligned,221.29600122570992,indexed,44.11105383633305
h200,O0,mixed,2048,8,16,down_finalize,fp32,eager,cold,aligned,189.80799987912178,indexed,68.95810710786638
h200,O0,mixed,2048,8,16,down_finalize,fp32,cuda_graph,hot,aligned,174.55200105905533,indexed,82.76731409926074
h200,O0,mixed,2048,8,16,down_finalize,fp32,cuda_graph,cold,aligned,174.71200227737427,indexed,83.51572284345457
h200,O0,mixed,2048,16,16,gate_a,bf16,eager,hot,aligned,195.0960010290146,indexed,12.43285270056813
h200,O0,mixed,2048,16,16,gate_a,bf16,eager,cold,aligned,143.69600266218185,segmented,39.5445899061994
h200,O0,mixed,2048,16,16,gate_a,bf16,cuda_graph,hot,aligned,62.31999956071377,segmented,146.67522770104844
h200,O0,mixed,2048,16,16,gate_a,bf16,cuda_graph,cold,aligned,67.52000004053116,segmented,136.13743452189883
h200,O0,mixed,2048,16,16,gate_consumer,bf16,eager,hot,indexed,210.7440009713173,aligned,12.986372809524394
h200,O0,mixed,2048,16,16,gate_consumer,bf16,eager,cold,aligned,202.504001557827,indexed,4.3297908392929685
h200,O0,mixed,2048,16,16,gate_consumer,bf16,cuda_graph,hot,aligned,186.73599883913994,indexed,12.740983258716533
h200,O0,mixed,2048,16,16,gate_consumer,bf16,cuda_graph,cold,aligned,189.40800055861473,indexed,11.361716446853332
h200,O0,mixed,2048,16,16,gate_consumer,fp32,eager,hot,segmented,334.4479948282242,,
h200,O0,mixed,2048,16,16,gate_consumer,fp32,eager,cold,segmented,335.07200330495834,,
h200,O0,mixed,2048,16,16,gate_consumer,fp32,cuda_graph,hot,segmented,319.93599981069565,,
h200,O0,mixed,2048,16,16,gate_consumer,fp32,cuda_graph,cold,segmented,317.9920017719269,,
h200,O0,mixed,2048,16,16,down_a,bf16,eager,hot,indexed,70.01600041985512,aligned,169.58409243163675
h200,O0,mixed,2048,16,16,down_a,bf16,eager,cold,indexed,72.35199958086014,aligned,89.45157210114263
h200,O0,mixed,2048,16,16,down_a,bf16,cuda_graph,hot,aligned,44.56000030040741,indexed,55.7271071047706
h200,O0,mixed,2048,16,16,down_a,bf16,cuda_graph,cold,aligned,51.46400071680546,indexed,39.25073992404864
h200,O0,mixed,2048,16,16,down_finalize,bf16,eager,hot,aligned,220.09599953889847,indexed,1.3739462238393507
h200,O0,mixed,2048,16,16,down_finalize,bf16,eager,cold,aligned,168.7600016593933,indexed,32.510071263504734
h200,O0,mixed,2048,16,16,down_finalize,bf16,cuda_graph,hot,aligned,142.2719992697239,indexed,56.910703922816694
h200,O0,mixed,2048,16,16,down_finalize,bf16,cuda_graph,cold,aligned,142.2640010714531,indexed,57.19507041637604
h200,O0,mixed,2048,16,16,down_finalize,fp32,eager,hot,indexed,219.60800141096115,aligned,0.46264180565909196
h200,O0,mixed,2048,16,16,down_finalize,fp32,eager,cold,aligned,184.2079982161522,indexed,19.673413005244832
h200,O0,mixed,2048,16,16,down_finalize,fp32,cuda_graph,hot,aligned,170.80799862742424,indexed,28.60755932874024
h200,O0,mixed,2048,16,16,down_finalize,fp32,cuda_graph,cold,aligned,171.22400179505348,indexed,28.608135750739727
h200,K0,multi,1,8,16,gate_a,bf16,eager,hot,indexed,34.43999961018562,aligned,8.01393890285873
h200,K0,multi,1,8,16,gate_a,bf16,eager,cold,aligned,11.103999800980091,indexed,58.28530711964417
h200,K0,multi,1,8,16,gate_a,bf16,cuda_graph,hot,aligned,10.856000008061528,indexed,13.706707382003213
h200,K0,multi,1,8,16,gate_a,bf16,cuda_graph,cold,aligned,10.215999791398644,indexed,62.2552893705949
h200,K0,multi,1,8,16,gate_consumer,bf16,eager,hot,segmented,43.23200136423111,indexed,14.211692940681964
h200,K0,multi,1,8,16,gate_consumer,bf16,eager,cold,indexed,13.240000000223517,segmented,15.166162560772701
h200,K0,multi,1,8,16,gate_consumer,bf16,cuda_graph,hot,indexed,12.655999977141619,segmented,10.493047587927151
h200,K0,multi,1,8,16,gate_consumer,bf16,cuda_graph,cold,indexed,12.631999794393778,segmented,15.959468150805979
h200,K0,multi,1,8,16,gate_consumer,fp32,eager,hot,segmented,42.69600007683039,bmm,349.07251540267185
h200,K0,multi,1,8,16,gate_consumer,fp32,eager,cold,segmented,11.288000037893653,bmm,1145.216131624063
h200,K0,multi,1,8,16,gate_consumer,fp32,cuda_graph,hot,segmented,10.903999907895923,bmm,283.12547511256275
h200,K0,multi,1,8,16,gate_consumer,fp32,cuda_graph,cold,segmented,10.58399979956448,bmm,347.61905034265413
h200,K0,multi,1,8,16,down_a,bf16,eager,hot,indexed,32.407999970018864,segmented,7.479637017543483
h200,K0,multi,1,8,16,down_a,bf16,eager,cold,indexed,10.200000135228038,aligned,11.529410379001037
h200,K0,multi,1,8,16,down_a,bf16,cuda_graph,hot,segmented,10.65600011497736,indexed,2.1771784369809977
h200,K0,multi,1,8,16,down_a,bf16,cuda_graph,cold,indexed,9.544000029563904,segmented,13.327746601414226
h200,K0,multi,1,8,16,down_finalize,bf16,eager,hot,indexed,30.1919998601079,segmented,80.2331779782064
h200,K0,multi,1,8,16,down_finalize,bf16,eager,cold,indexed,8.495999732986093,aligned,46.61017234812095
h200,K0,multi,1,8,16,down_finalize,bf16,cuda_graph,hot,indexed,10.29600016772747,segmented,6.5268063686687805
h200,K0,multi,1,8,16,down_finalize,bf16,cuda_graph,cold,indexed,8.311999961733818,aligned,30.991338655197985
h200,K0,multi,1,8,16,down_finalize,fp32,eager,hot,indexed,30.175999738276005,segmented,79.29480646616133
h200,K0,multi,1,8,16,down_finalize,fp32,eager,cold,indexed,9.680000133812428,aligned,27.438013412007003
h200,K0,multi,1,8,16,down_finalize,fp32,cuda_graph,hot,indexed,10.695999953895807,aligned,1.5706817109743643
h200,K0,multi,1,8,16,down_finalize,fp32,cuda_graph,cold,indexed,9.608000051230192,aligned,11.323895679271034
h200,K0,multi,1,16,16,gate_a,bf16,eager,hot,indexed,33.15199911594391,aligned,10.111008080302298
h200,K0,multi,1,16,16,gate_a,bf16,eager,cold,aligned,11.584000196307898,indexed,59.046959713023384
h200,K0,multi,1,16,16,gate_a,bf16,cuda_graph,hot,aligned,11.07200002297759,indexed,17.702312311942258
h200,K0,multi,1,16,16,gate_a,bf16,cuda_graph,cold,aligned,10.80799987539649,indexed,64.17468795674004
h200,K0,multi,1,16,16,gate_consumer,bf16,eager,hot,segmented,42.344000190496445,indexed,17.6459475987212
h200,K0,multi,1,16,16,gate_consumer,bf16,eager,cold,segmented,11.144000105559826,indexed,18.305814021803336
h200,K0,multi,1,16,16,gate_consumer,bf16,cuda_graph,hot,segmented,10.799999814480543,aligned,8.148149968634687
h200,K0,multi,1,16,16,gate_consumer,bf16,cuda_graph,cold,segmented,10.624000104144216,aligned,12.876505326033794
h200,K0,multi,1,16,16,gate_consumer,fp32,eager,hot,segmented,42.623999528586864,bmm,350.75075319818217
h200,K0,multi,1,16,16,gate_consumer,fp32,eager,cold,segmented,11.112000094726682,bmm,1175.449942805421
h200,K0,multi,1,16,16,gate_consumer,fp32,cuda_graph,hot,segmented,10.89600007981062,bmm,279.4419945277961
h200,K0,multi,1,16,16,gate_consumer,fp32,cuda_graph,cold,segmented,10.440000100061297,bmm,356.6283549495992
h200,K0,multi,1,16,16,down_a,bf16,eager,hot,indexed,32.37600065767765,segmented,8.475412089231838
h200,K0,multi,1,16,16,down_a,bf16,eager,cold,aligned,9.056000038981438,indexed,11.74911860643868
h200,K0,multi,1,16,16,down_a,bf16,cuda_graph,hot,aligned,10.663999943062663,indexed,0.3000751219429665
h200,K0,multi,1,16,16,down_a,bf16,cuda_graph,cold,aligned,8.311999961733818,indexed,11.645815177286313
h200,K0,multi,1,16,16,down_finalize,bf16,eager,hot,indexed,30.511999502778053,segmented,77.55637093084337
h200,K0,multi,1,16,16,down_finalize,bf16,eager,cold,indexed,8.816000074148178,aligned,42.10526385289497
h200,K0,multi,1,16,16,down_finalize,bf16,cuda_graph,hot,indexed,10.359999723732471,segmented,6.1776106810835785
h200,K0,multi,1,16,16,down_finalize,bf16,cuda_graph,cold,indexed,8.816000074148178,aligned,19.237747974141016
h200,K0,multi,1,16,16,down_finalize,fp32,eager,hot,indexed,30.80799989402294,segmented,75.22721241863397
h200,K0,multi,1,16,16,down_finalize,fp32,eager,cold,indexed,8.832000195980072,aligned,40.12681044802182
h200,K0,multi,1,16,16,down_finalize,fp32,cuda_graph,hot,indexed,10.383999906480312,aligned,3.7750403933366927
h200,K0,multi,1,16,16,down_finalize,fp32,cuda_graph,cold,indexed,8.79200012423098,aligned,20.382164272556658
h200,K0,multi,32,8,16,gate_a,bf16,eager,hot,indexed,33.743999898433685,aligned,10.146989110061444
h200,K0,multi,32,8,16,gate_a,bf16,eager,cold,aligned,13.040000107139349,indexed,47.48466665597741
h200,K0,multi,32,8,16,gate_a,bf16,cuda_graph,hot,aligned,11.79199991747737,indexed,18.24966166303237
h200,K0,multi,32,8,16,gate_a,bf16,cuda_graph,cold,aligned,12.120000086724758,indexed,51.35313408101938
h200,K0,multi,32,8,16,gate_consumer,bf16,eager,hot,segmented,46.167999505996704,indexed,10.899326626820937
h200,K0,multi,32,8,16,gate_consumer,bf16,eager,cold,indexed,17.280000261962414,segmented,15.78703574203637
h200,K0,multi,32,8,16,gate_consumer,bf16,cuda_graph,hot,indexed,15.416000038385391,segmented,7.887908296382906
h200,K0,multi,32,8,16,gate_consumer,bf16,cuda_graph,cold,indexed,16.648000106215477,segmented,16.48245988650261
h200,K0,multi,32,8,16,gate_consumer,fp32,eager,hot,segmented,44.48799975216389,,
h200,K0,multi,32,8,16,gate_consumer,fp32,eager,cold,segmented,18.584000412374735,,
h200,K0,multi,32,8,16,gate_consumer,fp32,cuda_graph,hot,segmented,15.080000041052699,,
h200,K0,multi,32,8,16,gate_consumer,fp32,cuda_graph,cold,segmented,17.656000331044197,,
h200,K0,multi,32,8,16,down_a,bf16,eager,hot,indexed,32.879999838769436,segmented,5.571778954438011
h200,K0,multi,32,8,16,down_a,bf16,eager,cold,indexed,10.960000101476908,segmented,12.116787000028584
h200,K0,multi,32,8,16,down_a,bf16,cuda_graph,hot,indexed,10.89600007981062,segmented,0.3671057142571321
h200,K0,multi,32,8,16,down_a,bf16,cuda_graph,cold,indexed,10.351999895647168,segmented,10.27820675689739
h200,K0,multi,32,8,16,down_finalize,bf16,eager,hot,indexed,31.62399958819151,segmented,75.63875803904057
h200,K0,multi,32,8,16,down_finalize,bf16,eager,cold,indexed,13.064000057056546,aligned,28.23025025747443
h200,K0,multi,32,8,16,down_finalize,bf16,cuda_graph,hot,indexed,12.192000402137637,aligned,15.748028669105363
h200,K0,multi,32,8,16,down_finalize,bf16,cuda_graph,cold,indexed,13.032000046223402,aligned,16.083484149775273
h200,K0,multi,32,8,16,down_finalize,fp32,eager,hot,indexed,31.54400084167719,segmented,75.47552321422724
h200,K0,multi,32,8,16,down_finalize,fp32,eager,cold,indexed,12.232000008225441,aligned,51.40615090136218
h200,K0,multi,32,8,16,down_finalize,fp32,cuda_graph,hot,indexed,12.455999851226807,aligned,16.570326818262295
h200,K0,multi,32,8,16,down_finalize,fp32,cuda_graph,cold,indexed,11.959999799728394,aligned,32.24080536977556
h200,K0,multi,32,16,16,gate_a,bf16,eager,hot,indexed,33.320000395178795,segmented,9.651861451625532
h200,K0,multi,32,16,16,gate_a,bf16,eager,cold,aligned,14.72000009380281,indexed,42.71738888533263
h200,K0,multi,32,16,16,gate_a,bf16,cuda_graph,hot,aligned,11.855999939143658,indexed,19.838058588328323
h200,K0,multi,32,16,16,gate_a,bf16,cuda_graph,cold,aligned,13.920000055804849,indexed,45.68965665759737
h200,K0,multi,32,16,16,gate_consumer,bf16,eager,hot,segmented,43.839999474585056,indexed,13.923357632057943
h200,K0,multi,32,16,16,gate_consumer,bf16,eager,cold,indexed,16.535999719053507,segmented,9.820998345038179
h200,K0,multi,32,16,16,gate_consumer,bf16,cuda_graph,hot,indexed,14.000000199303031,segmented,3.8857138827747217
h200,K0,multi,32,16,16,gate_consumer,bf16,cuda_graph,cold,indexed,15.568000031635165,segmented,11.510790753614364
h200,K0,multi,32,16,16,gate_consumer,fp32,eager,hot,segmented,43.65599900484085,,
h200,K0,multi,32,16,16,gate_consumer,fp32,eager,cold,segmented,17.736000008881092,,
h200,K0,multi,32,16,16,gate_consumer,fp32,cuda_graph,hot,segmented,14.624000061303377,,
h200,K0,multi,32,16,16,gate_consumer,fp32,cuda_graph,cold,segmented,16.88000001013279,,
h200,K0,multi,32,16,16,down_a,bf16,eager,hot,indexed,32.367998734116554,segmented,7.884333000315302
h200,K0,multi,32,16,16,down_a,bf16,eager,cold,aligned,10.255999863147736,indexed,5.928241485699259
h200,K0,multi,32,16,16,down_a,bf16,cuda_graph,hot,indexed,10.775999864563346,aligned,1.5590211320819725
h200,K0,multi,32,16,16,down_a,bf16,cuda_graph,cold,aligned,9.711999911814928,indexed,6.67215627884461
h200,K0,multi,32,16,16,down_finalize,bf16,eager,hot,indexed,31.560000032186508,segmented,72.04055726848873
h200,K0,multi,32,16,16,down_finalize,bf16,eager,cold,indexed,10.808000108227134,aligned,51.88749109839643
h200,K0,multi,32,16,16,down_finalize,bf16,cuda_graph,hot,indexed,11.104000033810735,aligned,17.29106788977961
h200,K0,multi,32,16,16,down_finalize,bf16,cuda_graph,cold,indexed,10.77600009739399,aligned,32.14550886631875
h200,K0,multi,32,16,16,down_finalize,fp32,eager,hot,indexed,31.0160000808537,segmented,74.5937538420697
h200,K0,multi,32,16,16,down_finalize,fp32,eager,cold,indexed,10.808000108227134,aligned,49.296819364977694
h200,K0,multi,32,16,16,down_finalize,fp32,cuda_graph,hot,indexed,11.032000184059143,aligned,26.250905405587943
h200,K0,multi,32,16,16,down_finalize,fp32,cuda_graph,cold,indexed,10.623999871313572,aligned,41.34036553184226
h200,K0,multi,256,8,16,gate_a,bf16,eager,hot,indexed,37.12799958884716,aligned,1.1204466896834964
h200,K0,multi,256,8,16,gate_a,bf16,eager,cold,aligned,15.840000007301569,segmented,41.81818272684134
h200,K0,multi,256,8,16,gate_a,bf16,cuda_graph,hot,aligned,12.744000181555748,segmented,30.0062716652711
h200,K0,multi,256,8,16,gate_a,bf16,cuda_graph,cold,aligned,15.088000101968646,segmented,42.62990327204672
h200,K0,multi,256,8,16,gate_consumer,bf16,eager,hot,segmented,47.520000487565994,aligned,26.34680178892326
h200,K0,multi,256,8,16,gate_consumer,bf16,eager,cold,segmented,30.839999672025442,aligned,3.1387820888608253
h200,K0,multi,256,8,16,gate_consumer,bf16,cuda_graph,hot,aligned,25.936000049114227,segmented,4.040717641208702
h200,K0,multi,256,8,16,gate_consumer,bf16,cuda_graph,cold,segmented,30.160000082105398,aligned,2.466843750736758
h200,K0,multi,256,8,16,gate_consumer,fp32,eager,hot,segmented,47.29600064456463,,
h200,K0,multi,256,8,16,gate_consumer,fp32,eager,cold,segmented,27.207999490201473,,
h200,K0,multi,256,8,16,gate_consumer,fp32,cuda_graph,hot,segmented,23.54400046169758,,
h200,K0,multi,256,8,16,gate_consumer,fp32,cuda_graph,cold,segmented,26.535999961197376,,
h200,K0,multi,256,8,16,down_a,bf16,eager,hot,segmented,35.096000880002975,indexed,1.3220874065426713
h200,K0,multi,256,8,16,down_a,bf16,eager,cold,aligned,12.639999855309725,segmented,2.594939919562167
h200,K0,multi,256,8,16,down_a,bf16,cuda_graph,hot,aligned,11.664000106975436,segmented,0.8230455385714652
h200,K0,multi,256,8,16,down_a,bf16,cuda_graph,cold,aligned,11.776000028476119,segmented,2.5815216182441425
h200,K0,multi,256,8,16,down_finalize,bf16,eager,hot,indexed,47.32799902558327,aligned,25.608521948066798
h200,K0,multi,256,8,16,down_finalize,bf16,eager,cold,aligned,25.736000388860703,indexed,89.8663304602838
h200,K0,multi,256,8,16,down_finalize,bf16,cuda_graph,hot,aligned,21.007999777793884,indexed,124.6763246166363
h200,K0,multi,256,8,16,down_finalize,bf16,cuda_graph,cold,aligned,23.93599972128868,indexed,103.4759389915227
h200,K0,multi,256,8,16,down_finalize,fp32,eager,hot,indexed,45.128000900149345,aligned,33.39833137078967
h200,K0,multi,256,8,16,down_finalize,fp32,eager,cold,aligned,29.03199987486005,indexed,64.14990630074273
h200,K0,multi,256,8,16,down_finalize,fp32,cuda_graph,hot,aligned,23.672000039368868,indexed,90.53734641090362
h200,K0,multi,256,8,16,down_finalize,fp32,cuda_graph,cold,aligned,26.800000108778477,indexed,78.20894923843701
h200,K0,multi,256,16,16,gate_a,bf16,eager,hot,aligned,37.99199964851141,segmented,3.411245965329024
h200,K0,multi,256,16,16,gate_a,bf16,eager,cold,aligned,17.688000109046698,segmented,37.58480225625633
h200,K0,multi,256,16,16,gate_a,bf16,cuda_graph,hot,aligned,13.392000226303935,segmented,25.507763168470344
h200,K0,multi,256,16,16,gate_a,bf16,cuda_graph,cold,aligned,17.008000053465366,segmented,37.11194778767357
h200,K0,multi,256,16,16,gate_consumer,bf16,eager,hot,segmented,47.43200074881315,indexed,14.94349576572407
h200,K0,multi,256,16,16,gate_consumer,bf16,eager,cold,aligned,24.247999768704176,segmented,8.611021742645208
h200,K0,multi,256,16,16,gate_consumer,bf16,cuda_graph,hot,aligned,19.392000511288643,segmented,15.717818584399335
h200,K0,multi,256,16,16,gate_consumer,bf16,cuda_graph,cold,aligned,23.344000335782766,segmented,10.863603992901849
h200,K0,multi,256,16,16,gate_consumer,fp32,eager,hot,segmented,47.60000016540289,,
h200,K0,multi,256,16,16,gate_consumer,fp32,eager,cold,segmented,25.83200018852949,,
h200,K0,multi,256,16,16,gate_consumer,fp32,cuda_graph,hot,segmented,22.392000071704388,,
h200,K0,multi,256,16,16,gate_consumer,fp32,cuda_graph,cold,segmented,25.136000011116266,,
h200,K0,multi,256,16,16,down_a,bf16,eager,hot,segmented,35.08800081908703,indexed,1.9835806092741493
h200,K0,multi,256,16,16,down_a,bf16,eager,cold,aligned,11.399999959394336,segmented,14.526314121176554
h200,K0,multi,256,16,16,down_a,bf16,cuda_graph,hot,aligned,10.91199996881187,segmented,3.7390058093080825
h200,K0,multi,256,16,16,down_a,bf16,cuda_graph,cold,aligned,10.344000067561865,segmented,13.457075406741215
h200,K0,multi,256,16,16,down_finalize,bf16,eager,hot,indexed,35.07999982684851,aligned,69.80616092186918
h200,K0,multi,256,16,16,down_finalize,bf16,eager,cold,aligned,25.62400046736002,indexed,37.496095107427195
h200,K0,multi,256,16,16,down_finalize,bf16,cuda_graph,hot,aligned,18.327999860048294,indexed,79.44129791651635
h200,K0,multi,256,16,16,down_finalize,bf16,cuda_graph,cold,aligned,22.672000341117382,indexed,51.976002177139
h200,K0,multi,256,16,16,down_finalize,fp32,eager,hot,indexed,34.847999922931194,aligned,69.16896002980404
h200,K0,multi,256,16,16,down_finalize,fp32,eager,cold,aligned,26.752000208944082,indexed,28.289471290803437
h200,K0,multi,256,16,16,down_finalize,fp32,cuda_graph,hot,aligned,22.05600030720234,indexed,46.86253322608091
h200,K0,multi,256,16,16,down_finalize,fp32,cuda_graph,cold,aligned,25.415999814867973,indexed,34.08875897015422
h200,K0,multi,2048,8,16,gate_a,bf16,eager,hot,aligned,42.21600014716387,segmented,22.853893918220503
h200,K0,multi,2048,8,16,gate_a,bf16,eager,cold,aligned,34.88800022751093,segmented,50.95161716790968
h200,K0,multi,2048,8,16,gate_a,bf16,cuda_graph,hot,aligned,30.775999650359154,segmented,65.81751972236565
h200,K0,multi,2048,8,16,gate_a,bf16,cuda_graph,cold,aligned,33.91999937593937,segmented,52.97170157634585
h200,K0,multi,2048,8,16,gate_consumer,bf16,eager,hot,aligned,114.37599919736385,segmented,40.30216066415411
h200,K0,multi,2048,8,16,gate_consumer,bf16,eager,cold,aligned,116.94400012493134,segmented,38.97934105073422
h200,K0,multi,2048,8,16,gate_consumer,bf16,cuda_graph,hot,aligned,113.94400335848331,segmented,40.532184826429194
h200,K0,multi,2048,8,16,gate_consumer,bf16,cuda_graph,cold,aligned,116.32799915969372,segmented,38.86940698670309
h200,K0,multi,2048,8,16,gate_consumer,fp32,eager,hot,segmented,144.23999935388565,,
h200,K0,multi,2048,8,16,gate_consumer,fp32,eager,cold,segmented,145.991999655962,,
h200,K0,multi,2048,8,16,gate_consumer,fp32,cuda_graph,hot,segmented,143.97599920630455,,
h200,K0,multi,2048,8,16,gate_consumer,fp32,cuda_graph,cold,segmented,145.6720009446144,,
h200,K0,multi,2048,8,16,down_a,bf16,eager,hot,aligned,38.39999996125698,segmented,2.5833336041606536
h200,K0,multi,2048,8,16,down_a,bf16,eager,cold,aligned,16.480000223964453,segmented,58.54369068381595
h200,K0,multi,2048,8,16,down_a,bf16,cuda_graph,hot,aligned,14.423999935388565,segmented,68.94065026771004
h200,K0,multi,2048,8,16,down_a,bf16,cuda_graph,cold,aligned,15.808000229299068,segmented,62.0951364141878
h200,K0,multi,2048,8,16,down_finalize,bf16,eager,hot,aligned,123.3920007944107,indexed,171.82313276285802
h200,K0,multi,2048,8,16,down_finalize,bf16,eager,cold,aligned,124.05600026249886,indexed,171.4838451388394
h200,K0,multi,2048,8,16,down_finalize,bf16,cuda_graph,hot,aligned,120.91200053691864,indexed,177.60354693775787
h200,K0,multi,2048,8,16,down_finalize,bf16,cuda_graph,cold,aligned,120.91999687254429,indexed,178.11446268978565
h200,K0,multi,2048,8,16,down_finalize,fp32,eager,hot,aligned,146.69600129127502,indexed,117.70736389343112
h200,K0,multi,2048,8,16,down_finalize,fp32,eager,cold,aligned,147.3280005156994,indexed,118.0277975209858
h200,K0,multi,2048,8,16,down_finalize,fp32,cuda_graph,hot,aligned,144.43200081586838,indexed,121.37476602803096
h200,K0,multi,2048,8,16,down_finalize,fp32,cuda_graph,cold,aligned,144.29600164294243,indexed,122.70887846472891
h200,K0,multi,2048,16,16,gate_a,bf16,eager,hot,aligned,42.167999781668186,segmented,19.958264079909817
h200,K0,multi,2048,16,16,gate_a,bf16,eager,cold,aligned,35.256000235676765,segmented,46.176539938010094
h200,K0,multi,2048,16,16,gate_a,bf16,cuda_graph,hot,aligned,32.42400102317333,segmented,53.09646650642541
h200,K0,multi,2048,16,16,gate_a,bf16,cuda_graph,cold,aligned,33.920000307261944,segmented,48.91509569819856
h200,K0,multi,2048,16,16,gate_consumer,bf16,eager,hot,aligned,80.2640002220869,segmented,75.99920095438053
h200,K0,multi,2048,16,16,gate_consumer,bf16,eager,cold,aligned,83.90399813652039,segmented,71.34821288713202
h200,K0,multi,2048,16,16,gate_consumer,bf16,cuda_graph,hot,aligned,79.86400090157986,segmented,76.45998024239715
h200,K0,multi,2048,16,16,gate_consumer,bf16,cuda_graph,cold,aligned,82.9519983381033,segmented,72.28276989207134
h200,K0,multi,2048,16,16,gate_consumer,fp32,eager,hot,segmented,137.64800131320953,,
h200,K0,multi,2048,16,16,gate_consumer,fp32,eager,cold,segmented,139.72000032663345,,
h200,K0,multi,2048,16,16,gate_consumer,fp32,cuda_graph,hot,segmented,137.31999695301056,,
h200,K0,multi,2048,16,16,gate_consumer,fp32,cuda_graph,cold,segmented,138.97600024938583,,
h200,K0,multi,2048,16,16,down_a,bf16,eager,hot,aligned,39.17600028216839,segmented,0.20420583331808295
h200,K0,multi,2048,16,16,down_a,bf16,eager,cold,aligned,16.439999919384718,segmented,43.357663191551275
h200,K0,multi,2048,16,16,down_a,bf16,cuda_graph,hot,aligned,14.280000235885382,segmented,55.57423128306607
h200,K0,multi,2048,16,16,down_a,bf16,cuda_graph,cold,aligned,15.616000164300203,segmented,45.69671989993769
h200,K0,multi,2048,16,16,down_finalize,bf16,eager,hot,aligned,111.93600296974182,indexed,99.39965239144621
h200,K0,multi,2048,16,16,down_finalize,bf16,eager,cold,aligned,111.81600205600262,indexed,100.22894263255941
h200,K0,multi,2048,16,16,down_finalize,bf16,cuda_graph,hot,aligned,109.72800105810165,indexed,103.46310625680238
h200,K0,multi,2048,16,16,down_finalize,bf16,cuda_graph,cold,aligned,109.52799953520298,indexed,104.2290554924147
h200,K0,multi,2048,16,16,down_finalize,fp32,eager,hot,aligned,142.99200102686882,indexed,53.78202596943533
h200,K0,multi,2048,16,16,down_finalize,fp32,eager,cold,aligned,143.0639997124672,indexed,54.358889631009724
h200,K0,multi,2048,16,16,down_finalize,fp32,cuda_graph,hot,aligned,140.60000330209732,indexed,56.50639687440202
h200,K0,multi,2048,16,16,down_finalize,fp32,cuda_graph,cold,aligned,139.8879997432232,indexed,57.806248526832874
h200,O0,multi,1,8,16,gate_a,bf16,eager,hot,indexed,34.45599973201752,bmm,409.6354802982135
h200,O0,multi,1,8,16,gate_a,bf16,eager,cold,indexed,17.552000004798174,aligned,606.472195773641
h200,O0,multi,1,8,16,gate_a,bf16,cuda_graph,hot,indexed,12.631999794393778,aligned,119.50601785755035
h200,O0,multi,1,8,16,gate_a,bf16,cuda_graph,cold,indexed,16.70399960130453,aligned,84.09962364062946
h200,O0,multi,1,8,16,gate_consumer,bf16,eager,hot,indexed,50.440000370144844,aligned,291.8477369581698
h200,O0,multi,1,8,16,gate_consumer,bf16,eager,cold,indexed,13.416000176221132,aligned,980.2027486996906
h200,O0,multi,1,8,16,gate_consumer,bf16,cuda_graph,hot,indexed,12.632000260055065,aligned,163.71120684348082
h200,O0,multi,1,8,16,gate_consumer,bf16,cuda_graph,cold,indexed,12.807999970391393,aligned,208.05745456080382
h200,O0,multi,1,8,16,gate_consumer,fp32,eager,hot,segmented,209.97600257396698,bmm,48.31027777448573
h200,O0,multi,1,8,16,gate_consumer,fp32,eager,cold,segmented,159.15199741721153,bmm,63.95395828368584
h200,O0,multi,1,8,16,gate_consumer,fp32,cuda_graph,hot,segmented,37.25600056350231,bmm,66.48056214125795
h200,O0,multi,1,8,16,gate_consumer,fp32,cuda_graph,cold,segmented,43.95199939608574,bmm,60.95741538487618
h200,O0,multi,1,8,16,down_a,bf16,eager,hot,indexed,32.83200040459633,bmm,402.0711488229174
h200,O0,multi,1,8,16,down_a,bf16,eager,cold,indexed,10.327999945729971,bmm,984.8179946527404
h200,O0,multi,1,8,16,down_a,bf16,cuda_graph,hot,indexed,10.943999979645014,aligned,166.44737242406103
h200,O0,multi,1,8,16,down_a,bf16,cuda_graph,cold,indexed,9.65600018389523,aligned,255.01241373589855
h200,O0,multi,1,8,16,down_finalize,bf16,eager,hot,indexed,42.304000817239285,one_shot_fp32,88.82374625951392
h200,O0,multi,1,8,16,down_finalize,bf16,eager,cold,indexed,9.344000136479735,one_shot_fp32,308.9041074898134
h200,O0,multi,1,8,16,down_finalize,bf16,cuda_graph,hot,indexed,12.895999941974878,one_shot_fp32,5.707196182097407
h200,O0,multi,1,8,16,down_finalize,bf16,cuda_graph,cold,indexed,8.392000105232,one_shot_fp32,56.625357909136454
h200,O0,multi,1,8,16,down_finalize,fp32,eager,hot,indexed,43.84800000116229,one_shot_bf16,82.24776364329533
h200,O0,multi,1,8,16,down_finalize,fp32,eager,cold,indexed,10.112000163644552,one_shot_bf16,264.39872615483375
h200,O0,multi,1,8,16,down_finalize,fp32,cuda_graph,hot,indexed,13.19199986755848,one_shot_bf16,5.215282924533637
h200,O0,multi,1,8,16,down_finalize,fp32,cuda_graph,cold,indexed,9.679999900981784,one_shot_fp32,37.9338848998334
h200,O0,multi,1,16,16,gate_a,bf16,eager,hot,indexed,33.1039996817708,bmm,426.4379001477811
h200,O0,multi,1,16,16,gate_a,bf16,eager,cold,indexed,18.49599974229932,bmm,562.9757806026341
h200,O0,multi,1,16,16,gate_a,bf16,cuda_graph,hot,indexed,13.183999806642532,aligned,111.46844932811123
h200,O0,multi,1,16,16,gate_a,bf16,cuda_graph,cold,indexed,17.823999747633934,aligned,91.20286812244342
h200,O0,multi,1,16,16,gate_consumer,bf16,eager,hot,indexed,49.88800082355738,aligned,296.96919920578466
h200,O0,multi,1,16,16,gate_consumer,bf16,eager,cold,indexed,13.207999989390373,aligned,999.7577066449527
h200,O0,multi,1,16,16,gate_consumer,bf16,cuda_graph,hot,indexed,12.384000001475215,aligned,140.05167998007101
h200,O0,multi,1,16,16,gate_consumer,bf16,cuda_graph,cold,indexed,12.664000038057566,aligned,182.94376915672763
h200,O0,multi,1,16,16,gate_consumer,fp32,eager,hot,segmented,210.2080024778843,bmm,48.001974435025495
h200,O0,multi,1,16,16,gate_consumer,fp32,eager,cold,segmented,159.231998026371,bmm,64.77090301934464
h200,O0,multi,1,16,16,gate_consumer,fp32,cuda_graph,hot,segmented,37.79200091958046,bmm,64.37341302804722
h200,O0,multi,1,16,16,gate_consumer,fp32,cuda_graph,cold,segmented,43.79200004041195,bmm,62.751193065645005
h200,O0,multi,1,16,16,down_a,bf16,eager,hot,indexed,33.03200006484985,bmm,394.30855670940207
h200,O0,multi,1,16,16,down_a,bf16,eager,cold,indexed,10.103999869897962,bmm,990.8947201986969
h200,O0,multi,1,16,16,down_a,bf16,cuda_graph,hot,indexed,11.055999901145697,aligned,146.4544142403401
h200,O0,multi,1,16,16,down_a,bf16,cuda_graph,cold,indexed,9.559999918565154,aligned,233.22175484798584
h200,O0,multi,1,16,16,down_finalize,bf16,eager,hot,indexed,30.608000233769417,one_shot_bf16,84.26554742433385
h200,O0,multi,1,16,16,down_finalize,bf16,eager,cold,indexed,8.808000013232231,one_shot_fp32,75.93097364445936
h200,O0,multi,1,16,16,down_finalize,bf16,cuda_graph,hot,indexed,10.423999978229403,one_shot_bf16,15.118957495876927
h200,O0,multi,1,16,16,down_finalize,bf16,cuda_graph,cold,indexed,8.824000135064125,one_shot_fp32,57.57025712059636
h200,O0,multi,1,16,16,down_finalize,fp32,eager,hot,indexed,30.631999485194683,one_shot_bf16,82.55419233653947
h200,O0,multi,1,16,16,down_finalize,fp32,eager,cold,indexed,8.832000195980072,one_shot_fp32,74.09420393011371
h200,O0,multi,1,16,16,down_finalize,fp32,cuda_graph,hot,indexed,10.40799985639751,one_shot_fp32,14.373558831872902
h200,O0,multi,1,16,16,down_finalize,fp32,cuda_graph,cold,indexed,8.78399983048439,one_shot_fp32,60.473591427591145
h200,O0,multi,32,8,16,gate_a,bf16,eager,hot,indexed,33.98399893194437,aligned,427.68363839328106
h200,O0,multi,32,8,16,gate_a,bf16,eager,cold,indexed,19.27199959754944,aligned,562.4740687160661
h200,O0,multi,32,8,16,gate_a,bf16,cuda_graph,hot,indexed,14.183999970555305,aligned,125.77552105541487
h200,O0,multi,32,8,16,gate_a,bf16,cuda_graph,cold,indexed,18.504000268876553,aligned,102.50755982365871
h200,O0,multi,32,8,16,gate_consumer,bf16,eager,hot,indexed,51.3519998639822,aligned,287.3500597310895
h200,O0,multi,32,8,16,gate_consumer,bf16,eager,cold,indexed,17.256000079214573,aligned,755.4473708028755
h200,O0,multi,32,8,16,gate_consumer,bf16,cuda_graph,hot,indexed,15.49599994905293,aligned,162.57099092142292
h200,O0,multi,32,8,16,gate_consumer,bf16,cuda_graph,cold,indexed,16.57600002363324,aligned,182.62548800535913
h200,O0,multi,32,8,16,gate_consumer,fp32,eager,hot,segmented,212.6160003244877,,
h200,O0,multi,32,8,16,gate_consumer,fp32,eager,cold,segmented,161.04799881577492,,
h200,O0,multi,32,8,16,gate_consumer,fp32,cuda_graph,hot,segmented,63.311997801065445,,
h200,O0,multi,32,8,16,gate_consumer,fp32,cuda_graph,cold,segmented,69.35999915003777,,
h200,O0,multi,32,8,16,down_a,bf16,eager,hot,indexed,32.88799989968538,aligned,441.5470653328395
h200,O0,multi,32,8,16,down_a,bf16,eager,cold,indexed,10.919999796897173,aligned,1047.765595485064
h200,O0,multi,32,8,16,down_a,bf16,cuda_graph,hot,indexed,10.952000273391604,aligned,199.19648556693463
h200,O0,multi,32,8,16,down_a,bf16,cuda_graph,cold,indexed,10.087999980896711,aligned,265.7414725892
h200,O0,multi,32,8,16,down_finalize,bf16,eager,hot,indexed,31.168000772595406,one_shot_bf16,97.17658787536845
h200,O0,multi,32,8,16,down_finalize,bf16,eager,cold,indexed,13.024000218138099,one_shot_fp32,266.03193322995037
h200,O0,multi,32,8,16,down_finalize,bf16,cuda_graph,hot,indexed,12.239999836310744,aligned,186.6666619745458
h200,O0,multi,32,8,16,down_finalize,bf16,cuda_graph,cold,indexed,13.040000107139349,aligned,209.38649947236362
h200,O0,multi,32,8,16,down_finalize,fp32,eager,hot,indexed,31.52799978852272,one_shot_bf16,97.99543507782428
h200,O0,multi,32,8,16,down_finalize,fp32,eager,cold,indexed,12.240000069141388,one_shot_bf16,306.73202410481946
h200,O0,multi,32,8,16,down_finalize,fp32,cuda_graph,hot,indexed,12.527999933809042,aligned,187.1647460802288
h200,O0,multi,32,8,16,down_finalize,fp32,cuda_graph,cold,indexed,12.103999964892864,aligned,241.96959336428048
h200,O0,multi,32,16,16,gate_a,bf16,eager,hot,indexed,34.008000046014786,aligned,427.4053333388834
h200,O0,multi,32,16,16,gate_a,bf16,eager,cold,indexed,21.031999960541725,aligned,500.3043093861392
h200,O0,multi,32,16,16,gate_a,bf16,cuda_graph,hot,indexed,14.33599996380508,aligned,128.51563107133393
h200,O0,multi,32,16,16,gate_a,bf16,cuda_graph,cold,indexed,20.304000005126,aligned,97.59653274990512
h200,O0,multi,32,16,16,gate_consumer,bf16,eager,hot,indexed,50.912000238895416,aligned,292.48900200825574
h200,O0,multi,32,16,16,gate_consumer,bf16,eager,cold,indexed,16.600000206381083,aligned,788.1927682859084
h200,O0,multi,32,16,16,gate_consumer,bf16,cuda_graph,hot,indexed,14.2000000923872,aligned,169.5774563272022
h200,O0,multi,32,16,16,gate_consumer,bf16,cuda_graph,cold,indexed,15.536000020802021,aligned,190.78269401719362
h200,O0,multi,32,16,16,gate_consumer,fp32,eager,hot,segmented,211.8160016834736,,
h200,O0,multi,32,16,16,gate_consumer,fp32,eager,cold,segmented,159.92000326514244,,
h200,O0,multi,32,16,16,gate_consumer,fp32,cuda_graph,hot,segmented,62.47999891638756,,
h200,O0,multi,32,16,16,gate_consumer,fp32,cuda_graph,cold,segmented,68.64800117909908,,
h200,O0,multi,32,16,16,down_a,bf16,eager,hot,indexed,32.84799959510565,aligned,444.37408774091926
h200,O0,multi,32,16,16,down_a,bf16,eager,cold,indexed,10.992000112310052,aligned,1041.2663779738994
h200,O0,multi,32,16,16,down_a,bf16,cuda_graph,hot,indexed,11.024000123143196,aligned,176.6327924554762
h200,O0,multi,32,16,16,down_a,bf16,cuda_graph,cold,indexed,10.39199996739626,aligned,239.56890483114623
h200,O0,multi,32,16,16,down_finalize,bf16,eager,hot,indexed,31.72000078484416,one_shot_fp32,95.56115875844779
h200,O0,multi,32,16,16,down_finalize,bf16,eager,cold,indexed,10.840000119060278,one_shot_fp32,442.730630026398
h200,O0,multi,32,16,16,down_finalize,bf16,cuda_graph,hot,indexed,11.008000001311302,aligned,211.7732439349394
h200,O0,multi,32,16,16,down_finalize,bf16,cuda_graph,cold,indexed,10.575999971479177,aligned,273.29804123295094
h200,O0,multi,32,16,16,down_finalize,fp32,eager,hot,indexed,30.648000072687864,one_shot_fp32,99.89558782436735
h200,O0,multi,32,16,16,down_finalize,fp32,eager,cold,indexed,10.64799982123077,one_shot_fp32,443.275750095484
h200,O0,multi,32,16,16,down_finalize,fp32,cuda_graph,hot,indexed,11.05600013397634,aligned,216.6425450949843
h200,O0,multi,32,16,16,down_finalize,fp32,cuda_graph,cold,indexed,10.623999871313572,aligned,275.3765110871131
h200,O0,multi,256,8,16,gate_a,bf16,eager,hot,indexed,37.62399964034557,aligned,379.75761057438274
h200,O0,multi,256,8,16,gate_a,bf16,eager,cold,indexed,37.4159999191761,aligned,240.025658663804
h200,O0,multi,256,8,16,gate_a,bf16,cuda_graph,hot,indexed,34.647999331355095,aligned,3.7866563793259145
h200,O0,multi,256,8,16,gate_a,bf16,cuda_graph,cold,indexed,37.07199916243553,aligned,16.853693219643915
h200,O0,multi,256,8,16,gate_consumer,bf16,eager,hot,indexed,69.48800012469292,aligned,195.7517869872492
h200,O0,multi,256,8,16,gate_consumer,bf16,eager,cold,indexed,70.31199894845486,aligned,116.25896490048193
h200,O0,multi,256,8,16,gate_consumer,bf16,cuda_graph,hot,aligned,50.359999760985374,indexed,36.139795143800015
h200,O0,multi,256,8,16,gate_consumer,bf16,cuda_graph,cold,aligned,59.464000165462494,indexed,17.09942322653091
h200,O0,multi,256,8,16,gate_consumer,fp32,eager,hot,segmented,218.00000220537186,,
h200,O0,multi,256,8,16,gate_consumer,fp32,eager,cold,segmented,163.59199956059456,,
h200,O0,multi,256,8,16,gate_consumer,fp32,cuda_graph,hot,segmented,74.40799847245216,,
h200,O0,multi,256,8,16,gate_consumer,fp32,cuda_graph,cold,segmented,81.94400183856487,,
h200,O0,multi,256,8,16,down_a,bf16,eager,hot,indexed,36.11999936401844,aligned,395.70321482141634
h200,O0,multi,256,8,16,down_a,bf16,eager,cold,indexed,17.223999835550785,aligned,637.3896872894095
h200,O0,multi,256,8,16,down_a,bf16,cuda_graph,hot,indexed,15.135999768972397,aligned,117.91756121464746
h200,O0,multi,256,8,16,down_a,bf16,cuda_graph,cold,indexed,16.560000367462635,aligned,123.09178279375956
h200,O0,multi,256,8,16,down_finalize,bf16,eager,hot,indexed,47.303998842835426,aligned,335.37967441588864
h200,O0,multi,256,8,16,down_finalize,bf16,eager,cold,indexed,48.83999936282635,aligned,214.5126946095224
h200,O0,multi,256,8,16,down_finalize,bf16,cuda_graph,hot,aligned,45.447999611496925,indexed,3.7317412269138206
h200,O0,multi,256,8,16,down_finalize,bf16,cuda_graph,cold,indexed,48.98400045931339,aligned,7.25134929026201
h200,O0,multi,256,8,16,down_finalize,fp32,eager,hot,indexed,45.184001326560974,aligned,353.16925039417964
h200,O0,multi,256,8,16,down_finalize,fp32,eager,cold,indexed,47.59200010448694,aligned,223.68465118680126
h200,O0,multi,256,8,16,down_finalize,fp32,cuda_graph,hot,indexed,44.95199955999851,aligned,7.225486183662078
h200,O0,multi,256,8,16,down_finalize,fp32,cuda_graph,cold,indexed,47.24799934774637,aligned,15.577379497377141
h200,O0,multi,256,16,16,gate_a,bf16,eager,hot,indexed,39.4080001860857,aligned,358.44499097202254
h200,O0,multi,256,16,16,gate_a,bf16,eager,cold,indexed,40.46399984508753,aligned,218.56465569593038
h200,O0,multi,256,16,16,gate_a,bf16,cuda_graph,hot,aligned,35.90399958193302,indexed,7.1524090838607
h200,O0,multi,256,16,16,gate_a,bf16,cuda_graph,cold,indexed,39.1440000385046,aligned,15.28714470783752
h200,O0,multi,256,16,16,gate_consumer,bf16,eager,hot,indexed,55.311999283730984,aligned,261.3393163692825
h200,O0,multi,256,16,16,gate_consumer,bf16,eager,cold,indexed,34.3760009855032,aligned,336.86291466353475
h200,O0,multi,256,16,16,gate_consumer,bf16,cuda_graph,hot,indexed,33.06400030851364,aligned,30.558917475536717
h200,O0,multi,256,16,16,gate_consumer,bf16,cuda_graph,cold,indexed,33.560000360012054,aligned,52.6340888035491
h200,O0,multi,256,16,16,gate_consumer,fp32,eager,hot,segmented,217.00799837708473,,
h200,O0,multi,256,16,16,gate_consumer,fp32,eager,cold,segmented,165.79999774694443,,
h200,O0,multi,256,16,16,gate_consumer,fp32,cuda_graph,hot,segmented,73.90400022268295,,
h200,O0,multi,256,16,16,gate_consumer,fp32,cuda_graph,cold,segmented,80.59200085699558,,
h200,O0,multi,256,16,16,down_a,bf16,eager,hot,indexed,36.12799942493439,aligned,398.40567719072186
h200,O0,multi,256,16,16,down_a,bf16,eager,cold,indexed,17.248000018298626,aligned,626.3450626809574
h200,O0,multi,256,16,16,down_a,bf16,cuda_graph,hot,indexed,15.264000045135617,aligned,114.62263993371037
h200,O0,multi,256,16,16,down_a,bf16,cuda_graph,cold,indexed,16.560000367462635,aligned,132.60869015050477
h200,O0,multi,256,16,16,down_finalize,bf16,eager,hot,indexed,47.448000870645046,aligned,510.1331812063238
h200,O0,multi,256,16,16,down_finalize,bf16,eager,cold,indexed,34.503999166190624,segmented,579.8748026466037
h200,O0,multi,256,16,16,down_finalize,bf16,cuda_graph,hot,indexed,32.96000137925148,aligned,26.480579608127954
h200,O0,multi,256,16,16,down_finalize,bf16,cuda_graph,cold,indexed,34.62400007992983,aligned,46.4648758055904
h200,O0,multi,256,16,16,down_finalize,fp32,eager,hot,indexed,47.943999990820885,aligned,447.4553724107303
h200,O0,multi,256,16,16,down_finalize,fp32,eager,cold,indexed,34.11199897527695,aligned,555.3940156407157
h200,O0,multi,256,16,16,down_finalize,fp32,cuda_graph,hot,indexed,32.46400132775307,aligned,47.9300105835236
h200,O0,multi,256,16,16,down_finalize,fp32,cuda_graph,cold,indexed,34.10400077700615,aligned,55.453903411386676
h200,O0,multi,2048,8,16,gate_a,bf16,eager,hot,aligned,186.18400022387505,indexed,13.152579333942892
h200,O0,multi,2048,8,16,gate_a,bf16,eager,cold,aligned,132.52000138163567,segmented,41.20132795971738
h200,O0,multi,2048,8,16,gate_a,bf16,cuda_graph,hot,aligned,61.39199994504452,segmented,153.83111841325402
h200,O0,multi,2048,8,16,gate_a,bf16,cuda_graph,cold,aligned,68.71199794113636,segmented,136.57003178115338
h200,O0,multi,2048,8,16,gate_consumer,bf16,eager,hot,aligned,206.4559981226921,segmented,39.08629196152804
h200,O0,multi,2048,8,16,gate_consumer,bf16,eager,cold,aligned,165.3280034661293,segmented,74.6104644044022
h200,O0,multi,2048,8,16,gate_consumer,bf16,cuda_graph,hot,aligned,148.3680009841919,segmented,83.62988921750826
h200,O0,multi,2048,8,16,gate_consumer,bf16,cuda_graph,cold,aligned,151.2560024857521,segmented,80.00740053426301
h200,O0,multi,2048,8,16,gate_consumer,fp32,eager,hot,segmented,270.61599493026733,,
h200,O0,multi,2048,8,16,gate_consumer,fp32,eager,cold,segmented,271.8320041894913,,
h200,O0,multi,2048,8,16,gate_consumer,fp32,cuda_graph,hot,segmented,257.03199952840805,,
h200,O0,multi,2048,8,16,gate_consumer,fp32,cuda_graph,cold,segmented,256.51200860738754,,
h200,O0,multi,2048,8,16,down_a,bf16,eager,hot,indexed,71.3759995996952,aligned,152.4994429757771
h200,O0,multi,2048,8,16,down_a,bf16,eager,cold,indexed,73.47200065851212,aligned,74.90200527418192
h200,O0,multi,2048,8,16,down_a,bf16,cuda_graph,hot,aligned,44.23999972641468,indexed,59.40325716178434
h200,O0,multi,2048,8,16,down_a,bf16,cuda_graph,cold,aligned,50.13599991798401,indexed,45.18909177101382
h200,O0,multi,2048,8,16,down_finalize,bf16,eager,hot,aligned,212.68800273537636,indexed,57.59045841713593
h200,O0,multi,2048,8,16,down_finalize,bf16,eager,cold,aligned,172.41600155830383,indexed,95.10949781351803
h200,O0,multi,2048,8,16,down_finalize,bf16,cuda_graph,hot,aligned,156.3039980828762,indexed,114.51530458116758
h200,O0,multi,2048,8,16,down_finalize,bf16,cuda_graph,cold,aligned,156.19999542832375,indexed,115.28297766230492
h200,O0,multi,2048,8,16,down_finalize,fp32,eager,hot,aligned,212.6079984009266,indexed,50.27468426680382
h200,O0,multi,2048,8,16,down_finalize,fp32,eager,cold,aligned,194.8080025613308,indexed,64.87618555887815
h200,O0,multi,2048,8,16,down_finalize,fp32,cuda_graph,hot,aligned,179.24800142645836,indexed,78.30937853172628
h200,O0,multi,2048,8,16,down_finalize,fp32,cuda_graph,cold,aligned,179.31200191378593,indexed,79.13357126365874
h200,O0,multi,2048,16,16,gate_a,bf16,eager,hot,aligned,186.67199462652206,segmented,29.536303201663916
h200,O0,multi,2048,16,16,gate_a,bf16,eager,cold,aligned,133.7440013885498,segmented,40.48929029187309
h200,O0,multi,2048,16,16,gate_a,bf16,cuda_graph,hot,aligned,63.14400024712086,segmented,146.21816576355928
h200,O0,multi,2048,16,16,gate_a,bf16,cuda_graph,cold,aligned,69.19999979436398,segmented,134.3005782248114
h200,O0,multi,2048,16,16,gate_consumer,bf16,eager,hot,aligned,208.0879993736744,indexed,1.5531901253454272
h200,O0,multi,2048,16,16,gate_consumer,bf16,eager,cold,aligned,155.2479974925518,indexed,36.45779760348324
h200,O0,multi,2048,16,16,gate_consumer,bf16,cuda_graph,hot,aligned,114.67200145125389,indexed,84.35188698237619
h200,O0,multi,2048,16,16,gate_consumer,bf16,cuda_graph,cold,aligned,117.6880020648241,indexed,79.67507060611698
h200,O0,multi,2048,16,16,gate_consumer,fp32,eager,hot,segmented,265.73599874973297,,
h200,O0,multi,2048,16,16,gate_consumer,fp32,eager,cold,segmented,266.63999259471893,,
h200,O0,multi,2048,16,16,gate_consumer,fp32,cuda_graph,hot,segmented,251.11199915409088,,
h200,O0,multi,2048,16,16,gate_consumer,fp32,cuda_graph,cold,segmented,250.2720020711422,,
h200,O0,multi,2048,16,16,down_a,bf16,eager,hot,indexed,70.55200077593327,aligned,156.6050599624044
h200,O0,multi,2048,16,16,down_a,bf16,eager,cold,indexed,72.92000018060207,aligned,78.10202641334013
h200,O0,multi,2048,16,16,down_a,bf16,cuda_graph,hot,aligned,44.35199871659279,indexed,56.90837601545282
h200,O0,multi,2048,16,16,down_a,bf16,cuda_graph,cold,aligned,50.5599994212389,indexed,42.357593758635595
h200,O0,multi,2048,16,16,down_finalize,bf16,eager,hot,aligned,213.05599808692932,indexed,4.727395809160284
h200,O0,multi,2048,16,16,down_finalize,bf16,eager,cold,aligned,163.97599875926971,indexed,36.580964724243195
h200,O0,multi,2048,16,16,down_finalize,bf16,cuda_graph,hot,aligned,144.75999772548676,indexed,54.340979768863185
h200,O0,multi,2048,16,16,down_finalize,bf16,cuda_graph,cold,aligned,144.30399984121323,indexed,55.18350095814495
h200,O0,multi,2048,16,16,down_finalize,fp32,eager,hot,aligned,212.23200112581253,indexed,3.739304526120968
h200,O0,multi,2048,16,16,down_finalize,fp32,eager,cold,aligned,191.17600098252296,indexed,15.642130972200485
h200,O0,multi,2048,16,16,down_finalize,fp32,cuda_graph,hot,aligned,175.60799792408943,indexed,25.48858637675442
h200,O0,multi,2048,16,16,down_finalize,fp32,cuda_graph,cold,aligned,175.63200369477272,indexed,25.772067310177427
gb300,K0,mixed,1,8,16,gate_a,bf16,eager,hot,indexed,49.279999919235706,segmented,20.730518618731452
gb300,K0,mixed,1,8,16,gate_a,bf16,eager,cold,aligned,9.216000325977802,segmented,3.4722182221299303
gb300,K0,mixed,1,8,16,gate_a,bf16,cuda_graph,hot,segmented,10.152000002563,aligned,1.6548474688657722
gb300,K0,mixed,1,8,16,gate_a,bf16,cuda_graph,cold,aligned,6.6639999859035015,segmented,15.2460992656541
gb300,K0,mixed,1,8,16,gate_consumer,bf16,eager,hot,indexed,67.35200062394142,segmented,12.661835824944756
gb300,K0,mixed,1,8,16,gate_consumer,bf16,eager,cold,indexed,10.463999817147851,segmented,32.18654745725635
gb300,K0,mixed,1,8,16,gate_consumer,bf16,cuda_graph,hot,indexed,9.328000014647841,aligned,1.3722106593153205
gb300,K0,mixed,1,8,16,gate_consumer,bf16,cuda_graph,cold,indexed,8.704000152647495,aligned,4.963235549814682
gb300,K0,mixed,1,8,16,gate_consumer,fp32,eager,hot,segmented,73.02399910986423,,
gb300,K0,mixed,1,8,16,gate_consumer,fp32,eager,cold,segmented,14.183999970555305,,
gb300,K0,mixed,1,8,16,gate_consumer,fp32,cuda_graph,hot,segmented,9.231999982148409,,
gb300,K0,mixed,1,8,16,gate_consumer,fp32,cuda_graph,cold,segmented,10.079999919980764,,
gb300,K0,mixed,1,8,16,down_a,bf16,eager,hot,indexed,45.447999611496925,segmented,5.738427044355321
gb300,K0,mixed,1,8,16,down_a,bf16,eager,cold,aligned,8.928000228479505,segmented,0.17921022168225775
gb300,K0,mixed,1,8,16,down_a,bf16,cuda_graph,hot,segmented,9.263999992981553,aligned,1.5544059291187962
gb300,K0,mixed,1,8,16,down_a,bf16,cuda_graph,cold,segmented,8.704000152647495,aligned,0.0
gb300,K0,mixed,1,8,16,down_finalize,bf16,eager,hot,indexed,33.36800029501319,one_shot_fp32,103.97985493021045
gb300,K0,mixed,1,8,16,down_finalize,bf16,eager,cold,indexed,8.175999857485294,segmented,67.02544210200057
gb300,K0,mixed,1,8,16,down_finalize,bf16,cuda_graph,hot,aligned,9.031999856233597,indexed,1.9486290832494424
gb300,K0,mixed,1,8,16,down_finalize,bf16,cuda_graph,cold,indexed,8.704000152647495,segmented,11.76470430883272
gb300,K0,mixed,1,8,16,down_finalize,fp32,eager,hot,indexed,33.58399961143732,one_shot_fp32,103.93044531079605
gb300,K0,mixed,1,8,16,down_finalize,fp32,eager,cold,indexed,10.247999802231789,aligned,39.73458805606038
gb300,K0,mixed,1,8,16,down_finalize,fp32,cuda_graph,hot,indexed,9.087999816983938,aligned,1.7605614497929967
gb300,K0,mixed,1,8,16,down_finalize,fp32,cuda_graph,cold,segmented,9.679999900981784,one_shot_fp32,10.909089903248525
gb300,K0,mixed,1,16,16,gate_a,bf16,eager,hot,indexed,44.23199966549873,segmented,7.578224822349244
gb300,K0,mixed,1,16,16,gate_a,bf16,eager,cold,aligned,8.840000256896019,segmented,0.9049763387182219
gb300,K0,mixed,1,16,16,gate_a,bf16,cuda_graph,hot,segmented,8.87200003489852,aligned,4.959421282536791
gb300,K0,mixed,1,16,16,gate_a,bf16,cuda_graph,cold,segmented,7.5839998899027705,aligned,14.662450131483773
gb300,K0,mixed,1,16,16,gate_consumer,bf16,eager,hot,indexed,68.3279987424612,segmented,3.161221934277214
gb300,K0,mixed,1,16,16,gate_consumer,bf16,eager,cold,indexed,9.967999998480082,segmented,35.39325698350617
gb300,K0,mixed,1,16,16,gate_consumer,bf16,cuda_graph,hot,aligned,8.975999662652612,segmented,1.0695217127682621
gb300,K0,mixed,1,16,16,gate_consumer,bf16,cuda_graph,cold,indexed,8.712000213563442,segmented,7.254360737185839
gb300,K0,mixed,1,16,16,gate_consumer,fp32,eager,hot,segmented,71.68800011277199,,
gb300,K0,mixed,1,16,16,gate_consumer,fp32,eager,cold,segmented,13.816000195220113,,
gb300,K0,mixed,1,16,16,gate_consumer,fp32,cuda_graph,hot,segmented,8.88799992389977,,
gb300,K0,mixed,1,16,16,gate_consumer,fp32,cuda_graph,cold,segmented,9.368000086396933,,
gb300,K0,mixed,1,16,16,down_a,bf16,eager,hot,indexed,45.72799988090992,segmented,5.808258995008275
gb300,K0,mixed,1,16,16,down_a,bf16,eager,cold,segmented,8.672000141814351,indexed,2.7675272244984894
gb300,K0,mixed,1,16,16,down_a,bf16,cuda_graph,hot,segmented,9.103999705985188,indexed,2.636208680199803
gb300,K0,mixed,1,16,16,down_a,bf16,cuda_graph,cold,segmented,6.680000107735395,aligned,18.562874136705453
gb300,K0,mixed,1,16,16,down_finalize,bf16,eager,hot,indexed,34.08800018951297,segmented,94.53179668934332
gb300,K0,mixed,1,16,16,down_finalize,bf16,eager,cold,indexed,8.311999961733818,segmented,64.19634155605718
gb300,K0,mixed,1,16,16,down_finalize,bf16,cuda_graph,hot,segmented,9.184000082314014,aligned,2.0905930234975445
gb300,K0,mixed,1,16,16,down_finalize,bf16,cuda_graph,cold,indexed,8.704000152647495,segmented,15.349263614252706
gb300,K0,mixed,1,16,16,down_finalize,fp32,eager,hot,indexed,33.5360006429255,segmented,105.89216756091284
gb300,K0,mixed,1,16,16,down_finalize,fp32,eager,cold,indexed,8.183999918401241,segmented,68.71945306875003
gb300,K0,mixed,1,16,16,down_finalize,fp32,cuda_graph,hot,indexed,8.983999723568559,aligned,4.808554193964465
gb300,K0,mixed,1,16,16,down_finalize,fp32,cuda_graph,cold,indexed,8.744000224396586,segmented,2.3787734293484464
gb300,K0,mixed,32,8,16,gate_a,bf16,eager,hot,indexed,45.224000699818134,segmented,9.322482401321231
gb300,K0,mixed,32,8,16,gate_a,bf16,eager,cold,aligned,14.680000022053719,indexed,46.70299437970935
gb300,K0,mixed,32,8,16,gate_a,bf16,cuda_graph,hot,aligned,9.847999783232808,indexed,34.362309408620796
gb300,K0,mixed,32,8,16,gate_a,bf16,cuda_graph,cold,aligned,12.784000020474195,indexed,64.20525361656982
gb300,K0,mixed,32,8,16,gate_consumer,bf16,eager,hot,indexed,67.64000002294779,segmented,8.846833331825653
gb300,K0,mixed,32,8,16,gate_consumer,bf16,eager,cold,indexed,19.45599913597107,segmented,28.947374719492668
gb300,K0,mixed,32,8,16,gate_consumer,bf16,cuda_graph,hot,indexed,16.49599988013506,segmented,17.458781099955424
gb300,K0,mixed,32,8,16,gate_consumer,bf16,cuda_graph,cold,indexed,18.944000359624624,segmented,16.722972171601192
gb300,K0,mixed,32,8,16,gate_consumer,fp32,eager,hot,segmented,74.11199994385242,,
gb300,K0,mixed,32,8,16,gate_consumer,fp32,eager,cold,segmented,22.33599964529276,,
gb300,K0,mixed,32,8,16,gate_consumer,fp32,cuda_graph,hot,segmented,16.34399965405464,,
gb300,K0,mixed,32,8,16,gate_consumer,fp32,cuda_graph,cold,segmented,19.96800024062395,,
gb300,K0,mixed,32,8,16,down_a,bf16,eager,hot,indexed,45.792000368237495,segmented,4.437455502765508
gb300,K0,mixed,32,8,16,down_a,bf16,eager,cold,indexed,12.919999891892076,segmented,2.972135451859148
gb300,K0,mixed,32,8,16,down_a,bf16,cuda_graph,hot,segmented,9.3039998319,indexed,0.9458319647901225
gb300,K0,mixed,32,8,16,down_a,bf16,cuda_graph,cold,indexed,11.783999856561422,segmented,8.621858727515708
gb300,K0,mixed,32,8,16,down_finalize,bf16,eager,hot,indexed,36.02399956434965,segmented,92.71596845695407
gb300,K0,mixed,32,8,16,down_finalize,bf16,eager,cold,indexed,11.912000132724643,aligned,57.421088697860824
gb300,K0,mixed,32,8,16,down_finalize,bf16,cuda_graph,hot,indexed,10.391999734565616,aligned,29.176290553830665
gb300,K0,mixed,32,8,16,down_finalize,bf16,cuda_graph,cold,indexed,12.816000264137983,aligned,15.917602152535238
gb300,K0,mixed,32,8,16,down_finalize,fp32,eager,hot,indexed,35.68000067025423,segmented,98.27354253827525
gb300,K0,mixed,32,8,16,down_finalize,fp32,eager,cold,indexed,12.41600001230836,aligned,57.152061925750196
gb300,K0,mixed,32,8,16,down_finalize,fp32,cuda_graph,hot,indexed,10.648000054061413,aligned,30.277985093066228
gb300,K0,mixed,32,8,16,down_finalize,fp32,cuda_graph,cold,indexed,12.784000020474195,aligned,16.270339761904438
gb300,K0,mixed,32,16,16,gate_a,bf16,eager,hot,indexed,46.61600012332201,segmented,3.7583648663953806
gb300,K0,mixed,32,16,16,gate_a,bf16,eager,cold,aligned,15.311999712139368,indexed,47.54441063662609
gb300,K0,mixed,32,16,16,gate_a,bf16,cuda_graph,hot,aligned,11.032000184059143,indexed,21.319794318864858
gb300,K0,mixed,32,16,16,gate_a,bf16,cuda_graph,cold,aligned,14.84800036996603,indexed,46.767235661173466
gb300,K0,mixed,32,16,16,gate_consumer,bf16,eager,hot,indexed,70.57600002735853,segmented,5.123555492308474
gb300,K0,mixed,32,16,16,gate_consumer,bf16,eager,cold,indexed,18.240000121295452,segmented,29.912281055586742
gb300,K0,mixed,32,16,16,gate_consumer,bf16,cuda_graph,hot,aligned,15.112000284716487,indexed,0.8999431127203916
gb300,K0,mixed,32,16,16,gate_consumer,bf16,cuda_graph,cold,indexed,16.90400019288063,aligned,12.115476835610117
gb300,K0,mixed,32,16,16,gate_consumer,fp32,eager,hot,segmented,73.27200099825859,,
gb300,K0,mixed,32,16,16,gate_consumer,fp32,eager,cold,segmented,22.431999910622835,,
gb300,K0,mixed,32,16,16,gate_consumer,fp32,cuda_graph,hot,segmented,15.15199989080429,,
gb300,K0,mixed,32,16,16,gate_consumer,fp32,cuda_graph,cold,segmented,18.95200042054057,,
gb300,K0,mixed,32,16,16,down_a,bf16,eager,hot,indexed,46.96000088006258,segmented,3.6967615340461224
gb300,K0,mixed,32,16,16,down_a,bf16,eager,cold,aligned,11.231999844312668,indexed,17.307691669870028
gb300,K0,mixed,32,16,16,down_a,bf16,cuda_graph,hot,indexed,9.424000047147274,aligned,1.1884566401846541
gb300,K0,mixed,32,16,16,down_a,bf16,cuda_graph,cold,aligned,10.743999853730202,indexed,9.45643925833297
gb300,K0,mixed,32,16,16,down_finalize,bf16,eager,hot,indexed,33.72000064700842,segmented,99.28825358377587
gb300,K0,mixed,32,16,16,down_finalize,bf16,eager,cold,indexed,10.25600009597838,aligned,76.75506595638488
gb300,K0,mixed,32,16,16,down_finalize,bf16,cuda_graph,hot,indexed,9.192000143229961,aligned,20.452565823035542
gb300,K0,mixed,32,16,16,down_finalize,bf16,cuda_graph,cold,indexed,10.735999792814255,aligned,28.688526723302466
gb300,K0,mixed,32,16,16,down_finalize,fp32,eager,hot,indexed,34.232000820338726,segmented,104.76745625127819
gb300,K0,mixed,32,16,16,down_finalize,fp32,eager,cold,indexed,10.239999741315842,aligned,86.25000409272626
gb300,K0,mixed,32,16,16,down_finalize,fp32,cuda_graph,hot,indexed,9.120000060647726,aligned,45.087717667929496
gb300,K0,mixed,32,16,16,down_finalize,fp32,cuda_graph,cold,indexed,10.743999853730202,aligned,38.04914789704343
gb300,K0,mixed,256,8,16,gate_a,bf16,eager,hot,segmented,49.83199946582317,aligned,2.375984600957093
gb300,K0,mixed,256,8,16,gate_a,bf16,eager,cold,aligned,17.40800030529499,segmented,35.29411827646691
gb300,K0,mixed,256,8,16,gate_a,bf16,cuda_graph,hot,aligned,11.663999874144793,segmented,39.711929564417844
gb300,K0,mixed,256,8,16,gate_a,bf16,cuda_graph,cold,aligned,16.032000072300434,segmented,40.968064849143104
gb300,K0,mixed,256,8,16,gate_consumer,bf16,eager,hot,indexed,73.71199876070023,segmented,4.2109825716127425
gb300,K0,mixed,256,8,16,gate_consumer,bf16,eager,cold,segmented,39.99999910593033,aligned,6.040001888722224
gb300,K0,mixed,256,8,16,gate_consumer,bf16,cuda_graph,hot,segmented,33.01599994301796,aligned,0.7753818969801873
gb300,K0,mixed,256,8,16,gate_consumer,bf16,cuda_graph,cold,segmented,37.10400126874447,aligned,4.3768796066316895
gb300,K0,mixed,256,8,16,gate_consumer,fp32,eager,hot,segmented,76.34400017559528,,
gb300,K0,mixed,256,8,16,gate_consumer,fp32,eager,cold,segmented,37.88800165057182,,
gb300,K0,mixed,256,8,16,gate_consumer,fp32,cuda_graph,hot,segmented,30.616000294685364,,
gb300,K0,mixed,256,8,16,gate_consumer,fp32,cuda_graph,cold,segmented,34.424000419676304,,
gb300,K0,mixed,256,8,16,down_a,bf16,eager,hot,indexed,43.783999979496,segmented,4.14763351665397
gb300,K0,mixed,256,8,16,down_a,bf16,eager,cold,segmented,13.57599999755621,aligned,2.35710156444493
gb300,K0,mixed,256,8,16,down_a,bf16,cuda_graph,hot,segmented,9.911999804899096,aligned,7.3446348121047
gb300,K0,mixed,256,8,16,down_a,bf16,cuda_graph,cold,segmented,12.824000092223287,aligned,0.1871487035605357
gb300,K0,mixed,256,8,16,down_finalize,bf16,eager,hot,indexed,41.44800081849098,aligned,63.13452865344797
gb300,K0,mixed,256,8,16,down_finalize,bf16,eager,cold,aligned,25.591999758034945,indexed,60.83150599669012
gb300,K0,mixed,256,8,16,down_finalize,bf16,cuda_graph,hot,aligned,18.327999860048294,indexed,116.01921081488693
gb300,K0,mixed,256,8,16,down_finalize,bf16,cuda_graph,cold,aligned,21.031999960541725,indexed,97.14720024471572
gb300,K0,mixed,256,8,16,down_finalize,fp32,eager,hot,indexed,39.744000881910324,aligned,74.23510120587338
gb300,K0,mixed,256,8,16,down_finalize,fp32,eager,cold,aligned,25.824000127613544,indexed,59.75836103095937
gb300,K0,mixed,256,8,16,down_finalize,fp32,cuda_graph,hot,aligned,18.527999985963106,indexed,105.44042075191582
gb300,K0,mixed,256,8,16,down_finalize,fp32,cuda_graph,cold,aligned,22.40800019353628,indexed,85.04105105121455
gb300,K0,mixed,256,16,16,gate_a,bf16,eager,hot,indexed,46.59199994057417,segmented,4.223901284924114
gb300,K0,mixed,256,16,16,gate_a,bf16,eager,cold,aligned,17.40800030529499,segmented,44.20955495857037
gb300,K0,mixed,256,16,16,gate_a,bf16,cuda_graph,hot,aligned,12.167999753728509,segmented,34.845496448117565
gb300,K0,mixed,256,16,16,gate_a,bf16,cuda_graph,cold,aligned,16.90400019288063,segmented,46.94746412942607
gb300,K0,mixed,256,16,16,gate_consumer,bf16,eager,hot,indexed,73.10400158166885,segmented,2.2543193421262986
gb300,K0,mixed,256,16,16,gate_consumer,bf16,eager,cold,indexed,31.74399957060814,aligned,9.45060651562013
gb300,K0,mixed,256,16,16,gate_consumer,bf16,cuda_graph,hot,aligned,25.512000545859337,segmented,12.637187732972087
gb300,K0,mixed,256,16,16,gate_consumer,bf16,cuda_graph,cold,indexed,31.23999945819378,aligned,0.025608390059850272
gb300,K0,mixed,256,16,16,gate_consumer,fp32,eager,hot,segmented,73.5200010240078,,
gb300,K0,mixed,256,16,16,gate_consumer,fp32,eager,cold,segmented,35.85600107908249,,
gb300,K0,mixed,256,16,16,gate_consumer,fp32,cuda_graph,hot,segmented,28.591999784111977,,
gb300,K0,mixed,256,16,16,gate_consumer,fp32,cuda_graph,cold,segmented,33.3040002733469,,
gb300,K0,mixed,256,16,16,down_a,bf16,eager,hot,indexed,42.84000024199486,segmented,8.067225228319685
gb300,K0,mixed,256,16,16,down_a,bf16,eager,cold,aligned,12.535999761894345,segmented,6.190173123962328
gb300,K0,mixed,256,16,16,down_a,bf16,cuda_graph,hot,segmented,9.063999867066741,aligned,2.6478398188853003
gb300,K0,mixed,256,16,16,down_a,bf16,cuda_graph,cold,aligned,10.911999735981226,segmented,17.302052660779353
gb300,K0,mixed,256,16,16,down_finalize,bf16,eager,hot,indexed,39.247999899089336,aligned,77.23196303450466
gb300,K0,mixed,256,16,16,down_finalize,bf16,eager,cold,aligned,23.904000408947468,indexed,28.51405077975473
gb300,K0,mixed,256,16,16,down_finalize,bf16,cuda_graph,hot,aligned,16.447999514639378,indexed,78.79377925423414
gb300,K0,mixed,256,16,16,down_finalize,bf16,cuda_graph,cold,aligned,20.959999412298203,indexed,48.969466659628424
gb300,K0,mixed,256,16,16,down_finalize,fp32,eager,hot,indexed,37.12000045925379,aligned,81.29310424638179
gb300,K0,mixed,256,16,16,down_finalize,fp32,eager,cold,aligned,24.5840004645288,indexed,27.497557996413178
gb300,K0,mixed,256,16,16,down_finalize,fp32,cuda_graph,hot,aligned,18.271999433636665,indexed,58.45009355531079
gb300,K0,mixed,256,16,16,down_finalize,fp32,cuda_graph,cold,aligned,21.215999498963356,indexed,52.07390915724173
gb300,K0,mixed,2048,8,16,gate_a,bf16,eager,hot,segmented,49.696000292897224,aligned,11.010947875208622
gb300,K0,mixed,2048,8,16,gate_a,bf16,eager,cold,aligned,27.648000046610832,segmented,49.99999663150112
gb300,K0,mixed,2048,8,16,gate_a,bf16,cuda_graph,hot,aligned,24.504000321030617,segmented,58.57003371597473
gb300,K0,mixed,2048,8,16,gate_a,bf16,cuda_graph,cold,aligned,26.303999591618776,segmented,49.9695834871803
gb300,K0,mixed,2048,8,16,gate_consumer,bf16,eager,hot,aligned,150.02400055527687,segmented,30.251157877104017
gb300,K0,mixed,2048,8,16,gate_consumer,bf16,eager,cold,aligned,164.95200246572495,segmented,23.00305522039516
gb300,K0,mixed,2048,8,16,gate_consumer,bf16,cuda_graph,hot,aligned,145.33600211143494,segmented,31.01227231631769
gb300,K0,mixed,2048,8,16,gate_consumer,bf16,cuda_graph,cold,aligned,162.48800233006477,segmented,23.056471707105185
gb300,K0,mixed,2048,8,16,gate_consumer,fp32,eager,hot,segmented,181.14399537444115,,
gb300,K0,mixed,2048,8,16,gate_consumer,fp32,eager,cold,segmented,193.56000423431396,,
gb300,K0,mixed,2048,8,16,gate_consumer,fp32,cuda_graph,hot,segmented,178.1040020287037,,
gb300,K0,mixed,2048,8,16,gate_consumer,fp32,cuda_graph,cold,segmented,191.0799965262413,,
gb300,K0,mixed,2048,8,16,down_a,bf16,eager,hot,aligned,48.511999659240246,segmented,1.978891544517447
gb300,K0,mixed,2048,8,16,down_a,bf16,eager,cold,aligned,15.327999833971262,segmented,53.653449750276685
gb300,K0,mixed,2048,8,16,down_a,bf16,cuda_graph,hot,aligned,12.704000109806657,segmented,60.705291371401614
gb300,K0,mixed,2048,8,16,down_a,bf16,cuda_graph,cold,aligned,14.84800036996603,segmented,55.11853255981543
gb300,K0,mixed,2048,8,16,down_finalize,bf16,eager,hot,aligned,95.75999900698662,indexed,182.59815970812957
gb300,K0,mixed,2048,8,16,down_finalize,bf16,eager,cold,aligned,95.32799944281578,indexed,186.11949901941878
gb300,K0,mixed,2048,8,16,down_finalize,bf16,cuda_graph,hot,aligned,91.88000112771988,indexed,195.25466624229387
gb300,K0,mixed,2048,8,16,down_finalize,bf16,cuda_graph,cold,aligned,91.9439997524023,indexed,197.0242712120254
gb300,K0,mixed,2048,8,16,down_finalize,fp32,eager,hot,aligned,108.08799974620342,indexed,139.07926655607082
gb300,K0,mixed,2048,8,16,down_finalize,fp32,eager,cold,aligned,109.3599982559681,indexed,141.68251090292952
gb300,K0,mixed,2048,8,16,down_finalize,fp32,cuda_graph,hot,aligned,104.35999743640423,indexed,147.19817629258534
gb300,K0,mixed,2048,8,16,down_finalize,fp32,cuda_graph,cold,aligned,104.9680020660162,indexed,152.19875541988682
gb300,K0,mixed,2048,16,16,gate_a,bf16,eager,hot,segmented,49.81599934399128,aligned,15.480968403494044
gb300,K0,mixed,2048,16,16,gate_a,bf16,eager,cold,aligned,27.648000046610832,segmented,44.53124542094682
gb300,K0,mixed,2048,16,16,gate_a,bf16,cuda_graph,hot,aligned,26.535999961197376,segmented,45.2215862294818
gb300,K0,mixed,2048,16,16,gate_a,bf16,cuda_graph,cold,aligned,27.15199999511242,segmented,45.315257425009705
gb300,K0,mixed,2048,16,16,gate_consumer,bf16,eager,hot,aligned,121.61600217223167,segmented,44.678331192747464
gb300,K0,mixed,2048,16,16,gate_consumer,bf16,eager,cold,aligned,134.2959962785244,indexed,32.161794929997825
gb300,K0,mixed,2048,16,16,gate_consumer,bf16,cuda_graph,hot,aligned,116.65600165724754,segmented,47.400904632141796
gb300,K0,mixed,2048,16,16,gate_consumer,bf16,cuda_graph,cold,aligned,131.77600130438805,indexed,34.03958250944334
gb300,K0,mixed,2048,16,16,gate_consumer,fp32,eager,hot,segmented,175.25599896907806,,
gb300,K0,mixed,2048,16,16,gate_consumer,fp32,eager,cold,segmented,182.0559985935688,,
gb300,K0,mixed,2048,16,16,gate_consumer,fp32,cuda_graph,hot,segmented,171.9440035521984,,
gb300,K0,mixed,2048,16,16,gate_consumer,fp32,cuda_graph,cold,segmented,178.78400161862373,,
gb300,K0,mixed,2048,16,16,down_a,bf16,eager,hot,segmented,48.07200003415346,aligned,1.9803623684072402
gb300,K0,mixed,2048,16,16,down_a,bf16,eager,cold,aligned,15.359999611973763,segmented,26.666664241347405
gb300,K0,mixed,2048,16,16,down_a,bf16,cuda_graph,hot,aligned,12.84799980930984,segmented,28.953924413291876
gb300,K0,mixed,2048,16,16,down_a,bf16,cuda_graph,cold,aligned,14.88000014796853,segmented,18.548387323911264
gb300,K0,mixed,2048,16,16,down_finalize,bf16,eager,hot,aligned,85.9999991953373,indexed,121.65581878004623
gb300,K0,mixed,2048,16,16,down_finalize,bf16,eager,cold,aligned,85.26400104165077,indexed,125.79283333393772
gb300,K0,mixed,2048,16,16,down_finalize,bf16,cuda_graph,hot,aligned,81.83999732136726,indexed,132.62952929016421
gb300,K0,mixed,2048,16,16,down_finalize,bf16,cuda_graph,cold,aligned,82.43200182914734,indexed,134.1711907154083
gb300,K0,mixed,2048,16,16,down_finalize,fp32,eager,hot,aligned,101.12799890339375,indexed,88.58476707016918
gb300,K0,mixed,2048,16,16,down_finalize,fp32,eager,cold,aligned,102.11999900639057,indexed,92.15041709699601
gb300,K0,mixed,2048,16,16,down_finalize,fp32,cuda_graph,hot,aligned,98.1920026242733,indexed,93.88951793586932
gb300,K0,mixed,2048,16,16,down_finalize,fp32,cuda_graph,cold,aligned,98.79999980330467,indexed,99.60324150027698
gb300,O0,mixed,1,8,16,gate_a,bf16,eager,hot,indexed,48.33600018173456,aligned,777.3585012905011
gb300,O0,mixed,1,8,16,gate_a,bf16,eager,cold,indexed,10.67200000397861,aligned,3293.2533437606785
gb300,O0,mixed,1,8,16,gate_a,bf16,cuda_graph,hot,indexed,11.368000181391835,aligned,142.5052773477231
gb300,O0,mixed,1,8,16,gate_a,bf16,cuda_graph,cold,indexed,10.759999975562096,aligned,200.00000432770713
gb300,O0,mixed,1,8,16,gate_consumer,bf16,eager,hot,indexed,67.9360032081604,aligned,511.59912202123746
gb300,O0,mixed,1,8,16,gate_consumer,bf16,eager,cold,indexed,10.080000385642052,aligned,3334.2061833533853
gb300,O0,mixed,1,8,16,gate_consumer,bf16,cuda_graph,hot,indexed,9.424000047147274,aligned,236.07809629918853
gb300,O0,mixed,1,8,16,gate_consumer,bf16,cuda_graph,cold,indexed,8.743999991565943,aligned,327.53889115843737
gb300,O0,mixed,1,8,16,gate_consumer,fp32,eager,hot,segmented,409.95199978351593,,
gb300,O0,mixed,1,8,16,gate_consumer,fp32,eager,cold,segmented,355.22400587797165,,
gb300,O0,mixed,1,8,16,gate_consumer,fp32,cuda_graph,hot,segmented,37.80800104141235,,
gb300,O0,mixed,1,8,16,gate_consumer,fp32,cuda_graph,cold,segmented,43.54400001466274,,
gb300,O0,mixed,1,8,16,down_a,bf16,eager,hot,indexed,45.47999985516071,aligned,669.973603107259
gb300,O0,mixed,1,8,16,down_a,bf16,eager,cold,indexed,8.864000206813216,aligned,3097.743728223184
gb300,O0,mixed,1,8,16,down_a,bf16,cuda_graph,hot,indexed,9.447999997064471,aligned,220.15241634121182
gb300,O0,mixed,1,8,16,down_a,bf16,cuda_graph,cold,indexed,8.743999991565943,aligned,293.59561289977626
gb300,O0,mixed,1,8,16,down_finalize,bf16,eager,hot,indexed,33.440000377595425,one_shot_fp32,100.38276688971158
gb300,O0,mixed,1,8,16,down_finalize,bf16,eager,cold,indexed,8.191999979317188,one_shot_fp32,91.4062527533531
gb300,O0,mixed,1,8,16,down_finalize,bf16,cuda_graph,hot,indexed,9.41600021906197,one_shot_bf16,7.986404926059332
gb300,O0,mixed,1,8,16,down_finalize,bf16,cuda_graph,cold,indexed,8.712000213563442,one_shot_bf16,23.691458140889043
gb300,O0,mixed,1,8,16,down_finalize,fp32,eager,hot,indexed,32.76000032201409,one_shot_fp32,106.76434419049525
gb300,O0,mixed,1,8,16,down_finalize,fp32,eager,cold,indexed,10.239999741315842,one_shot_bf16,48.9843786095572
gb300,O0,mixed,1,8,16,down_finalize,fp32,cuda_graph,hot,indexed,9.319999953731894,one_shot_bf16,2.403434301974605
gb300,O0,mixed,1,8,16,down_finalize,fp32,cuda_graph,cold,indexed,10.751999914646149,one_shot_bf16,9.672619150736361
gb300,O0,mixed,1,16,16,gate_a,bf16,eager,hot,indexed,42.78399981558323,aligned,706.3762160971394
gb300,O0,mixed,1,16,16,gate_a,bf16,eager,cold,indexed,10.888000018894672,aligned,2425.1285593813514
gb300,O0,mixed,1,16,16,gate_a,bf16,cuda_graph,hot,indexed,9.424000047147274,aligned,178.1833537356619
gb300,O0,mixed,1,16,16,gate_a,bf16,cuda_graph,cold,indexed,10.800000047311187,aligned,189.25925297538697
gb300,O0,mixed,1,16,16,gate_consumer,bf16,eager,hot,indexed,66.96799956262112,aligned,490.10870557147797
gb300,O0,mixed,1,16,16,gate_consumer,bf16,eager,cold,indexed,9.399999864399433,aligned,3354.8936394927546
gb300,O0,mixed,1,16,16,gate_consumer,bf16,cuda_graph,hot,indexed,9.159999899566174,aligned,207.94759785368782
gb300,O0,mixed,1,16,16,gate_consumer,bf16,cuda_graph,cold,indexed,8.72000027447939,aligned,270.3669613754267
gb300,O0,mixed,1,16,16,gate_consumer,fp32,eager,hot,segmented,405.5439904332161,,
gb300,O0,mixed,1,16,16,gate_consumer,fp32,eager,cold,segmented,342.24000573158264,,
gb300,O0,mixed,1,16,16,gate_consumer,fp32,cuda_graph,hot,segmented,34.81600061058998,,
gb300,O0,mixed,1,16,16,gate_consumer,fp32,cuda_graph,cold,segmented,40.49599915742874,,
gb300,O0,mixed,1,16,16,down_a,bf16,eager,hot,indexed,43.5199998319149,aligned,675.9007271763267
gb300,O0,mixed,1,16,16,down_a,bf16,eager,cold,indexed,9.032000321894884,aligned,2879.804994547092
gb300,O0,mixed,1,16,16,down_a,bf16,cuda_graph,hot,indexed,9.344000136479735,aligned,178.33903843985533
gb300,O0,mixed,1,16,16,down_a,bf16,cuda_graph,cold,indexed,8.743999991565943,aligned,249.13082861454532
gb300,O0,mixed,1,16,16,down_finalize,bf16,eager,hot,indexed,32.72000141441822,one_shot_fp32,103.3251743938448
gb300,O0,mixed,1,16,16,down_finalize,bf16,eager,cold,indexed,8.175999857485294,one_shot_fp32,91.48728322059918
gb300,O0,mixed,1,16,16,down_finalize,bf16,cuda_graph,hot,indexed,9.352000197395682,one_shot_fp32,6.244651175412574
gb300,O0,mixed,1,16,16,down_finalize,bf16,cuda_graph,cold,indexed,8.816000306978822,one_shot_fp32,22.323043897158044
gb300,O0,mixed,1,16,16,down_finalize,fp32,eager,hot,indexed,31.52000019326806,one_shot_fp32,111.54822552691046
gb300,O0,mixed,1,16,16,down_finalize,fp32,eager,cold,indexed,8.191999979317188,one_shot_bf16,93.45702972899446
gb300,O0,mixed,1,16,16,down_finalize,fp32,cuda_graph,hot,indexed,9.63200000114739,one_shot_fp32,6.893687019002703
gb300,O0,mixed,1,16,16,down_finalize,fp32,cuda_graph,cold,indexed,8.720000041648746,one_shot_fp32,23.302750725826836
gb300,O0,mixed,32,8,16,gate_a,bf16,eager,hot,indexed,43.67999918758869,aligned,679.0110079004215
gb300,O0,mixed,32,8,16,gate_a,bf16,eager,cold,indexed,21.38399938121438,aligned,1162.7759602309918
gb300,O0,mixed,32,8,16,gate_a,bf16,cuda_graph,hot,indexed,13.223999878391623,aligned,140.10889234359203
gb300,O0,mixed,32,8,16,gate_a,bf16,cuda_graph,cold,indexed,21.007999777793884,aligned,83.62528487618658
gb300,O0,mixed,32,8,16,gate_consumer,bf16,eager,hot,indexed,68.55199858546257,aligned,486.85962401368954
gb300,O0,mixed,32,8,16,gate_consumer,bf16,eager,cold,indexed,19.279999658465385,aligned,1620.5810023137183
gb300,O0,mixed,32,8,16,gate_consumer,bf16,cuda_graph,hot,indexed,16.751999966800213,aligned,144.60362445262143
gb300,O0,mixed,32,8,16,gate_consumer,bf16,cuda_graph,cold,indexed,18.983999267220497,aligned,156.38433325415323
gb300,O0,mixed,32,8,16,gate_consumer,fp32,eager,hot,segmented,407.0559963583946,,
gb300,O0,mixed,32,8,16,gate_consumer,fp32,eager,cold,segmented,344.4639965891838,,
gb300,O0,mixed,32,8,16,gate_consumer,fp32,cuda_graph,hot,segmented,62.40000016987324,,
gb300,O0,mixed,32,8,16,gate_consumer,fp32,cuda_graph,cold,segmented,71.19999825954437,,
gb300,O0,mixed,32,8,16,down_a,bf16,eager,hot,indexed,43.42399910092354,aligned,682.4797596473945
gb300,O0,mixed,32,8,16,down_a,bf16,eager,cold,indexed,12.743999948725104,aligned,2043.3145039040148
gb300,O0,mixed,32,8,16,down_a,bf16,cuda_graph,hot,indexed,9.344000136479735,aligned,255.2225913497088
gb300,O0,mixed,32,8,16,down_a,bf16,cuda_graph,cold,indexed,11.808000272139907,aligned,225.40649778492448
gb300,O0,mixed,32,8,16,down_finalize,bf16,eager,hot,indexed,32.42399916052818,one_shot_fp32,122.79793505122103
gb300,O0,mixed,32,8,16,down_finalize,bf16,eager,cold,indexed,11.975999688729644,one_shot_fp32,289.1783751262989
gb300,O0,mixed,32,8,16,down_finalize,bf16,cuda_graph,hot,indexed,10.89600007981062,aligned,211.89426958830944
gb300,O0,mixed,32,8,16,down_finalize,bf16,cuda_graph,cold,indexed,12.807999970391393,aligned,231.6677034792675
gb300,O0,mixed,32,8,16,down_finalize,fp32,eager,hot,indexed,32.38399885594845,one_shot_fp32,125.61760084693302
gb300,O0,mixed,32,8,16,down_finalize,fp32,eager,cold,indexed,12.344000162556767,one_shot_fp32,278.0946203428001
gb300,O0,mixed,32,8,16,down_finalize,fp32,cuda_graph,hot,indexed,10.975999990478158,aligned,225.80175272515902
gb300,O0,mixed,32,8,16,down_finalize,fp32,cuda_graph,cold,indexed,12.807999737560749,aligned,223.48532647008886
gb300,O0,mixed,32,16,16,gate_a,bf16,eager,hot,indexed,43.328000232577324,aligned,693.113010602951
gb300,O0,mixed,32,16,16,gate_a,bf16,eager,cold,indexed,22.11200026795268,aligned,1118.270592712978
gb300,O0,mixed,32,16,16,gate_a,bf16,cuda_graph,hot,indexed,13.719999929890037,aligned,135.45189025646346
gb300,O0,mixed,32,16,16,gate_a,bf16,cuda_graph,cold,indexed,21.176000125706196,aligned,71.66603254694425
gb300,O0,mixed,32,16,16,gate_consumer,bf16,eager,hot,indexed,66.37600064277649,segmented,490.9485257108785
gb300,O0,mixed,32,16,16,gate_consumer,bf16,eager,cold,indexed,17.416000366210938,aligned,1746.9453304676379
gb300,O0,mixed,32,16,16,gate_consumer,bf16,cuda_graph,hot,indexed,15.199999790638685,aligned,142.10527186485797
gb300,O0,mixed,32,16,16,gate_consumer,bf16,cuda_graph,cold,indexed,16.952000092715025,aligned,156.91363754944047
gb300,O0,mixed,32,16,16,gate_consumer,fp32,eager,hot,segmented,400.5360081791878,,
gb300,O0,mixed,32,16,16,gate_consumer,fp32,eager,cold,segmented,333.1359997391701,,
gb300,O0,mixed,32,16,16,gate_consumer,fp32,cuda_graph,hot,segmented,61.74399983137846,,
gb300,O0,mixed,32,16,16,gate_consumer,fp32,cuda_graph,cold,segmented,71.48799858987331,,
gb300,O0,mixed,32,16,16,down_a,bf16,eager,hot,indexed,44.504000805318356,aligned,663.8863815776931
gb300,O0,mixed,32,16,16,down_a,bf16,eager,cold,indexed,12.704000109806657,aligned,2041.1208438497952
gb300,O0,mixed,32,16,16,down_a,bf16,cuda_graph,hot,indexed,9.567999979481101,aligned,220.23411938902296
gb300,O0,mixed,32,16,16,down_a,bf16,cuda_graph,cold,indexed,11.104000033810735,aligned,221.68588676215418
gb300,O0,mixed,32,16,16,down_finalize,bf16,eager,hot,indexed,32.53600001335144,one_shot_fp32,122.74403880274099
gb300,O0,mixed,32,16,16,down_finalize,bf16,eager,cold,indexed,10.231999913230538,one_shot_fp32,446.1298014920776
gb300,O0,mixed,32,16,16,down_finalize,bf16,cuda_graph,hot,indexed,9.568000212311745,aligned,242.2240698990282
gb300,O0,mixed,32,16,16,down_finalize,bf16,cuda_graph,cold,indexed,10.743999853730202,aligned,267.0141385240063
gb300,O0,mixed,32,16,16,down_finalize,fp32,eager,hot,indexed,32.68799930810928,one_shot_fp32,121.16985035701839
gb300,O0,mixed,32,16,16,down_finalize,fp32,eager,cold,indexed,10.239999974146485,one_shot_fp32,445.93750202504674
gb300,O0,mixed,32,16,16,down_finalize,fp32,cuda_graph,hot,indexed,9.432000108063221,aligned,251.31465876240543
gb300,O0,mixed,32,16,16,down_finalize,fp32,cuda_graph,cold,indexed,10.768000036478043,aligned,266.1218268175926
gb300,O0,mixed,256,8,16,gate_a,bf16,eager,hot,indexed,49.959998577833176,aligned,582.3699140297523
gb300,O0,mixed,256,8,16,gate_a,bf16,eager,cold,indexed,35.64000129699707,aligned,653.1088194467673
gb300,O0,mixed,256,8,16,gate_a,bf16,cuda_graph,hot,indexed,30.872000847011805,aligned,19.09821056019676
gb300,O0,mixed,256,8,16,gate_a,bf16,cuda_graph,cold,indexed,35.360001027584076,aligned,26.35746319116197
gb300,O0,mixed,256,8,16,gate_consumer,bf16,eager,hot,indexed,71.82400301098824,aligned,443.22786245658676
gb300,O0,mixed,256,8,16,gate_consumer,bf16,eager,cold,indexed,59.39200147986412,aligned,438.6449118884691
gb300,O0,mixed,256,8,16,gate_consumer,bf16,cuda_graph,hot,aligned,57.27200023829937,indexed,0.013968537649566848
gb300,O0,mixed,256,8,16,gate_consumer,bf16,cuda_graph,cold,indexed,57.92800057679415,aligned,15.895588399542081
gb300,O0,mixed,256,8,16,gate_consumer,fp32,eager,hot,segmented,392.92799681425095,,
gb300,O0,mixed,256,8,16,gate_consumer,fp32,eager,cold,segmented,325.81600546836853,,
gb300,O0,mixed,256,8,16,gate_consumer,fp32,cuda_graph,hot,segmented,78.78400012850761,,
gb300,O0,mixed,256,8,16,gate_consumer,fp32,cuda_graph,cold,segmented,87.59999834001064,,
gb300,O0,mixed,256,8,16,down_a,bf16,eager,hot,indexed,43.031999841332436,aligned,675.9063091910448
gb300,O0,mixed,256,8,16,down_a,bf16,eager,cold,indexed,17.38400012254715,aligned,1451.2655572227643
gb300,O0,mixed,256,8,16,down_a,bf16,cuda_graph,hot,indexed,14.903999865055084,aligned,137.19807001766165
gb300,O0,mixed,256,8,16,down_a,bf16,cuda_graph,cold,indexed,16.944000497460365,aligned,150.94427773638932
gb300,O0,mixed,256,8,16,down_finalize,bf16,eager,hot,indexed,38.80000114440918,one_shot_fp32,567.2783375527686
gb300,O0,mixed,256,8,16,down_finalize,bf16,eager,cold,indexed,41.071999818086624,one_shot_fp32,538.2158079763044
gb300,O0,mixed,256,8,16,down_finalize,bf16,cuda_graph,hot,indexed,39.10400066524744,aligned,9.799504858589092
gb300,O0,mixed,256,8,16,down_finalize,bf16,cuda_graph,cold,indexed,41.51199944317341,aligned,19.637696847677645
gb300,O0,mixed,256,8,16,down_finalize,fp32,eager,hot,indexed,38.05599920451641,one_shot_fp32,580.3447616456805
gb300,O0,mixed,256,8,16,down_finalize,fp32,eager,cold,indexed,40.991999208927155,one_shot_fp32,539.5004010467019
gb300,O0,mixed,256,8,16,down_finalize,fp32,cuda_graph,hot,indexed,38.096001371741295,aligned,16.33766749369947
gb300,O0,mixed,256,8,16,down_finalize,fp32,cuda_graph,cold,indexed,41.48799926042557,aligned,22.213651077279483
gb300,O0,mixed,256,16,16,gate_a,bf16,eager,hot,indexed,47.43200074881315,aligned,628.048554279394
gb300,O0,mixed,256,16,16,gate_a,bf16,eager,cold,indexed,37.98400145024061,aligned,614.5745381802152
gb300,O0,mixed,256,16,16,gate_a,bf16,cuda_graph,hot,indexed,32.69599936902523,aligned,12.4541267509084
gb300,O0,mixed,256,16,16,gate_a,bf16,cuda_graph,cold,indexed,37.42400091141462,aligned,19.32449749855134
gb300,O0,mixed,256,16,16,gate_consumer,bf16,eager,hot,indexed,71.44000008702278,aligned,449.3840990697777
gb300,O0,mixed,256,16,16,gate_consumer,bf16,eager,cold,indexed,32.248000614345074,aligned,891.5157289053117
gb300,O0,mixed,256,16,16,gate_consumer,bf16,cuda_graph,hot,indexed,30.62400035560131,aligned,60.214212704901456
gb300,O0,mixed,256,16,16,gate_consumer,bf16,cuda_graph,cold,indexed,31.215999275445938,aligned,88.62122845078353
gb300,O0,mixed,256,16,16,gate_consumer,fp32,eager,hot,segmented,399.28799867630005,,
gb300,O0,mixed,256,16,16,gate_consumer,fp32,eager,cold,segmented,335.03200113773346,,
gb300,O0,mixed,256,16,16,gate_consumer,fp32,cuda_graph,hot,segmented,76.72000303864479,,
gb300,O0,mixed,256,16,16,gate_consumer,fp32,cuda_graph,cold,segmented,85.76000109314919,,
gb300,O0,mixed,256,16,16,down_a,bf16,eager,hot,indexed,43.63999981433153,aligned,688.0476569970527
gb300,O0,mixed,256,16,16,down_a,bf16,eager,cold,indexed,17.791999969631433,aligned,1421.8975048411944
gb300,O0,mixed,256,16,16,down_a,bf16,cuda_graph,hot,indexed,14.776000054553151,aligned,124.52625322283164
gb300,O0,mixed,256,16,16,down_a,bf16,cuda_graph,cold,indexed,16.920000314712524,aligned,133.2860406417715
gb300,O0,mixed,256,16,16,down_finalize,bf16,eager,hot,indexed,35.98400019109249,one_shot_fp32,829.5909474121091
gb300,O0,mixed,256,16,16,down_finalize,bf16,eager,cold,indexed,30.719999223947525,aligned,854.3750152340367
gb300,O0,mixed,256,16,16,down_finalize,bf16,cuda_graph,hot,indexed,29.120000079274178,aligned,36.84066151791123
gb300,O0,mixed,256,16,16,down_finalize,bf16,cuda_graph,cold,indexed,31.439999118447304,aligned,54.73282801380466
gb300,O0,mixed,256,16,16,down_finalize,fp32,eager,hot,indexed,36.69600002467632,one_shot_fp32,812.0558103224631
gb300,O0,mixed,256,16,16,down_finalize,fp32,eager,cold,indexed,31.28000069409609,aligned,835.2429455219477
gb300,O0,mixed,256,16,16,down_finalize,fp32,cuda_graph,hot,indexed,28.91199989244342,aligned,44.936354657765285
gb300,O0,mixed,256,16,16,down_finalize,fp32,cuda_graph,cold,indexed,32.27999992668629,aligned,54.07682995798142
gb300,O0,mixed,2048,8,16,gate_a,bf16,eager,hot,indexed,177.0320050418377,aligned,92.62505669256089
gb300,O0,mixed,2048,8,16,gate_a,bf16,eager,cold,indexed,180.65600097179413,aligned,49.45088591121183
gb300,O0,mixed,2048,8,16,gate_a,bf16,cuda_graph,hot,aligned,57.256000116467476,segmented,180.5924223954516
gb300,O0,mixed,2048,8,16,gate_a,bf16,cuda_graph,cold,aligned,66.04799628257751,segmented,152.0106686977682
gb300,O0,mixed,2048,8,16,gate_consumer,bf16,eager,hot,indexed,396.031990647316,aligned,0.0020242871564990494
gb300,O0,mixed,2048,8,16,gate_consumer,bf16,eager,cold,aligned,336.64000034332275,segmented,10.696290662588215
gb300,O0,mixed,2048,8,16,gate_consumer,bf16,cuda_graph,hot,aligned,178.0960038304329,segmented,75.3840596919942
gb300,O0,mixed,2048,8,16,gate_consumer,bf16,cuda_graph,cold,aligned,200.21599903702736,segmented,63.307628217380966
gb300,O0,mixed,2048,8,16,gate_consumer,fp32,eager,hot,segmented,402.8880000114441,,
gb300,O0,mixed,2048,8,16,gate_consumer,fp32,eager,cold,segmented,363.8959974050522,,
gb300,O0,mixed,2048,8,16,gate_consumer,fp32,cuda_graph,hot,segmented,298.94401133060455,,
gb300,O0,mixed,2048,8,16,gate_consumer,fp32,cuda_graph,cold,segmented,317.01600551605225,,
gb300,O0,mixed,2048,8,16,down_a,bf16,eager,hot,indexed,60.74400059878826,aligned,457.38179996637405
gb300,O0,mixed,2048,8,16,down_a,bf16,eager,cold,indexed,63.63200023770332,aligned,313.61578611663134
gb300,O0,mixed,2048,8,16,down_a,bf16,cuda_graph,hot,aligned,45.024000108242035,indexed,31.769724702172873
gb300,O0,mixed,2048,8,16,down_a,bf16,cuda_graph,cold,aligned,53.039999678730965,indexed,17.616893714004522
gb300,O0,mixed,2048,8,16,down_finalize,bf16,eager,hot,indexed,270.9039971232414,aligned,36.83962090443102
gb300,O0,mixed,2048,8,16,down_finalize,bf16,eager,cold,indexed,272.95199036598206,aligned,15.360946129214813
gb300,O0,mixed,2048,8,16,down_finalize,bf16,cuda_graph,hot,aligned,129.96000051498413,indexed,108.98738033551231
gb300,O0,mixed,2048,8,16,down_finalize,bf16,cuda_graph,cold,aligned,131.1360001564026,indexed,108.11981244463311
gb300,O0,mixed,2048,8,16,down_finalize,fp32,eager,hot,indexed,257.9760104417801,aligned,44.621200074374116
gb300,O0,mixed,2048,8,16,down_finalize,fp32,eager,cold,indexed,264.3360048532486,aligned,19.959444259575456
gb300,O0,mixed,2048,8,16,down_finalize,fp32,cuda_graph,hot,aligned,142.2720029950142,indexed,81.32029006947998
gb300,O0,mixed,2048,8,16,down_finalize,fp32,cuda_graph,cold,aligned,143.8879929482937,indexed,84.24330645523963
gb300,O0,mixed,2048,16,16,gate_a,bf16,eager,hot,indexed,184.2079982161522,aligned,85.73351805548775
gb300,O0,mixed,2048,16,16,gate_a,bf16,eager,cold,indexed,190.46400487422943,aligned,42.77973885258777
gb300,O0,mixed,2048,16,16,gate_a,bf16,cuda_graph,hot,aligned,58.27200040221214,segmented,172.2679718309445
gb300,O0,mixed,2048,16,16,gate_a,bf16,cuda_graph,cold,aligned,65.07199816405773,segmented,155.58151372726178
gb300,O0,mixed,2048,16,16,gate_consumer,bf16,eager,hot,indexed,176.83199793100357,aligned,119.91494982154074
gb300,O0,mixed,2048,16,16,gate_consumer,bf16,eager,cold,indexed,177.67199873924255,aligned,87.74821220786144
gb300,O0,mixed,2048,16,16,gate_consumer,bf16,cuda_graph,hot,aligned,149.84000101685524,indexed,16.134541951022328
gb300,O0,mixed,2048,16,16,gate_consumer,bf16,cuda_graph,cold,aligned,169.98399794101715,indexed,3.5909283885340315
gb300,O0,mixed,2048,16,16,gate_consumer,fp32,eager,hot,segmented,403.55200320482254,,
gb300,O0,mixed,2048,16,16,gate_consumer,fp32,eager,cold,segmented,352.4800091981888,,
gb300,O0,mixed,2048,16,16,gate_consumer,fp32,cuda_graph,hot,segmented,292.08000004291534,,
gb300,O0,mixed,2048,16,16,gate_consumer,fp32,cuda_graph,cold,segmented,304.03999239206314,,
gb300,O0,mixed,2048,16,16,down_a,bf16,eager,hot,indexed,60.32000109553337,aligned,459.2042429277075
gb300,O0,mixed,2048,16,16,down_a,bf16,eager,cold,indexed,62.408000230789185,aligned,323.33034074873507
gb300,O0,mixed,2048,16,16,down_a,bf16,cuda_graph,hot,aligned,44.999999925494194,indexed,27.342223504090015
gb300,O0,mixed,2048,16,16,down_a,bf16,cuda_graph,cold,aligned,53.76799963414669,indexed,15.339978296622636
gb300,O0,mixed,2048,16,16,down_finalize,bf16,eager,hot,indexed,190.38400053977966,aligned,93.02882474276508
gb300,O0,mixed,2048,16,16,down_finalize,bf16,eager,cold,indexed,192.99200177192688,aligned,58.46874263114763
gb300,O0,mixed,2048,16,16,down_finalize,bf16,cuda_graph,hot,aligned,119.75200287997723,indexed,58.995256703749966
gb300,O0,mixed,2048,16,16,down_finalize,bf16,cuda_graph,cold,aligned,121.18399888277054,indexed,59.30155663302663
gb300,O0,mixed,2048,16,16,down_finalize,fp32,eager,hot,indexed,190.49600139260292,aligned,95.56525485500093
gb300,O0,mixed,2048,16,16,down_finalize,fp32,eager,cold,indexed,196.23200222849846,aligned,58.110805211677885
gb300,O0,mixed,2048,16,16,down_finalize,fp32,cuda_graph,hot,aligned,135.0879967212677,indexed,40.94516834072355
gb300,O0,mixed,2048,16,16,down_finalize,fp32,cuda_graph,cold,aligned,135.66400110721588,indexed,45.30014915000753
gb300,K0,multi,1,8,16,gate_a,bf16,eager,hot,indexed,48.24800044298172,segmented,20.460951008356275
gb300,K0,multi,1,8,16,gate_a,bf16,eager,cold,aligned,12.959999963641167,indexed,59.50616979649021
gb300,K0,multi,1,8,16,gate_a,bf16,cuda_graph,hot,aligned,10.13600011356175,indexed,27.46645370105505
gb300,K0,multi,1,8,16,gate_a,bf16,cuda_graph,cold,aligned,10.81600016914308,bmm,65.82840101986535
gb300,K0,multi,1,8,16,gate_consumer,bf16,eager,hot,segmented,55.344000458717346,indexed,25.484242636049427
gb300,K0,multi,1,8,16,gate_consumer,bf16,eager,cold,indexed,15.191999729722738,segmented,14.533968891115844
gb300,K0,multi,1,8,16,gate_consumer,bf16,cuda_graph,hot,indexed,13.023999985307455,segmented,4.791153736980114
gb300,K0,multi,1,8,16,gate_consumer,bf16,cuda_graph,cold,indexed,14.887999976053834,segmented,13.702313291616175
gb300,K0,multi,1,8,16,gate_consumer,fp32,eager,hot,segmented,56.103999726474285,bmm,683.4307713369175
gb300,K0,multi,1,8,16,gate_consumer,fp32,eager,cold,segmented,12.632000260055065,bmm,2902.026540775922
gb300,K0,multi,1,8,16,gate_consumer,fp32,cuda_graph,hot,segmented,9.25600016489625,bmm,341.83230066303906
gb300,K0,multi,1,8,16,gate_consumer,fp32,cuda_graph,cold,segmented,11.808000039309263,bmm,303.7262998498234
gb300,K0,multi,1,8,16,down_a,bf16,eager,hot,indexed,43.87999977916479,segmented,6.089334253138179
gb300,K0,multi,1,8,16,down_a,bf16,eager,cold,indexed,11.000000173225999,aligned,17.818179632267707
gb300,K0,multi,1,8,16,down_a,bf16,cuda_graph,hot,segmented,9.240000275895,indexed,0.6060576433724485
gb300,K0,multi,1,8,16,down_a,bf16,cuda_graph,cold,indexed,10.77600009739399,segmented,18.782475510001962
gb300,K0,multi,1,8,16,down_finalize,bf16,eager,hot,indexed,33.37599989026785,segmented,101.9415129086371
gb300,K0,multi,1,8,16,down_finalize,bf16,eager,cold,indexed,9.024000260978937,segmented,70.30140988961546
gb300,K0,multi,1,8,16,down_finalize,bf16,cuda_graph,hot,indexed,9.160000132396817,segmented,0.9606983658466239
gb300,K0,multi,1,8,16,down_finalize,bf16,cuda_graph,cold,indexed,10.792000219225883,aligned,11.341730137035233
gb300,K0,multi,1,8,16,down_finalize,fp32,eager,hot,indexed,33.19200035184622,one_shot_fp32,101.85586616070941
gb300,K0,multi,1,8,16,down_finalize,fp32,eager,cold,indexed,10.239999741315842,segmented,50.0
gb300,K0,multi,1,8,16,down_finalize,fp32,cuda_graph,hot,indexed,9.263999992981553,aligned,3.540586535678325
gb300,K0,multi,1,8,16,down_finalize,fp32,cuda_graph,cold,indexed,10.768000036478043,aligned,0.2228843115391621
gb300,K0,multi,1,16,16,gate_a,bf16,eager,hot,indexed,43.14400069415569,segmented,8.344148466942137
gb300,K0,multi,1,16,16,gate_a,bf16,eager,cold,aligned,13.119999784976244,indexed,62.98780993139837
gb300,K0,multi,1,16,16,gate_a,bf16,cuda_graph,hot,aligned,9.215999860316515,indexed,32.72569654537021
gb300,K0,multi,1,16,16,gate_a,bf16,cuda_graph,cold,aligned,12.807999970391393,indexed,47.845099488472464
gb300,K0,multi,1,16,16,gate_consumer,bf16,eager,hot,segmented,51.68000049889088,indexed,28.57585245659213
gb300,K0,multi,1,16,16,gate_consumer,bf16,eager,cold,segmented,13.175999978557229,aligned,3.5822715721717913
gb300,K0,multi,1,16,16,gate_consumer,bf16,cuda_graph,hot,aligned,8.911999873816967,segmented,3.7701948974348642
gb300,K0,multi,1,16,16,gate_consumer,bf16,cuda_graph,cold,segmented,11.832000222057104,aligned,8.586881347325903
gb300,K0,multi,1,16,16,gate_consumer,fp32,eager,hot,segmented,52.319999784231186,bmm,665.6727741158968
gb300,K0,multi,1,16,16,gate_consumer,fp32,eager,cold,segmented,13.039999874308705,bmm,2528.650335918021
gb300,K0,multi,1,16,16,gate_consumer,fp32,cuda_graph,hot,segmented,9.18399984948337,bmm,348.4320602629805
gb300,K0,multi,1,16,16,gate_consumer,fp32,cuda_graph,cold,segmented,10.768000036478043,bmm,342.42200259953853
gb300,K0,multi,1,16,16,down_a,bf16,eager,hot,indexed,41.6079992428422,segmented,7.786965284395286
gb300,K0,multi,1,16,16,down_a,bf16,eager,cold,aligned,10.912000201642513,indexed,2.052784447049838
gb300,K0,multi,1,16,16,down_a,bf16,cuda_graph,hot,indexed,9.039999917149544,segmented,0.5309749237273564
gb300,K0,multi,1,16,16,down_a,bf16,cuda_graph,cold,aligned,10.375999845564365,indexed,3.7779510095237168
gb300,K0,multi,1,16,16,down_finalize,bf16,eager,hot,indexed,32.656000927090645,segmented,98.87309857594006
gb300,K0,multi,1,16,16,down_finalize,bf16,eager,cold,indexed,9.264000225812197,segmented,65.80310057826142
gb300,K0,multi,1,16,16,down_finalize,bf16,cuda_graph,hot,aligned,8.960000006482005,indexed,2.4107144504441846
gb300,K0,multi,1,16,16,down_finalize,bf16,cuda_graph,cold,indexed,10.768000036478043,aligned,9.361069730528794
gb300,K0,multi,1,16,16,down_finalize,fp32,eager,hot,indexed,31.783999875187874,segmented,104.15303531049895
gb300,K0,multi,1,16,16,down_finalize,fp32,eager,cold,indexed,9.655999951064587,aligned,58.98922565099265
gb300,K0,multi,1,16,16,down_finalize,fp32,cuda_graph,hot,segmented,9.135999949648976,indexed,0.5253955005426914
gb300,K0,multi,1,16,16,down_finalize,fp32,cuda_graph,cold,indexed,10.768000036478043,segmented,1.263000287492222
gb300,K0,multi,32,8,16,gate_a,bf16,eager,hot,indexed,43.44000015407801,segmented,7.605893187977841
gb300,K0,multi,32,8,16,gate_a,bf16,eager,cold,aligned,14.304000185802579,indexed,50.33556732358038
gb300,K0,multi,32,8,16,gate_a,bf16,cuda_graph,hot,aligned,10.095999808982015,indexed,34.78605882216335
gb300,K0,multi,32,8,16,gate_a,bf16,cuda_graph,cold,aligned,12.81600003130734,indexed,63.982520188602265
gb300,K0,multi,32,8,16,gate_consumer,bf16,eager,hot,segmented,55.688001215457916,indexed,20.34190214303193
gb300,K0,multi,32,8,16,gate_consumer,bf16,eager,cold,indexed,19.367999397218227,segmented,9.913260244127887
gb300,K0,multi,32,8,16,gate_consumer,bf16,cuda_graph,hot,indexed,16.3199994713068,segmented,9.068628318164906
gb300,K0,multi,32,8,16,gate_consumer,bf16,cuda_graph,cold,indexed,17.960000317543745,segmented,9.309574963000532
gb300,K0,multi,32,8,16,gate_consumer,fp32,eager,hot,segmented,53.57600003480911,,
gb300,K0,multi,32,8,16,gate_consumer,fp32,eager,cold,segmented,17.40800030529499,,
gb300,K0,multi,32,8,16,gate_consumer,fp32,cuda_graph,hot,segmented,14.448000118136406,,
gb300,K0,multi,32,8,16,gate_consumer,fp32,cuda_graph,cold,segmented,16.912000253796577,,
gb300,K0,multi,32,8,16,down_a,bf16,eager,hot,indexed,42.85600036382675,segmented,8.008213614833704
gb300,K0,multi,32,8,16,down_a,bf16,eager,cold,indexed,13.159999856725335,segmented,0.48632412761178134
gb300,K0,multi,32,8,16,down_a,bf16,cuda_graph,hot,indexed,9.176000021398067,segmented,1.6564976648426155
gb300,K0,multi,32,8,16,down_a,bf16,cuda_graph,cold,indexed,11.416000314056873,segmented,12.193411447712998
gb300,K0,multi,32,8,16,down_finalize,bf16,eager,hot,indexed,33.73599983751774,segmented,90.98885775339573
gb300,K0,multi,32,8,16,down_finalize,bf16,eager,cold,indexed,12.264000251889229,aligned,47.09719198351807
gb300,K0,multi,32,8,16,down_finalize,bf16,cuda_graph,hot,indexed,10.43200003914535,aligned,29.677912328683842
gb300,K0,multi,32,8,16,down_finalize,bf16,cuda_graph,cold,indexed,12.83199992030859,aligned,16.02244442420322
gb300,K0,multi,32,8,16,down_finalize,fp32,eager,hot,indexed,32.95999998226762,segmented,95.41262315918095
gb300,K0,multi,32,8,16,down_finalize,fp32,eager,cold,indexed,12.28800043463707,aligned,52.01822551526662
gb300,K0,multi,32,8,16,down_finalize,fp32,cuda_graph,hot,indexed,10.76000020839274,aligned,25.57620552228834
gb300,K0,multi,32,8,16,down_finalize,fp32,cuda_graph,cold,indexed,12.848000042140484,aligned,15.753424955429107
gb300,K0,multi,32,16,16,gate_a,bf16,eager,hot,indexed,41.97600111365318,segmented,6.575180245170165
gb300,K0,multi,32,16,16,gate_a,bf16,eager,cold,aligned,15.335999662056565,indexed,42.1491929790021
gb300,K0,multi,32,16,16,gate_a,bf16,cuda_graph,hot,aligned,10.95200004056096,indexed,20.964205435030834
gb300,K0,multi,32,16,16,gate_a,bf16,cuda_graph,cold,aligned,14.864000026136637,indexed,41.7653406086435
gb300,K0,multi,32,16,16,gate_consumer,bf16,eager,hot,segmented,52.77600046247244,indexed,26.997118769338478
gb300,K0,multi,32,16,16,gate_consumer,bf16,eager,cold,aligned,17.231999896466732,indexed,1.0213579960869579
gb300,K0,multi,32,16,16,gate_consumer,bf16,cuda_graph,hot,aligned,12.919999891892076,segmented,2.1671829638177043
gb300,K0,multi,32,16,16,gate_consumer,bf16,cuda_graph,cold,aligned,16.552000306546688,indexed,2.2716291814776524
gb300,K0,multi,32,16,16,gate_consumer,fp32,eager,hot,segmented,54.32000011205673,,
gb300,K0,multi,32,16,16,gate_consumer,fp32,eager,cold,segmented,17.40800030529499,,
gb300,K0,multi,32,16,16,gate_consumer,fp32,cuda_graph,hot,segmented,13.199999928474426,,
gb300,K0,multi,32,16,16,gate_consumer,fp32,cuda_graph,cold,segmented,16.93600043654442,,
gb300,K0,multi,32,16,16,down_a,bf16,eager,hot,indexed,43.62399969249964,segmented,8.857510954152414
gb300,K0,multi,32,16,16,down_a,bf16,eager,cold,aligned,11.088000144809484,indexed,15.800864119173008
gb300,K0,multi,32,16,16,down_a,bf16,cuda_graph,hot,segmented,9.216000093147159,aligned,0.3472198098857904
gb300,K0,multi,32,16,16,down_a,bf16,cuda_graph,cold,aligned,10.768000036478043,indexed,18.94502161035083
gb300,K0,multi,32,16,16,down_finalize,bf16,eager,hot,indexed,32.99199976027012,segmented,104.41319083841898
gb300,K0,multi,32,16,16,down_finalize,bf16,eager,cold,indexed,10.239999741315842,aligned,68.28125324007495
gb300,K0,multi,32,16,16,down_finalize,bf16,cuda_graph,hot,indexed,9.3039998319,aligned,25.795358527040847
gb300,K0,multi,32,16,16,down_finalize,bf16,cuda_graph,cold,indexed,10.792000219225883,aligned,28.391398746028386
gb300,K0,multi,32,16,16,down_finalize,fp32,eager,hot,indexed,32.52800041809678,segmented,108.70635135904507
gb300,K0,multi,32,16,16,down_finalize,fp32,eager,cold,indexed,10.239999741315842,aligned,78.35938247490976
gb300,K0,multi,32,16,16,down_finalize,fp32,cuda_graph,hot,indexed,9.248000103980303,aligned,27.335636496988492
gb300,K0,multi,32,16,16,down_finalize,fp32,cuda_graph,cold,indexed,10.77600009739399,aligned,37.71343889129055
gb300,K0,multi,256,8,16,gate_a,bf16,eager,hot,indexed,47.488000243902206,aligned,0.8254701347240712
gb300,K0,multi,256,8,16,gate_a,bf16,eager,cold,aligned,17.424000427126884,segmented,35.16988031029975
gb300,K0,multi,256,8,16,gate_a,bf16,cuda_graph,hot,aligned,11.615999741479754,segmented,39.53168367927906
gb300,K0,multi,256,8,16,gate_a,bf16,cuda_graph,cold,aligned,16.912000253796577,segmented,36.281930370862646
gb300,K0,multi,256,8,16,gate_consumer,bf16,eager,hot,segmented,53.37599944323301,indexed,29.33153682900469
gb300,K0,multi,256,8,16,gate_consumer,bf16,eager,cold,segmented,29.864000622183084,aligned,2.4109275845101363
gb300,K0,multi,256,8,16,gate_consumer,bf16,cuda_graph,hot,aligned,25.184000376611948,segmented,5.368488048079523
gb300,K0,multi,256,8,16,gate_consumer,bf16,cuda_graph,cold,segmented,29.216000344604254,aligned,5.832417117878297
gb300,K0,multi,256,8,16,gate_consumer,fp32,eager,hot,segmented,56.991999968886375,,
gb300,K0,multi,256,8,16,gate_consumer,fp32,eager,cold,segmented,27.648000046610832,,
gb300,K0,multi,256,8,16,gate_consumer,fp32,cuda_graph,hot,segmented,22.47999981045723,,
gb300,K0,multi,256,8,16,gate_consumer,fp32,cuda_graph,cold,segmented,27.15199999511242,,
gb300,K0,multi,256,8,16,down_a,bf16,eager,hot,indexed,42.39200055599213,segmented,6.793733582342165
gb300,K0,multi,256,8,16,down_a,bf16,eager,cold,aligned,14.24000016413629,segmented,2.696626825212789
gb300,K0,multi,256,8,16,down_a,bf16,cuda_graph,hot,segmented,9.27999964915216,aligned,22.586211633278165
gb300,K0,multi,256,8,16,down_a,bf16,cuda_graph,cold,segmented,12.815999798476696,aligned,0.12484489765516305
gb300,K0,multi,256,8,16,down_finalize,bf16,eager,hot,indexed,39.19200133532286,aligned,69.70809744221123
gb300,K0,multi,256,8,16,down_finalize,bf16,eager,cold,aligned,25.655999779701233,indexed,59.90021751188475
gb300,K0,multi,256,8,16,down_finalize,bf16,cuda_graph,hot,aligned,19.368000328540802,indexed,101.94134687476075
gb300,K0,multi,256,8,16,down_finalize,bf16,cuda_graph,cold,aligned,22.040000185370445,indexed,88.16696365602421
gb300,K0,multi,256,8,16,down_finalize,fp32,eager,hot,indexed,38.160000927746296,aligned,73.12368585836249
gb300,K0,multi,256,8,16,down_finalize,fp32,eager,cold,aligned,27.664000168442726,indexed,48.06245921003081
gb300,K0,multi,256,8,16,down_finalize,fp32,cuda_graph,hot,aligned,20.432000048458576,indexed,86.06108394880223
gb300,K0,multi,256,8,16,down_finalize,fp32,cuda_graph,cold,aligned,23.232000414282084,indexed,78.61569637297127
gb300,K0,multi,256,16,16,gate_a,bf16,eager,hot,indexed,44.95199955999851,segmented,4.182239641864283
gb300,K0,multi,256,16,16,gate_a,bf16,eager,cold,aligned,17.83200027421117,segmented,43.56212965245745
gb300,K0,multi,256,16,16,gate_a,bf16,cuda_graph,hot,aligned,12.247999897226691,segmented,33.5075102235522
gb300,K0,multi,256,16,16,gate_a,bf16,cuda_graph,cold,aligned,16.92800037562847,segmented,43.99810533517763
gb300,K0,multi,256,16,16,gate_consumer,bf16,eager,hot,segmented,56.49599991738796,indexed,23.902577882295507
gb300,K0,multi,256,16,16,gate_consumer,bf16,eager,cold,aligned,24.04800057411194,segmented,6.453753917689187
gb300,K0,multi,256,16,16,gate_consumer,bf16,cuda_graph,hot,aligned,18.207999411970377,segmented,12.082609051583116
gb300,K0,multi,256,16,16,gate_consumer,bf16,cuda_graph,cold,aligned,23.080000653862953,segmented,8.665508404863175
gb300,K0,multi,256,16,16,gate_consumer,fp32,eager,hot,segmented,54.183999076485634,,
gb300,K0,multi,256,16,16,gate_consumer,fp32,eager,cold,segmented,24.63200083002448,,
gb300,K0,multi,256,16,16,gate_consumer,fp32,cuda_graph,hot,segmented,20.424000453203917,,
gb300,K0,multi,256,16,16,gate_consumer,fp32,cuda_graph,cold,segmented,23.09600031003356,,
gb300,K0,multi,256,16,16,down_a,bf16,eager,hot,indexed,41.823999024927616,segmented,6.637341346543635
gb300,K0,multi,256,16,16,down_a,bf16,eager,cold,aligned,12.983999913558364,segmented,4.744300970549098
gb300,K0,multi,256,16,16,down_a,bf16,cuda_graph,hot,segmented,9.2720000538975,aligned,1.9844668915303787
gb300,K0,multi,256,16,16,down_a,bf16,cuda_graph,cold,aligned,11.79199991747737,segmented,8.751695633797517
gb300,K0,multi,256,16,16,down_finalize,bf16,eager,hot,indexed,37.78400085866451,aligned,73.95722512218433
gb300,K0,multi,256,16,16,down_finalize,bf16,eager,cold,aligned,24.375999812036753,indexed,26.28815207027573
gb300,K0,multi,256,16,16,down_finalize,bf16,cuda_graph,hot,aligned,18.19199975579977,indexed,57.34388968782929
gb300,K0,multi,256,16,16,down_finalize,bf16,cuda_graph,cold,aligned,21.01599983870983,indexed,48.72478026220082
gb300,K0,multi,256,16,16,down_finalize,fp32,eager,hot,indexed,37.024000659585,aligned,78.2411416066592
gb300,K0,multi,256,16,16,down_finalize,fp32,eager,cold,aligned,26.135999709367752,indexed,23.048669658282716
gb300,K0,multi,256,16,16,down_finalize,fp32,cuda_graph,hot,aligned,18.352000042796135,indexed,56.059285542830835
gb300,K0,multi,256,16,16,down_finalize,fp32,cuda_graph,cold,aligned,20.983999595046043,indexed,56.728938878981225
gb300,K0,multi,2048,8,16,gate_a,bf16,eager,hot,segmented,49.06400013715029,aligned,6.750366998684121
gb300,K0,multi,2048,8,16,gate_a,bf16,eager,cold,aligned,30.503999907523394,segmented,51.06215853089297
gb300,K0,multi,2048,8,16,gate_a,bf16,cuda_graph,hot,aligned,26.559999212622643,segmented,61.686748660925716
gb300,K0,multi,2048,8,16,gate_a,bf16,cuda_graph,cold,aligned,29.200000688433647,segmented,50.246574024737846
gb300,K0,multi,2048,8,16,gate_consumer,bf16,eager,hot,aligned,91.06400050222874,segmented,42.642540451281555
gb300,K0,multi,2048,8,16,gate_consumer,bf16,eager,cold,aligned,109.56799983978271,segmented,26.423775707930286
gb300,K0,multi,2048,8,16,gate_consumer,bf16,cuda_graph,hot,aligned,89.02399986982346,segmented,44.8508272810896
gb300,K0,multi,2048,8,16,gate_consumer,bf16,cuda_graph,cold,aligned,108.05600136518478,segmented,27.467241158072397
gb300,K0,multi,2048,8,16,gate_consumer,fp32,eager,hot,segmented,119.70400251448154,,
gb300,K0,multi,2048,8,16,gate_consumer,fp32,eager,cold,segmented,134.47200134396553,,
gb300,K0,multi,2048,8,16,gate_consumer,fp32,cuda_graph,hot,segmented,116.68800190091133,,
gb300,K0,multi,2048,8,16,gate_consumer,fp32,cuda_graph,cold,segmented,133.65599885582924,,
gb300,K0,multi,2048,8,16,down_a,bf16,eager,hot,aligned,45.45599967241287,segmented,6.863781451601136
gb300,K0,multi,2048,8,16,down_a,bf16,eager,cold,aligned,16.47199969738722,segmented,55.366681414115426
gb300,K0,multi,2048,8,16,down_a,bf16,cuda_graph,hot,aligned,13.184000039473176,segmented,70.63106693670831
gb300,K0,multi,2048,8,16,down_a,bf16,cuda_graph,cold,aligned,15.1119998190552,segmented,66.22551432238957
gb300,K0,multi,2048,8,16,down_finalize,bf16,eager,hot,aligned,97.56800159811974,indexed,179.1079020344274
gb300,K0,multi,2048,8,16,down_finalize,bf16,eager,cold,aligned,97.58400171995163,indexed,179.59501898949748
gb300,K0,multi,2048,8,16,down_finalize,bf16,cuda_graph,hot,aligned,95.16800194978714,indexed,186.1634168890523
gb300,K0,multi,2048,8,16,down_finalize,bf16,cuda_graph,cold,aligned,95.73599882423878,indexed,185.60207540105793
gb300,K0,multi,2048,8,16,down_finalize,fp32,eager,hot,aligned,112.56000027060509,indexed,129.21108803397772
gb300,K0,multi,2048,8,16,down_finalize,fp32,eager,cold,aligned,113.42399939894676,indexed,133.40386349102178
gb300,K0,multi,2048,8,16,down_finalize,fp32,cuda_graph,hot,aligned,108.49599912762642,indexed,137.79678825558412
gb300,K0,multi,2048,8,16,down_finalize,fp32,cuda_graph,cold,aligned,110.10399833321571,indexed,141.29913918468233
gb300,K0,multi,2048,16,16,gate_a,bf16,eager,hot,segmented,47.568000853061676,aligned,10.460809270120986
gb300,K0,multi,2048,16,16,gate_a,bf16,eager,cold,aligned,30.215999577194452,segmented,46.121262263273245
gb300,K0,multi,2048,16,16,gate_a,bf16,cuda_graph,hot,aligned,28.24799995869398,segmented,51.96827779735618
gb300,K0,multi,2048,16,16,gate_a,bf16,cuda_graph,cold,aligned,29.336000327020884,segmented,48.45922958169486
gb300,K0,multi,2048,16,16,gate_consumer,bf16,eager,hot,aligned,75.0880017876625,segmented,45.80225410618883
gb300,K0,multi,2048,16,16,gate_consumer,bf16,eager,cold,aligned,70.66400162875652,segmented,69.95358174734321
gb300,K0,multi,2048,16,16,gate_consumer,bf16,cuda_graph,hot,aligned,55.239999666810036,segmented,96.40839931578475
gb300,K0,multi,2048,16,16,gate_consumer,bf16,cuda_graph,cold,aligned,70.23199833929539,segmented,69.83711428754577
gb300,K0,multi,2048,16,16,gate_consumer,fp32,eager,hot,segmented,109.52799953520298,,
gb300,K0,multi,2048,16,16,gate_consumer,fp32,eager,cold,segmented,116.47200211882591,,
gb300,K0,multi,2048,16,16,gate_consumer,fp32,cuda_graph,hot,segmented,106.71999864280224,,
gb300,K0,multi,2048,16,16,gate_consumer,fp32,cuda_graph,cold,segmented,115.1839978992939,,
gb300,K0,multi,2048,16,16,down_a,bf16,eager,hot,aligned,46.74400016665459,segmented,1.6087629117800928
gb300,K0,multi,2048,16,16,down_a,bf16,eager,cold,aligned,16.79199980571866,segmented,15.864693670048524
gb300,K0,multi,2048,16,16,down_a,bf16,cuda_graph,hot,aligned,13.296000193804502,segmented,38.26714815351959
gb300,K0,multi,2048,16,16,down_a,bf16,cuda_graph,cold,aligned,16.088000033050776,segmented,17.802090885169484
gb300,K0,multi,2048,16,16,down_finalize,bf16,eager,hot,aligned,87.71200105547905,indexed,117.0740629511704
gb300,K0,multi,2048,16,16,down_finalize,bf16,eager,cold,aligned,87.04799972474575,indexed,121.22966548713548
gb300,K0,multi,2048,16,16,down_finalize,bf16,cuda_graph,hot,aligned,84.9439986050129,indexed,124.16651430417383
gb300,K0,multi,2048,16,16,down_finalize,bf16,cuda_graph,cold,aligned,84.48800258338451,indexed,128.4916091132305
gb300,K0,multi,2048,16,16,down_finalize,fp32,eager,hot,aligned,104.2959988117218,indexed,82.5573430967544
gb300,K0,multi,2048,16,16,down_finalize,fp32,eager,cold,aligned,105.31999915838242,indexed,87.0945678320119
gb300,K0,multi,2048,16,16,down_finalize,fp32,cuda_graph,hot,aligned,100.28800368309021,indexed,89.89309998166478
gb300,K0,multi,2048,16,16,down_finalize,fp32,cuda_graph,cold,aligned,101.66400112211704,indexed,93.89360420201778
gb300,O0,multi,1,8,16,gate_a,bf16,eager,hot,indexed,46.776000410318375,bmm,724.9016572269445
gb300,O0,multi,1,8,16,gate_a,bf16,eager,cold,indexed,19.967999309301376,bmm,1577.7243938054362
gb300,O0,multi,1,8,16,gate_a,bf16,cuda_graph,hot,indexed,12.559999711811543,aligned,119.61783592513146
gb300,O0,multi,1,8,16,gate_a,bf16,cuda_graph,cold,indexed,18.960000481456518,aligned,70.126581519913
gb300,O0,multi,1,8,16,gate_consumer,bf16,eager,hot,indexed,69.51199844479561,aligned,457.06065842653214
gb300,O0,multi,1,8,16,gate_consumer,bf16,eager,cold,indexed,16.296000219881535,aligned,1809.4746925838297
gb300,O0,multi,1,8,16,gate_consumer,bf16,cuda_graph,hot,indexed,13.215999817475677,aligned,152.9055744353641
gb300,O0,multi,1,8,16,gate_consumer,bf16,cuda_graph,cold,indexed,14.879999682307243,aligned,171.88171852552108
gb300,O0,multi,1,8,16,gate_consumer,fp32,eager,hot,segmented,395.4000025987625,bmm,61.13100340326088
gb300,O0,multi,1,8,16,gate_consumer,fp32,eager,cold,segmented,334.2000022530556,bmm,68.54578021701431
gb300,O0,multi,1,8,16,gate_consumer,fp32,cuda_graph,hot,segmented,38.05600106716156,bmm,61.23607274378939
gb300,O0,multi,1,8,16,gate_consumer,fp32,cuda_graph,cold,segmented,44.43199932575226,bmm,57.92221578311754
gb300,O0,multi,1,8,16,down_a,bf16,eager,hot,indexed,42.79999993741512,aligned,691.1214842844755
gb300,O0,multi,1,8,16,down_a,bf16,eager,cold,indexed,11.008000001311302,bmm,2392.8052792994777
gb300,O0,multi,1,8,16,down_a,bf16,cuda_graph,hot,indexed,9.264000225812197,aligned,230.82901329120128
gb300,O0,multi,1,8,16,down_a,bf16,cuda_graph,cold,indexed,10.751999914646149,aligned,228.6458437997407
gb300,O0,multi,1,8,16,down_finalize,bf16,eager,hot,indexed,32.10399951785803,one_shot_bf16,105.90581057512392
gb300,O0,multi,1,8,16,down_finalize,bf16,eager,cold,indexed,8.40799999423325,one_shot_bf16,116.93625278075194
gb300,O0,multi,1,8,16,down_finalize,bf16,cuda_graph,hot,indexed,9.488000068813562,one_shot_bf16,22.428329364071487
gb300,O0,multi,1,8,16,down_finalize,bf16,cuda_graph,cold,indexed,9.895999915897846,one_shot_bf16,50.04042538554223
gb300,O0,multi,1,8,16,down_finalize,fp32,eager,hot,indexed,31.935999169945717,one_shot_fp32,108.49199052649881
gb300,O0,multi,1,8,16,down_finalize,fp32,eager,cold,indexed,10.287999641150236,one_shot_fp32,69.75117038817767
gb300,O0,multi,1,8,16,down_finalize,fp32,cuda_graph,hot,indexed,9.367999853566289,one_shot_bf16,19.897526181828653
gb300,O0,multi,1,8,16,down_finalize,fp32,cuda_graph,cold,indexed,10.759999975562096,one_shot_fp32,38.066916652341966
gb300,O0,multi,1,16,16,gate_a,bf16,eager,hot,indexed,43.30400004982948,aligned,691.6312760934417
gb300,O0,multi,1,16,16,gate_a,bf16,eager,cold,indexed,21.40799956396222,aligned,1172.2346906833743
gb300,O0,multi,1,16,16,gate_a,bf16,cuda_graph,hot,indexed,13.143999734893441,aligned,117.5289132744628
gb300,O0,multi,1,16,16,gate_a,bf16,cuda_graph,cold,indexed,19.06399941071868,aligned,80.52875274120109
gb300,O0,multi,1,16,16,gate_consumer,bf16,eager,hot,indexed,67.06400029361248,aligned,452.5587359942981
gb300,O0,multi,1,16,16,gate_consumer,bf16,eager,cold,indexed,15.359999611973763,aligned,1841.3542279438736
gb300,O0,multi,1,16,16,gate_consumer,bf16,cuda_graph,hot,indexed,12.78400025330484,aligned,131.66457715859673
gb300,O0,multi,1,16,16,gate_consumer,bf16,cuda_graph,cold,indexed,14.856000198051333,aligned,139.31071723858096
gb300,O0,multi,1,16,16,gate_consumer,fp32,eager,hot,segmented,376.1359974741936,bmm,61.94355298148315
gb300,O0,multi,1,16,16,gate_consumer,fp32,eager,cold,segmented,314.9999976158142,bmm,69.54412664340887
gb300,O0,multi,1,16,16,gate_consumer,fp32,cuda_graph,hot,segmented,36.78400069475174,bmm,66.85515078290443
gb300,O0,multi,1,16,16,gate_consumer,fp32,cuda_graph,cold,segmented,42.56800003349781,bmm,67.2805822787657
gb300,O0,multi,1,16,16,down_a,bf16,eager,hot,indexed,43.35199948400259,aligned,676.1579699436215
gb300,O0,multi,1,16,16,down_a,bf16,eager,cold,indexed,11.048000073060393,bmm,2295.9449197051454
gb300,O0,multi,1,16,16,down_a,bf16,cuda_graph,hot,indexed,9.360000025480986,aligned,190.68375942087258
gb300,O0,multi,1,16,16,down_a,bf16,cuda_graph,cold,indexed,10.77600009739399,aligned,208.83444496856788
gb300,O0,multi,1,16,16,down_finalize,bf16,eager,hot,indexed,31.504000071436167,one_shot_fp32,105.25647103862168
gb300,O0,multi,1,16,16,down_finalize,bf16,eager,cold,indexed,8.863999973982573,one_shot_bf16,102.25631911667246
gb300,O0,multi,1,16,16,down_finalize,bf16,cuda_graph,hot,indexed,9.312000125646591,one_shot_fp32,30.756012491243844
gb300,O0,multi,1,16,16,down_finalize,bf16,cuda_graph,cold,indexed,10.743999853730202,one_shot_fp32,38.3469864901014
gb300,O0,multi,1,16,16,down_finalize,fp32,eager,hot,indexed,31.87200054526329,one_shot_fp32,105.14558051329104
gb300,O0,multi,1,16,16,down_finalize,fp32,eager,cold,indexed,9.783999994397163,one_shot_bf16,78.08667658529016
gb300,O0,multi,1,16,16,down_finalize,fp32,cuda_graph,hot,indexed,9.304000064730644,one_shot_bf16,30.00859901818742
gb300,O0,multi,1,16,16,down_finalize,fp32,cuda_graph,cold,indexed,10.768000036478043,one_shot_fp32,37.964337991214705
gb300,O0,multi,32,8,16,gate_a,bf16,eager,hot,indexed,44.91200018674135,aligned,675.5076596574233
gb300,O0,multi,32,8,16,gate_a,bf16,eager,cold,indexed,21.335999947041273,aligned,1205.4368116117453
gb300,O0,multi,32,8,16,gate_a,bf16,cuda_graph,hot,indexed,13.07199988514185,aligned,150.0612035392253
gb300,O0,multi,32,8,16,gate_a,bf16,cuda_graph,cold,indexed,20.983999595046043,aligned,82.99657216121254
gb300,O0,multi,32,8,16,gate_consumer,bf16,eager,hot,indexed,69.26400028169155,aligned,451.21275103011686
gb300,O0,multi,32,8,16,gate_consumer,bf16,eager,cold,indexed,19.45599913597107,aligned,1479.0296552727718
gb300,O0,multi,32,8,16,gate_consumer,bf16,cuda_graph,hot,indexed,16.303999815136194,aligned,144.65162271850173
gb300,O0,multi,32,8,16,gate_consumer,bf16,cuda_graph,cold,indexed,17.968000378459692,aligned,164.9599296241923
gb300,O0,multi,32,8,16,gate_consumer,fp32,eager,hot,segmented,386.05600595474243,,
gb300,O0,multi,32,8,16,gate_consumer,fp32,eager,cold,segmented,323.41600954532623,,
gb300,O0,multi,32,8,16,gate_consumer,fp32,cuda_graph,hot,segmented,60.58400124311447,,
gb300,O0,multi,32,8,16,gate_consumer,fp32,cuda_graph,cold,segmented,68.57599876821041,,
gb300,O0,multi,32,8,16,down_a,bf16,eager,hot,indexed,42.88800060749054,aligned,700.3543924688125
gb300,O0,multi,32,8,16,down_a,bf16,eager,cold,indexed,12.927999719977379,aligned,2057.673318717063
gb300,O0,multi,32,8,16,down_a,bf16,cuda_graph,hot,indexed,9.343999903649092,aligned,272.94520850029204
gb300,O0,multi,32,8,16,down_a,bf16,cuda_graph,cold,indexed,11.384000070393085,aligned,246.31059558585497
gb300,O0,multi,32,8,16,down_finalize,bf16,eager,hot,indexed,31.496000476181507,one_shot_bf16,132.58826444273683
gb300,O0,multi,32,8,16,down_finalize,bf16,eager,cold,indexed,12.256000190973282,one_shot_fp32,276.50130169349336
gb300,O0,multi,32,8,16,down_finalize,bf16,cuda_graph,hot,indexed,10.904000140726566,aligned,227.87967558475208
gb300,O0,multi,32,8,16,down_finalize,bf16,cuda_graph,cold,indexed,12.807999737560749,aligned,215.6776975215752
gb300,O0,multi,32,8,16,down_finalize,fp32,eager,hot,indexed,31.87200054526329,one_shot_bf16,125.37650596248646
gb300,O0,multi,32,8,16,down_finalize,fp32,eager,cold,indexed,12.28800043463707,one_shot_fp32,275.06509708097684
gb300,O0,multi,32,8,16,down_finalize,fp32,cuda_graph,hot,indexed,10.535999899730086,aligned,242.14123976352312
gb300,O0,multi,32,8,16,down_finalize,fp32,cuda_graph,cold,indexed,12.799999909475446,aligned,215.8749918441062
gb300,O0,multi,32,16,16,gate_a,bf16,eager,hot,indexed,43.168000876903534,aligned,691.4010242822162
gb300,O0,multi,32,16,16,gate_a,bf16,eager,cold,indexed,22.8880001232028,aligned,1109.19263553667
gb300,O0,multi,32,16,16,gate_a,bf16,cuda_graph,hot,indexed,13.232000172138214,aligned,146.8560965872715
gb300,O0,multi,32,16,16,gate_a,bf16,cuda_graph,cold,indexed,21.01599983870983,aligned,83.3269859581052
gb300,O0,multi,32,16,16,gate_consumer,bf16,eager,hot,indexed,66.67199917137623,aligned,458.879297312974
gb300,O0,multi,32,16,16,gate_consumer,bf16,eager,cold,indexed,17.416000366210938,aligned,1623.7023087558864
gb300,O0,multi,32,16,16,gate_consumer,bf16,cuda_graph,hot,indexed,15.696000074967742,aligned,117.58409816552859
gb300,O0,multi,32,16,16,gate_consumer,bf16,cuda_graph,cold,indexed,16.88000001013279,aligned,145.8293797181999
gb300,O0,multi,32,16,16,gate_consumer,fp32,eager,hot,segmented,378.7280023097992,,
gb300,O0,multi,32,16,16,gate_consumer,fp32,eager,cold,segmented,316.76799803972244,,
gb300,O0,multi,32,16,16,gate_consumer,fp32,cuda_graph,hot,segmented,59.328000992536545,,
gb300,O0,multi,32,16,16,gate_consumer,fp32,cuda_graph,cold,segmented,68.12799721956253,,
gb300,O0,multi,32,16,16,down_a,bf16,eager,hot,indexed,44.20000035315752,aligned,668.3257953447315
gb300,O0,multi,32,16,16,down_a,bf16,eager,cold,indexed,13.199999695643783,aligned,1921.757650211002
gb300,O0,multi,32,16,16,down_a,bf16,cuda_graph,hot,indexed,9.591999929398298,aligned,209.09091526959784
gb300,O0,multi,32,16,16,down_a,bf16,cuda_graph,cold,indexed,11.767999967560172,aligned,192.79402411898343
gb300,O0,multi,32,16,16,down_finalize,bf16,eager,hot,indexed,31.40000021085143,one_shot_bf16,132.1783485091209
gb300,O0,multi,32,16,16,down_finalize,bf16,eager,cold,indexed,10.239999741315842,one_shot_fp32,444.9218907740491
gb300,O0,multi,32,16,16,down_finalize,bf16,cuda_graph,hot,indexed,9.463999886065722,aligned,255.95942389668065
gb300,O0,multi,32,16,16,down_finalize,bf16,cuda_graph,cold,indexed,10.751999914646149,aligned,247.61906411781786
gb300,O0,multi,32,16,16,down_finalize,fp32,eager,hot,indexed,31.2480004504323,one_shot_fp32,127.18894406148493
gb300,O0,multi,32,16,16,down_finalize,fp32,eager,cold,indexed,10.224000085145235,one_shot_fp32,435.9937361634402
gb300,O0,multi,32,16,16,down_finalize,fp32,cuda_graph,hot,indexed,9.400000097230077,aligned,257.36169494564064
gb300,O0,multi,32,16,16,down_finalize,fp32,cuda_graph,cold,indexed,10.77600009739399,aligned,265.70154015654447
gb300,O0,multi,256,8,16,gate_a,bf16,eager,hot,indexed,48.648000694811344,aligned,616.0006473005765
gb300,O0,multi,256,8,16,gate_a,bf16,eager,cold,indexed,35.80800071358681,aligned,672.542442955193
gb300,O0,multi,256,8,16,gate_a,bf16,cuda_graph,hot,indexed,30.64800053834915,aligned,20.020882434809238
gb300,O0,multi,256,8,16,gate_a,bf16,cuda_graph,cold,indexed,35.35200096666813,aligned,26.023984558887104
gb300,O0,multi,256,8,16,gate_consumer,bf16,eager,hot,indexed,71.56000100076199,aligned,406.3387328437721
gb300,O0,multi,256,8,16,gate_consumer,bf16,eager,cold,indexed,58.920000679790974,aligned,405.89273487628657
gb300,O0,multi,256,8,16,gate_consumer,bf16,cuda_graph,hot,aligned,49.31200109422207,indexed,16.125890060651173
gb300,O0,multi,256,8,16,gate_consumer,bf16,cuda_graph,cold,indexed,58.10400005429983,aligned,3.097896181351456
gb300,O0,multi,256,8,16,gate_consumer,fp32,eager,hot,segmented,376.71199440956116,,
gb300,O0,multi,256,8,16,gate_consumer,fp32,eager,cold,segmented,317.54399836063385,,
gb300,O0,multi,256,8,16,gate_consumer,fp32,cuda_graph,hot,segmented,70.6080012023449,,
gb300,O0,multi,256,8,16,gate_consumer,fp32,cuda_graph,cold,segmented,81.12000115215778,,
gb300,O0,multi,256,8,16,down_a,bf16,eager,hot,indexed,41.40799958258867,aligned,732.0517834069525
gb300,O0,multi,256,8,16,down_a,bf16,eager,cold,indexed,17.40800030529499,aligned,1427.9871095713188
gb300,O0,multi,256,8,16,down_a,bf16,cuda_graph,hot,indexed,14.45599994622171,aligned,147.64804085398274
gb300,O0,multi,256,8,16,down_a,bf16,cuda_graph,cold,indexed,16.896000131964684,aligned,145.45453843915936
gb300,O0,multi,256,8,16,down_finalize,bf16,eager,hot,indexed,38.83200138807297,one_shot_fp32,567.0374752755355
gb300,O0,multi,256,8,16,down_finalize,bf16,eager,cold,indexed,41.03199951350689,one_shot_fp32,541.4700842580019
gb300,O0,multi,256,8,16,down_finalize,bf16,cuda_graph,hot,indexed,38.83200138807297,aligned,10.67160557972333
gb300,O0,multi,256,8,16,down_finalize,bf16,cuda_graph,cold,indexed,41.48799926042557,aligned,24.6432698653569
gb300,O0,multi,256,8,16,down_finalize,fp32,eager,hot,indexed,38.4880006313324,one_shot_fp32,572.8538735352626
gb300,O0,multi,256,8,16,down_finalize,fp32,eager,cold,indexed,40.94399884343147,one_shot_fp32,543.1418544620097
gb300,O0,multi,256,8,16,down_finalize,fp32,cuda_graph,hot,indexed,38.0800012499094,aligned,18.067222019908492
gb300,O0,multi,256,8,16,down_finalize,fp32,cuda_graph,cold,indexed,41.48799926042557,aligned,29.579638766796723
gb300,O0,multi,256,16,16,gate_a,bf16,eager,hot,indexed,46.560000628232956,aligned,649.9999799973676
gb300,O0,multi,256,16,16,gate_a,bf16,eager,cold,indexed,37.84800134599209,aligned,628.3872219043282
gb300,O0,multi,256,16,16,gate_a,bf16,cuda_graph,hot,indexed,32.67199918627739,aligned,12.83056222672756
gb300,O0,multi,256,16,16,gate_a,bf16,cuda_graph,cold,indexed,37.42399998009205,aligned,27.255240767441258
gb300,O0,multi,256,16,16,gate_consumer,bf16,eager,hot,indexed,71.04000076651573,aligned,413.6486527941906
gb300,O0,multi,256,16,16,gate_consumer,bf16,eager,cold,indexed,31.74399957060814,aligned,845.5645468398579
gb300,O0,multi,256,16,16,gate_consumer,bf16,cuda_graph,hot,indexed,29.85600009560585,aligned,43.83708143669733
gb300,O0,multi,256,16,16,gate_consumer,bf16,cuda_graph,cold,indexed,31.247999519109726,aligned,65.48899025771242
gb300,O0,multi,256,16,16,gate_consumer,fp32,eager,hot,segmented,375.5280002951622,,
gb300,O0,multi,256,16,16,gate_consumer,fp32,eager,cold,segmented,314.5119994878769,,
gb300,O0,multi,256,16,16,gate_consumer,fp32,cuda_graph,hot,segmented,69.59200091660023,,
gb300,O0,multi,256,16,16,gate_consumer,fp32,cuda_graph,cold,segmented,77.48000137507915,,
gb300,O0,multi,256,16,16,down_a,bf16,eager,hot,indexed,42.88800060749054,aligned,699.5336612042743
gb300,O0,multi,256,16,16,down_a,bf16,eager,cold,indexed,17.376000061631203,aligned,1465.9300163828302
gb300,O0,multi,256,16,16,down_a,bf16,cuda_graph,hot,indexed,14.872000087052584,aligned,128.45615655913133
gb300,O0,multi,256,16,16,down_a,bf16,cuda_graph,cold,indexed,16.920000314712524,aligned,139.7635871814789
gb300,O0,multi,256,16,16,down_finalize,bf16,eager,hot,indexed,35.87200026959181,one_shot_fp32,833.4299653191906
gb300,O0,multi,256,16,16,down_finalize,bf16,eager,cold,indexed,30.743999406695366,aligned,854.618816605969
gb300,O0,multi,256,16,16,down_finalize,bf16,cuda_graph,hot,indexed,29.76000029593706,aligned,37.4999941322923
gb300,O0,multi,256,16,16,down_finalize,bf16,cuda_graph,cold,indexed,31.231999397277832,aligned,62.295080402911516
gb300,O0,multi,256,16,16,down_finalize,fp32,eager,hot,indexed,36.17599979043007,one_shot_fp32,825.3427764472598
gb300,O0,multi,256,16,16,down_finalize,fp32,eager,cold,indexed,31.66400035843253,aligned,825.896915998449
gb300,O0,multi,256,16,16,down_finalize,fp32,cuda_graph,hot,indexed,29.343999922275543,aligned,46.23772846665659
gb300,O0,multi,256,16,16,down_finalize,fp32,cuda_graph,cold,indexed,33.28000009059906,aligned,55.38461159595107
gb300,O0,multi,2048,8,16,gate_a,bf16,eager,hot,indexed,177.0080029964447,aligned,89.6321019132731
gb300,O0,multi,2048,8,16,gate_a,bf16,eager,cold,indexed,182.00000002980232,aligned,46.58022137353377
gb300,O0,multi,2048,8,16,gate_a,bf16,cuda_graph,hot,aligned,59.304000809788704,segmented,177.87669511652103
gb300,O0,multi,2048,8,16,gate_a,bf16,cuda_graph,cold,aligned,67.05599837005138,segmented,157.40874376031496
gb300,O0,multi,2048,8,16,gate_consumer,bf16,eager,hot,aligned,368.27199161052704,segmented,3.423558370927937
gb300,O0,multi,2048,8,16,gate_consumer,bf16,eager,cold,aligned,298.8639995455742,segmented,9.3152749791108
gb300,O0,multi,2048,8,16,gate_consumer,bf16,cuda_graph,hot,aligned,121.78400158882141,segmented,105.10411321182276
gb300,O0,multi,2048,8,16,gate_consumer,bf16,cuda_graph,cold,aligned,145.38399502635002,segmented,81.34596128823036
gb300,O0,multi,2048,8,16,gate_consumer,fp32,eager,hot,segmented,380.6240037083626,,
gb300,O0,multi,2048,8,16,gate_consumer,fp32,eager,cold,segmented,326.9520029425621,,
gb300,O0,multi,2048,8,16,gate_consumer,fp32,cuda_graph,hot,segmented,241.2559986114502,,
gb300,O0,multi,2048,8,16,gate_consumer,fp32,cuda_graph,cold,segmented,260.5680078268051,,
gb300,O0,multi,2048,8,16,down_a,bf16,eager,hot,indexed,60.336001217365265,aligned,455.2108065028591
gb300,O0,multi,2048,8,16,down_a,bf16,eager,cold,indexed,64.24799934029579,aligned,310.2104428386124
gb300,O0,multi,2048,8,16,down_a,bf16,cuda_graph,hot,aligned,44.99199986457825,indexed,31.88122606696382
gb300,O0,multi,2048,8,16,down_a,bf16,cuda_graph,cold,aligned,53.79199981689453,indexed,18.94706115370979
gb300,O0,multi,2048,8,16,down_finalize,bf16,eager,hot,indexed,272.2799926996231,aligned,35.25782681761418
gb300,O0,multi,2048,8,16,down_finalize,bf16,eager,cold,indexed,272.599995136261,aligned,12.692591772241158
gb300,O0,multi,2048,8,16,down_finalize,bf16,cuda_graph,hot,aligned,132.88800418376923,indexed,104.92444294734122
gb300,O0,multi,2048,8,16,down_finalize,bf16,cuda_graph,cold,aligned,133.56799632310867,indexed,104.77360845058121
gb300,O0,multi,2048,8,16,down_finalize,fp32,eager,hot,indexed,258.04800540208817,aligned,45.855032841852996
gb300,O0,multi,2048,8,16,down_finalize,fp32,eager,cold,indexed,264.664001762867,aligned,19.360398187058436
gb300,O0,multi,2048,8,16,down_finalize,fp32,cuda_graph,hot,aligned,147.37600088119507,indexed,75.05700066206711
gb300,O0,multi,2048,8,16,down_finalize,fp32,cuda_graph,cold,aligned,142.95199885964394,indexed,86.0764485593335
gb300,O0,multi,2048,16,16,gate_a,bf16,eager,hot,indexed,185.7519969344139,aligned,80.98109233442369
gb300,O0,multi,2048,16,16,gate_a,bf16,eager,cold,indexed,192.52000376582146,aligned,37.96800046904756
gb300,O0,multi,2048,16,16,gate_a,bf16,cuda_graph,hot,aligned,59.304000809788704,segmented,179.56293169110836
gb300,O0,multi,2048,16,16,gate_a,bf16,cuda_graph,cold,aligned,68.11199709773064,segmented,153.01856437505043
gb300,O0,multi,2048,16,16,gate_consumer,bf16,eager,hot,indexed,177.12000384926796,aligned,103.73080495945666
gb300,O0,multi,2048,16,16,gate_consumer,bf16,eager,cold,indexed,177.15999484062195,aligned,70.6570423128729
gb300,O0,multi,2048,16,16,gate_consumer,bf16,cuda_graph,hot,aligned,87.99999952316284,indexed,98.90000220130793
gb300,O0,multi,2048,16,16,gate_consumer,bf16,cuda_graph,cold,aligned,107.13600181043148,indexed,64.91188711163316
gb300,O0,multi,2048,16,16,gate_consumer,fp32,eager,hot,segmented,379.66400384902954,,
gb300,O0,multi,2048,16,16,gate_consumer,fp32,eager,cold,segmented,324.087992310524,,
gb300,O0,multi,2048,16,16,gate_consumer,fp32,cuda_graph,hot,segmented,231.62400349974632,,
gb300,O0,multi,2048,16,16,gate_consumer,fp32,cuda_graph,cold,segmented,243.3280013501644,,
gb300,O0,multi,2048,16,16,down_a,bf16,eager,hot,indexed,60.30400097370148,aligned,457.7739364600303
gb300,O0,multi,2048,16,16,down_a,bf16,eager,cold,indexed,64.42399881780148,aligned,312.7033419221137
gb300,O0,multi,2048,16,16,down_a,bf16,cuda_graph,hot,aligned,46.00000008940697,indexed,24.539130975618704
gb300,O0,multi,2048,16,16,down_a,bf16,cuda_graph,cold,aligned,52.73599922657013,indexed,19.462989110363704
gb300,O0,multi,2048,16,16,down_finalize,bf16,eager,hot,indexed,190.40000438690186,aligned,93.25209461485822
gb300,O0,multi,2048,16,16,down_finalize,bf16,eager,cold,indexed,192.9519958794117,aligned,59.47592938081063
gb300,O0,multi,2048,16,16,down_finalize,bf16,cuda_graph,hot,aligned,122.05600179731846,indexed,55.980859389384285
gb300,O0,multi,2048,16,16,down_finalize,bf16,cuda_graph,cold,aligned,121.35200016200542,indexed,59.054647726499866
gb300,O0,multi,2048,16,16,down_finalize,fp32,eager,hot,indexed,190.44000282883644,aligned,94.00125768646761
gb300,O0,multi,2048,16,16,down_finalize,fp32,eager,cold,indexed,196.6719999909401,aligned,58.237062130361
gb300,O0,multi,2048,16,16,down_finalize,fp32,cuda_graph,hot,aligned,138.57599720358849,indexed,37.81319196786146
gb300,O0,multi,2048,16,16,down_finalize,fp32,cuda_graph,cold,aligned,140.04800096154213,indexed,40.740316321428004
