device_label,device,case_id,distribution,local_num_experts,max_loras,num_experts,tokens,top_k,mode,variant,o0_us,k0_us,m0_us_per_layer,o0_delta_pct_vs_current,m0_delta_pct_vs_current,producer_estimate_us,prefill_reuse_policy_eligible,projected_40_layers_us,projected_40_layers_delta_pct,projected_60_layers_us,projected_60_layers_delta_pct,projected_75_layers_us,projected_75_layers_delta_pct
gb300,NVIDIA GB300,T1_L1_E32_EL32_iid,iid,32,1,32,1,8,eager,current_sgl,278.9759933948517,95.04000097513199,225.77600181102753,0.0,0.0,183.9359924197197,False,11159.039735794067,0.0,16738.5596036911,0.0,20923.199504613876,0.0
gb300,NVIDIA GB300,T1_L1_E32_EL32_iid,iid,32,1,32,1,8,eager,legacy_merged,181.7920058965683,93.21600198745728,143.25200021266937,-34.83596789661144,-36.551272472009664,88.57600390911102,False,7271.680235862732,-34.83596789661144,10907.520353794098,-34.83596789661144,13634.400442242622,-34.83596789661144
gb300,NVIDIA GB300,T1_L1_E32_EL32_iid,iid,32,1,32,1,8,eager,prefill_reuse,192.47999787330627,92.00000017881393,154.10800278186798,-31.00481674748349,-31.74296579542808,100.47999769449234,False,7699.199914932251,-31.00481674748349,11548.799872398376,-31.00481674748349,14435.99984049797,-31.00481674748349
gb300,NVIDIA GB300,T1_L1_E32_EL32_iid,iid,32,1,32,1,8,eager,cross_layer_memo,192.32000410556793,94.43199634552002,78.5520002245903,-31.062167118671844,-65.20799394333432,97.88800776004791,False,3875.1678615808487,-65.27328557536411,5763.807788491249,-65.56568829721618,7180.287733674049,-65.68264938595702
gb300,NVIDIA GB300,T1_L1_E32_EL32_iid,iid,32,1,32,1,8,cuda_graph,current_sgl,19.967999309301376,11.296000331640244,16.340000554919243,0.0,0.0,8.671998977661133,False,798.719972372055,0.0,1198.0799585580826,0.0,1497.5999481976032,0.0
gb300,NVIDIA GB300,T1_L1_E32_EL32_iid,iid,32,1,32,1,8,cuda_graph,legacy_merged,16.00000075995922,11.168000288307667,11.935999616980553,-19.871788294252426,-26.952269206703562,4.832000471651554,False,640.0000303983688,-19.871788294252426,960.0000455975533,-19.871788294252426,1200.0000569969416,-19.871788294252426
gb300,NVIDIA GB300,T1_L1_E32_EL32_iid,iid,32,1,32,1,8,cuda_graph,prefill_reuse,15.072000212967396,11.136000044643879,10.735999792814255,-24.519227091786576,-34.29620912967395,3.936000168323517,False,602.8800085186958,-24.519227091786576,904.3200127780437,-24.519227091786576,1130.4000159725547,-24.519227091786576
gb300,NVIDIA GB300,T1_L1_E32_EL32_iid,iid,32,1,32,1,8,cuda_graph,cross_layer_memo,14.047999866306782,11.42400037497282,5.85199985653162,-29.647434133458606,-64.1860486059173,2.6239994913339615,False,459.5840144902468,-42.45993209292555,688.0640219897032,-42.56944062249364,859.4240276142955,-42.613244034320886
gb300,NVIDIA GB300,T1_L1_E32_EL32_skew,skew,32,1,32,1,8,eager,current_sgl,248.19199740886688,73.15199822187424,213.24799954891205,0.0,0.0,175.03999918699265,False,9927.679896354675,0.0,14891.519844532013,0.0,18614.399805665016,0.0
gb300,NVIDIA GB300,T1_L1_E32_EL32_skew,skew,32,1,32,1,8,eager,legacy_merged,163.58399391174316,72.41600006818771,132.30000436306,-34.08973874276134,-37.95955664629119,91.16799384355545,False,6543.359756469727,-34.08973874276134,9815.03963470459,-34.08973874276134,12268.799543380737,-34.08973874276134
gb300,NVIDIA GB300,T1_L1_E32_EL32_skew,skew,32,1,32,1,8,eager,prefill_reuse,173.6000031232834,71.45600020885468,141.744002699852,-30.05414963589742,-33.53091095828048,102.14400291442871,False,6944.000124931335,-30.05414963589742,10416.000187397003,-30.05414963589742,13020.000234246254,-30.05414963589742
gb300,NVIDIA GB300,T1_L1_E32_EL32_skew,skew,32,1,32,1,8,eager,cross_layer_memo,173.47200214862823,71.58400118350983,73.9160031080246,-30.105723004898632,-65.33800867329089,101.88800096511841,False,2965.2480483055115,-70.1315102897877,4396.928071975708,-70.47361103581238,5470.688089728355,-70.61045133422226
gb300,NVIDIA GB300,T1_L1_E32_EL32_skew,skew,32,1,32,1,8,cuda_graph,current_sgl,19.999999552965164,10.208000428974628,16.279999166727066,0.0,0.0,9.791999123990536,False,799.9999821186066,0.0,1199.9999731779099,0.0,1499.9999664723873,0.0
gb300,NVIDIA GB300,T1_L1_E32_EL32_skew,skew,32,1,32,1,8,cuda_graph,legacy_merged,15.200000256299973,10.17600018531084,11.756000109016895,-23.999997019767694,-27.78869342300879,5.024000070989132,False,608.0000102519989,-23.999997019767694,912.0000153779984,-23.999997019767694,1140.000019222498,-23.999997019767694
gb300,NVIDIA GB300,T1_L1_E32_EL32_skew,skew,32,1,32,1,8,cuda_graph,prefill_reuse,14.431999996304512,10.27199998497963,10.715999640524387,-27.839998405575717,-34.17690301590639,4.1600000113248825,False,577.2799998521805,-27.839998405575717,865.9199997782707,-27.839998405575717,1082.3999997228384,-27.839998405575717
gb300,NVIDIA GB300,T1_L1_E32_EL32_skew,skew,32,1,32,1,8,cuda_graph,cross_layer_memo,14.336000196635723,10.111999697983265,5.803999956697226,-28.31999741464848,-64.3488927901213,4.224000498652458,False,408.70398841798306,-48.912000305846334,610.9439823776484,-49.088000330557435,762.6239778473973,-49.158400340441865
gb300,NVIDIA GB300,T1_L1_E32_EL32_base_rows,base_rows,32,1,32,1,8,eager,current_sgl,235.6799989938736,68.7360018491745,206.70799911022186,0.0,0.0,166.9439971446991,False,9427.199959754944,0.0,14140.799939632416,0.0,17675.99992454052,0.0
gb300,NVIDIA GB300,T1_L1_E32_EL32_base_rows,base_rows,32,1,32,1,8,eager,legacy_merged,155.07200360298157,68.70400160551071,129.99999523162842,-34.20230640487545,-37.10935435918511,86.36800199747086,False,6202.880144119263,-34.20230640487545,9304.320216178894,-34.20230640487545,11630.400270223618,-34.20230640487545
gb300,NVIDIA GB300,T1_L1_E32_EL32_base_rows,base_rows,32,1,32,1,8,eager,prefill_reuse,167.55199432373047,69.88800317049026,139.44000005722046,-28.90699463721318,-32.54252343526021,97.6639911532402,False,6702.079772949219,-28.90699463721318,10053.119659423828,-28.90699463721318,12566.399574279785,-28.90699463721318
gb300,NVIDIA GB300,T1_L1_E32_EL32_base_rows,base_rows,32,1,32,1,8,eager,cross_layer_memo,164.5440012216568,70.592001080513,71.2679997086525,-30.183298572597984,-65.52237938762562,93.9520001411438,False,2917.632043361664,-69.05091590485893,4329.472064971924,-69.3831177623996,5388.352081179619,-69.5159985054159
gb300,NVIDIA GB300,T1_L1_E32_EL32_base_rows,base_rows,32,1,32,1,8,cuda_graph,current_sgl,19.1040001809597,10.015999898314476,16.076000407338142,0.0,0.0,9.088000282645226,False,764.1600072383881,0.0,1146.240010857582,0.0,1432.8000135719776,0.0
gb300,NVIDIA GB300,T1_L1_E32_EL32_base_rows,base_rows,32,1,32,1,8,cuda_graph,legacy_merged,14.208000153303146,9.8879998549819,10.448000393807888,-25.62814060552737,-35.00870783109252,4.320000298321247,False,568.3200061321259,-25.62814060552737,852.4800091981888,-25.62814060552737,1065.600011497736,-25.62814060552737
gb300,NVIDIA GB300,T1_L1_E32_EL32_base_rows,base_rows,32,1,32,1,8,cuda_graph,prefill_reuse,14.175999909639359,9.983999654650688,10.39199996739626,-25.795646067004917,-35.357055834281596,4.19200025498867,False,567.0399963855743,-25.795646067004917,850.5599945783615,-25.795646067004917,1063.199993222952,-25.795646067004917
gb300,NVIDIA GB300,T1_L1_E32_EL32_base_rows,base_rows,32,1,32,1,8,cuda_graph,cross_layer_memo,13.183999806642532,9.952000342309475,5.107999779284,-30.988276372701407,-68.22592902552817,3.2319994643330574,False,401.31201315671206,-47.48324835697423,600.3520200029016,-47.62423102350647,749.6320251375437,-47.68062409011937
gb300,NVIDIA GB300,T1_L1_E256_EL32_iid,iid,32,1,256,1,8,eager,current_sgl,258.30399990081787,75.39200037717819,217.70800650119781,0.0,0.0,182.91199952363968,False,10332.159996032715,0.0,15498.239994049072,0.0,19372.79999256134,0.0
gb300,NVIDIA GB300,T1_L1_E256_EL32_iid,iid,32,1,256,1,8,eager,legacy_merged,158.52800011634827,73.60000163316727,132.10800290107727,-38.627353747050385,-39.318720967503594,84.927998483181,False,6341.120004653931,-38.627353747050385,9511.680006980896,-38.627353747050385,11889.60000872612,-38.627353747050385
gb300,NVIDIA GB300,T1_L1_E256_EL32_iid,iid,32,1,256,1,8,eager,prefill_reuse,171.26399278640747,72.25599884986877,141.52400195598602,-33.696732202300986,-34.993662277088845,99.0079939365387,False,6850.559711456299,-33.696732202300986,10275.839567184448,-33.696732202300986,12844.79945898056,-33.696732202300986
gb300,NVIDIA GB300,T1_L1_E256_EL32_iid,iid,32,1,256,1,8,eager,cross_layer_memo,176.15999281406403,73.82400333881378,73.22400063276291,-31.801291160142718,-66.36595878601274,102.33598947525024,False,3055.2961230278015,-70.42926044311201,4531.776189804077,-70.75941402672714,5639.136239886284,-70.8914754601732
gb300,NVIDIA GB300,T1_L1_E256_EL32_iid,iid,32,1,256,1,8,cuda_graph,current_sgl,18.52799952030182,9.696000255644321,15.807999297976494,0.0,0.0,8.831999264657497,False,741.1199808120728,0.0,1111.6799712181091,0.0,1389.5999640226364,0.0
gb300,NVIDIA GB300,T1_L1_E256_EL32_iid,iid,32,1,256,1,8,cuda_graph,legacy_merged,15.71200042963028,9.696000255644321,11.528000235557556,-15.19861379306462,-27.07489405675012,6.016000173985958,False,628.4800171852112,-15.19861379306462,942.7200257778168,-15.19861379306462,1178.400032222271,-15.19861379306462
gb300,NVIDIA GB300,T1_L1_E256_EL32_iid,iid,32,1,256,1,8,cuda_graph,prefill_reuse,14.368000440299511,10.495999827980995,10.259999893605709,-22.452499933649296,-35.09615163685488,3.8720006123185158,False,574.7200176119804,-22.452499933649296,862.0800264179707,-22.452499933649296,1077.6000330224633,-22.452499933649296
gb300,NVIDIA GB300,T1_L1_E256_EL32_iid,iid,32,1,256,1,8,cuda_graph,cross_layer_memo,13.856000266969204,9.79200005531311,5.7760002091526985,-25.215886087504114,-63.46153551580651,4.064000211656094,False,395.7440024241805,-46.601898117690865,591.5840035304427,-46.78468454529931,738.4640043601394,-46.85779911634267
gb300,NVIDIA GB300,T1_L1_E256_EL32_skew,skew,32,1,256,1,8,eager,current_sgl,241.7600005865097,69.43999975919724,212.00799942016602,0.0,0.0,172.32000082731247,False,9670.400023460388,0.0,14505.600035190582,0.0,18132.000043988228,0.0
gb300,NVIDIA GB300,T1_L1_E256_EL32_skew,skew,32,1,256,1,8,eager,legacy_merged,155.68000078201294,67.90400296449661,129.36000525951385,-35.60555906505075,-38.983431939686874,87.77599781751633,False,6227.200031280518,-35.60555906505075,9340.800046920776,-35.60555906505075,11676.00005865097,-35.60555906505075
gb300,NVIDIA GB300,T1_L1_E256_EL32_skew,skew,32,1,256,1,8,eager,prefill_reuse,175.90400576591492,68.89600306749344,142.3480063676834,-27.24023604435314,-32.85724748264221,107.00800269842148,False,7036.160230636597,-27.24023604435314,10554.240345954895,-27.24023604435314,13192.800432443619,-27.24023604435314
gb300,NVIDIA GB300,T1_L1_E256_EL32_skew,skew,32,1,256,1,8,eager,cross_layer_memo,171.80800437927246,68.86400282382965,71.69999927282333,-28.9344788374974,-66.18052174025502,102.94400155544281,False,2857.504114508629,-70.45102469829247,4234.784170985222,-70.80586697060696,5267.744213342667,-70.94780387953276
gb300,NVIDIA GB300,T1_L1_E256_EL32_skew,skew,32,1,256,1,8,cuda_graph,current_sgl,18.559999763965607,9.727999567985535,15.836000442504883,0.0,0.0,8.832000195980072,False,742.3999905586243,0.0,1113.5999858379364,0.0,1391.9999822974205,0.0
gb300,NVIDIA GB300,T1_L1_E256_EL32_skew,skew,32,1,256,1,8,cuda_graph,legacy_merged,15.48799965530634,9.983999654650688,11.69199962168932,-16.55172493387409,-26.168228751072697,5.504000000655651,False,619.5199862122536,-16.55172493387409,929.2799793183804,-16.55172493387409,1161.5999741479754,-16.55172493387409
gb300,NVIDIA GB300,T1_L1_E256_EL32_skew,skew,32,1,256,1,8,cuda_graph,prefill_reuse,14.14399966597557,9.920000098645687,10.420000180602074,-23.79310427882514,-34.20055639406212,4.223999567329884,False,565.7599866390228,-23.79310427882514,848.6399799585342,-23.79310427882514,1060.7999749481678,-23.79310427882514
gb300,NVIDIA GB300,T1_L1_E256_EL32_skew,skew,32,1,256,1,8,cuda_graph,cross_layer_memo,13.439999893307686,9.952000342309475,5.779999773949385,-27.58620655048952,-63.50088650897307,3.487999550998211,False,401.5680132433772,-45.90948028687144,600.6080200895667,-46.066089464105474,749.8880252242088,-46.12873313499909
gb300,NVIDIA GB300,T1_L1_E256_EL32_base_rows,base_rows,32,1,256,1,8,eager,current_sgl,245.56800723075867,68.35199892520905,216.75999462604523,0.0,0.0,177.21600830554962,False,9822.720289230347,0.0,14734.08043384552,0.0,18417.6005423069,0.0
gb300,NVIDIA GB300,T1_L1_E256_EL32_base_rows,base_rows,32,1,256,1,8,eager,legacy_merged,153.24799716472626,68.70400160551071,129.8000067472458,-37.59447784225406,-40.118098373651925,84.54399555921555,False,6129.91988658905,-37.59447784225406,9194.879829883575,-37.59447784225406,11493.59978735447,-37.59447784225406
gb300,NVIDIA GB300,T1_L1_E256_EL32_base_rows,base_rows,32,1,256,1,8,eager,prefill_reuse,166.81599617004395,69.50400024652481,141.89200103282928,-32.06932855333715,-34.53958084949132,97.31199592351913,False,6672.639846801758,-32.06932855333715,10008.959770202637,-32.06932855333715,12511.199712753296,-32.06932855333715
gb300,NVIDIA GB300,T1_L1_E256_EL32_base_rows,base_rows,32,1,256,1,8,eager,cross_layer_memo,170.27199268341064,69.37599927186966,72.98000156879425,-30.66198052281006,-66.33142490398217,100.89599341154099,False,2875.9359642863274,-70.72159361557398,4263.455949723721,-71.06398347106769,5304.095938801765,-71.20093941326517
gb300,NVIDIA GB300,T1_L1_E256_EL32_base_rows,base_rows,32,1,256,1,8,cuda_graph,current_sgl,17.983999103307724,9.983999654650688,15.316000208258629,0.0,0.0,7.999999448657036,False,719.359964132309,0.0,1079.0399461984634,0.0,1348.7999327480793,0.0
gb300,NVIDIA GB300,T1_L1_E256_EL32_base_rows,base_rows,32,1,256,1,8,cuda_graph,legacy_merged,13.98400031030178,9.8879998549819,10.387999936938286,-22.241987280071875,-32.175504076208405,4.096000455319881,False,559.3600124120712,-22.241987280071875,839.0400186181068,-22.241987280071875,1048.8000232726336,-22.241987280071875
gb300,NVIDIA GB300,T1_L1_E256_EL32_base_rows,base_rows,32,1,256,1,8,cuda_graph,prefill_reuse,13.69599997997284,9.920000098645687,10.143999941647053,-23.843412684257814,-33.7686092732145,3.7759998813271523,False,547.8399991989136,-23.843412684257814,821.7599987983704,-23.843412684257814,1027.199998497963,-23.843412684257814
gb300,NVIDIA GB300,T1_L1_E256_EL32_base_rows,base_rows,32,1,256,1,8,cuda_graph,cross_layer_memo,13.439999893307686,10.048000141978264,5.107999779284,-25.26690078161914,-66.64925757490074,3.391999751329422,False,405.31200543046,-43.656580065677296,606.2720082700253,-43.813756811694894,756.9920103996992,-43.876627510101926
gb300,NVIDIA GB300,T1_L8_E32_EL32_iid,iid,32,8,32,1,8,eager,current_sgl,294.5919930934906,73.31199944019318,263.02799582481384,0.0,0.0,221.27999365329742,False,11783.679723739624,0.0,17675.519585609436,0.0,22094.399482011795,0.0
gb300,NVIDIA GB300,T1_L8_E32_EL32_iid,iid,32,8,32,1,8,eager,legacy_merged,161.50400042533875,74.20799881219864,133.98399949073792,-45.17705701047875,-49.06093586327742,87.2960016131401,False,6460.16001701355,-45.17705701047875,9690.240025520325,-45.17705701047875,12112.800031900406,-45.17705701047875
gb300,NVIDIA GB300,T1_L8_E32_EL32_iid,iid,32,8,32,1,8,eager,prefill_reuse,197.79199361801147,74.75200295448303,168.25200617313385,-32.859005589048394,-36.03266236146369,123.03999066352844,False,7911.679744720459,-32.859005589048394,11867.519617080688,-32.859005589048394,14834.39952135086,-32.859005589048394
gb300,NVIDIA GB300,T1_L8_E32_EL32_iid,iid,32,8,32,1,8,eager,cross_layer_memo,198.08000326156616,76.12799853086472,76.60000026226044,-32.76123998431137,-70.8776246338132,121.95200473070145,False,3167.07194596529,-73.12323467528698,4689.631916582584,-73.46820898888507,5831.551894545555,-73.60619871432431
gb300,NVIDIA GB300,T1_L8_E32_EL32_iid,iid,32,8,32,1,8,cuda_graph,current_sgl,20.22399939596653,10.143999941647053,17.316000536084175,0.0,0.0,10.079999454319477,False,808.9599758386612,0.0,1213.4399637579918,0.0,1516.7999546974897,0.0
gb300,NVIDIA GB300,T1_L8_E32_EL32_iid,iid,32,8,32,1,8,cuda_graph,legacy_merged,16.1920003592968,10.111999697983265,12.012000195682049,-19.936704692909913,-30.630631648164453,6.080000661313534,False,647.680014371872,-19.936704692909913,971.5200215578079,-19.936704692909913,1214.40002694726,-19.936704692909913
gb300,NVIDIA GB300,T1_L8_E32_EL32_iid,iid,32,8,32,1,8,cuda_graph,prefill_reuse,14.944000169634819,10.111999697983265,11.219999752938747,-26.107591890972625,-35.20443863721415,4.832000471651554,False,597.7600067853928,-26.107591890972625,896.6400101780891,-26.107591890972625,1120.8000127226114,-26.107591890972625
gb300,NVIDIA GB300,T1_L8_E32_EL32_iid,iid,32,8,32,1,8,cuda_graph,cross_layer_memo,14.240000396966934,10.17600018531084,6.016000173985958,-29.588603529097433,-65.25756532838263,4.064000211656094,False,411.1040076240897,-49.181168425806,614.6240113303065,-49.34862624543599,767.2640141099691,-49.415609373287985
gb300,NVIDIA GB300,T1_L8_E32_EL32_skew,skew,32,8,32,1,8,eager,current_sgl,288.63999247550964,71.6480016708374,260.09601354599,0.0,0.0,216.99199080467224,False,11545.599699020386,0.0,17318.39954853058,0.0,21647.999435663223,0.0
gb300,NVIDIA GB300,T1_L8_E32_EL32_skew,skew,32,8,32,1,8,eager,legacy_merged,157.05600380897522,70.592001080513,132.0360004901886,-45.58758041046546,-49.235669286087656,86.46400272846222,False,6282.240152359009,-45.58758041046546,9423.360228538513,-45.58758041046546,11779.200285673141,-45.58758041046546
gb300,NVIDIA GB300,T1_L8_E32_EL32_skew,skew,32,8,32,1,8,eager,prefill_reuse,189.43999707698822,71.80800288915634,166.91599786281586,-34.36807025517723,-35.82523792380159,117.63199418783188,False,7577.599883079529,-34.36807025517723,11366.399824619293,-34.36807025517723,14207.999780774117,-34.36807025517723
gb300,NVIDIA GB300,T1_L8_E32_EL32_skew,skew,32,8,32,1,8,eager,cross_layer_memo,188.06399405002594,70.97599655389786,75.6400004029274,-34.844789719850525,-70.91843147778472,117.08799749612808,False,2956.1278596520424,-74.39606484968587,4375.6477907299995,-74.73410993626565,5440.287739038467,-74.86932797089759
gb300,NVIDIA GB300,T1_L8_E32_EL32_skew,skew,32,8,32,1,8,cuda_graph,current_sgl,19.711999222636223,10.111999697983265,17.32799969613552,0.0,0.0,9.599999524652958,False,788.4799689054489,0.0,1182.7199533581734,0.0,1478.3999416977167,0.0
gb300,NVIDIA GB300,T1_L8_E32_EL32_skew,skew,32,8,32,1,8,cuda_graph,legacy_merged,16.287999227643013,9.855999611318111,12.19599973410368,-17.370130529739814,-29.61680547106875,6.431999616324902,False,651.5199691057205,-17.370130529739814,977.2799536585808,-17.370130529739814,1221.599942073226,-17.370130529739814
gb300,NVIDIA GB300,T1_L8_E32_EL32_skew,skew,32,8,32,1,8,cuda_graph,prefill_reuse,14.751999638974667,10.080000385642052,11.4120002835989,-25.162336542534735,-34.14127144667485,4.671999253332615,False,590.0799855589867,-25.162336542534735,885.11997833848,-25.162336542534735,1106.3999729231,-25.162336542534735
gb300,NVIDIA GB300,T1_L8_E32_EL32_skew,skew,32,8,32,1,8,cuda_graph,cross_layer_memo,15.104000456631184,9.759999811649323,6.023999769240618,-23.376618038384745,-65.23545778579344,5.344000644981861,False,395.74399311095476,-49.8092521411396,590.9439893439412,-50.03517209073579,737.343986518681,-50.12554007057427
gb300,NVIDIA GB300,T1_L8_E32_EL32_base_rows,base_rows,32,8,32,1,8,eager,current_sgl,291.7119860649109,70.3359991312027,264.0320062637329,0.0,0.0,221.3759869337082,False,11668.479442596436,0.0,17502.719163894653,0.0,21878.398954868317,0.0
gb300,NVIDIA GB300,T1_L8_E32_EL32_base_rows,base_rows,32,8,32,1,8,eager,legacy_merged,163.10399770736694,66.81600213050842,137.7439945936203,-44.0873171145345,-47.830569277259386,96.28799557685852,False,6524.159908294678,-44.0873171145345,9786.239862442017,-44.0873171145345,12232.79982805252,-44.0873171145345
gb300,NVIDIA GB300,T1_L8_E32_EL32_base_rows,base_rows,32,8,32,1,8,eager,prefill_reuse,191.9039934873581,68.09599697589874,169.56399381160736,-34.21456688287873,-35.77900035261806,123.80799651145935,False,7676.159739494324,-34.21456688287873,11514.239609241486,-34.21456688287873,14392.799511551857,-34.21456688287873
gb300,NVIDIA GB300,T1_L8_E32_EL32_base_rows,base_rows,32,8,32,1,8,eager,cross_layer_memo,197.28000462055206,70.04799693822861,77.15199887752533,-32.371649419762306,-70.77930059719324,127.23200768232346,False,2929.1518852114677,-74.8968843830805,4330.11182397604,-75.26034792977552,5380.831778049469,-75.40573334845352
gb300,NVIDIA GB300,T1_L8_E32_EL32_base_rows,base_rows,32,8,32,1,8,cuda_graph,current_sgl,19.680000841617584,9.952000342309475,17.052000388503075,0.0,0.0,9.72800049930811,False,787.2000336647034,0.0,1180.800050497055,0.0,1476.0000631213188,0.0
gb300,NVIDIA GB300,T1_L8_E32_EL32_base_rows,base_rows,32,8,32,1,8,cuda_graph,legacy_merged,14.303999952971935,9.920000098645687,10.448000393807888,-27.31707651798948,-38.72859397275046,4.383999854326248,False,572.1599981188774,-27.31707651798948,858.2399971783161,-27.31707651798948,1072.7999964728951,-27.31707651798948
gb300,NVIDIA GB300,T1_L8_E32_EL32_base_rows,base_rows,32,8,32,1,8,cuda_graph,prefill_reuse,13.75999953597784,9.855999611318111,11.19999960064888,-30.081306160925724,-34.31855884661938,3.903999924659729,False,550.3999814391136,-30.081306160925724,825.5999721586704,-30.081306160925724,1031.999965198338,-30.081306160925724
gb300,NVIDIA GB300,T1_L8_E32_EL32_base_rows,base_rows,32,8,32,1,8,cuda_graph,cross_layer_memo,14.047999866306782,9.8879998549819,5.772000178694725,-28.617889910861837,-66.15059789356816,4.1600000113248825,False,399.67999421060085,-49.227645183150635,597.4399913102388,-49.40379693761464,745.7599891349673,-49.47425763940024
gb300,NVIDIA GB300,T1_L8_E256_EL32_iid,iid,32,8,256,1,8,eager,current_sgl,290.71998596191406,72.80000299215317,254.6440064907074,0.0,0.0,217.9199829697609,False,11628.799438476562,0.0,17443.199157714844,0.0,21803.998947143555,0.0
gb300,NVIDIA GB300,T1_L8_E256_EL32_iid,iid,32,8,256,1,8,eager,prefill_reuse,192.51200556755066,72.09599763154984,164.05999660491943,-33.78095250982476,-35.57280264874155,120.41600793600082,False,7700.480222702026,-33.78095250982476,11550.72033405304,-33.78095250982476,14438.4004175663,-33.78095250982476
gb300,NVIDIA GB300,T1_L8_E256_EL32_iid,iid,32,8,256,1,8,eager,cross_layer_memo,194.94399428367615,72.67200201749802,75.35599917173386,-32.944412597345504,-70.40731481952874,122.27199226617813,False,3029.152072966099,-73.9512914553892,4482.592113316059,-74.30177759947503,5572.672143578529,-74.44197205710937
gb300,NVIDIA GB300,T1_L8_E256_EL32_iid,iid,32,8,256,1,8,cuda_graph,current_sgl,21.727999672293663,10.048000141978264,18.65600049495697,0.0,0.0,11.6799995303154,False,869.1199868917465,0.0,1303.6799803376198,0.0,1629.5999754220247,0.0
gb300,NVIDIA GB300,T1_L8_E256_EL32_iid,iid,32,8,256,1,8,cuda_graph,prefill_reuse,14.336000196635723,10.080000385642052,11.727999895811081,-34.0206166565982,-37.13550822974433,4.255999810993671,False,573.4400078654289,-34.0206166565982,860.1600117981434,-34.0206166565982,1075.2000147476792,-34.0206166565982
gb300,NVIDIA GB300,T1_L8_E256_EL32_iid,iid,32,8,256,1,8,cuda_graph,cross_layer_memo,15.584000386297703,10.239999741315842,6.1039999127388,-28.27687490179065,-67.2813049378466,5.344000644981861,False,414.9439902976155,-52.25699597801346,619.7439851239324,-52.46195427781022,773.34398124367,-52.54393759772893
gb300,NVIDIA GB300,T1_L8_E256_EL32_skew,skew,32,8,256,1,8,eager,current_sgl,275.7759988307953,69.34399902820587,245.11200189590454,0.0,0.0,206.43199980258942,False,11031.039953231812,0.0,16546.559929847717,0.0,20683.199912309647,0.0
gb300,NVIDIA GB300,T1_L8_E256_EL32_skew,skew,32,8,256,1,8,eager,prefill_reuse,188.7039989233017,69.56800073385239,158.21200609207153,-31.573451017003606,-35.453178600670135,119.13599818944931,False,7548.159956932068,-31.573451017003606,11322.239935398102,-31.573451017003606,14152.799919247627,-31.573451017003606
gb300,NVIDIA GB300,T1_L8_E256_EL32_skew,skew,32,8,256,1,8,eager,cross_layer_memo,184.00000035762787,69.2799985408783,74.52400028705597,-33.27918269257266,-69.5959399333268,114.72000181674957,False,2885.9199434518814,-73.83818791621381,4271.519914269447,-74.18484608051845,5310.719892382622,-74.3235093462403
gb300,NVIDIA GB300,T1_L8_E256_EL32_skew,skew,32,8,256,1,8,cuda_graph,current_sgl,21.79200015962124,9.855999611318111,19.063999876379967,0.0,0.0,11.936000548303127,False,871.6800063848495,0.0,1307.5200095772743,0.0,1634.400011971593,0.0
gb300,NVIDIA GB300,T1_L8_E256_EL32_skew,skew,32,8,256,1,8,cuda_graph,prefill_reuse,15.32800029963255,9.79200005531311,11.963999830186367,-29.66226052056453,-37.24297152871052,5.536000244319439,False,613.120011985302,-29.66226052056453,919.680017977953,-29.66226052056453,1149.6000224724412,-29.66226052056453
gb300,NVIDIA GB300,T1_L8_E256_EL32_skew,skew,32,8,256,1,8,cuda_graph,cross_layer_memo,15.71200042963028,10.623999871313572,6.068000104278326,-27.900145399487897,-68.17037272541899,5.088000558316708,False,430.0479954108596,-50.66446491133674,642.527992837131,-50.85903174477136,801.8879909068346,-50.93685847814518
gb300,NVIDIA GB300,T1_L8_E256_EL32_base_rows,base_rows,32,8,256,1,8,eager,current_sgl,279.07198667526245,69.21599805355072,253.8599967956543,0.0,0.0,209.85598862171173,False,11162.879467010498,0.0,16744.319200515747,0.0,20930.399000644684,0.0
gb300,NVIDIA GB300,T1_L8_E256_EL32_base_rows,base_rows,32,8,256,1,8,eager,prefill_reuse,184.12800133228302,69.21599805355072,161.51200234889984,-34.021324201722706,-36.37752919420792,114.9120032787323,False,7365.120053291321,-34.021324201722706,11047.680079936981,-34.021324201722706,13809.600099921227,-34.021324201722706
gb300,NVIDIA GB300,T1_L8_E256_EL32_base_rows,base_rows,32,8,256,1,8,eager,cross_layer_memo,186.78399920463562,68.28799843788147,74.87999647855759,-33.06959919915439,-70.50342810063432,118.49600076675415,False,2850.015938282013,-74.46881025003786,4215.775907039642,-74.82264966072917,5240.095883607864,-74.9641854250057
gb300,NVIDIA GB300,T1_L8_E256_EL32_base_rows,base_rows,32,8,256,1,8,cuda_graph,current_sgl,21.12000063061714,9.696000255644321,18.10400001704693,0.0,0.0,11.42400037497282,False,844.8000252246857,0.0,1267.2000378370285,0.0,1584.0000472962856,0.0
gb300,NVIDIA GB300,T1_L8_E256_EL32_base_rows,base_rows,32,8,256,1,8,cuda_graph,prefill_reuse,14.175999909639359,9.759999811649323,11.203999631106853,-32.87879031078833,-38.11312626736058,4.416000097990036,False,567.0399963855743,-32.87879031078833,850.5599945783615,-32.87879031078833,1063.199993222952,-32.87879031078833
gb300,NVIDIA GB300,T1_L8_E256_EL32_base_rows,base_rows,32,8,256,1,8,cuda_graph,cross_layer_memo,14.4640002399683,9.824000298976898,5.659999791532755,-31.51515242381102,-68.73619207797594,4.639999940991402,False,397.60001190006733,-52.935606057265396,594.0800178796053,-53.11868685755133,741.4400223642588,-53.1919191776657
gb300,NVIDIA GB300,T32_L1_E32_EL32_iid,iid,32,1,32,32,8,eager,current_sgl,270.27198672294617,87.67999708652496,219.5120006799698,0.0,0.0,182.5919896364212,False,10810.879468917847,0.0,16216.31920337677,0.0,20270.399004220963,0.0
gb300,NVIDIA GB300,T32_L1_E32_EL32_iid,iid,32,1,32,32,8,eager,legacy_merged,179.51999604701996,85.11999994516373,138.86000216007233,-33.578023300267304,-36.741498537695605,94.39999610185623,False,7180.799841880798,-33.578023300267304,10771.199762821198,-33.578023300267304,13463.999703526497,-33.578023300267304
gb300,NVIDIA GB300,T32_L1_E32_EL32_iid,iid,32,1,32,32,8,eager,prefill_reuse,190.94400107860565,83.77599716186523,148.59600365161896,-29.35116828280804,-32.306205040580195,107.16800391674042,False,7637.760043144226,-29.35116828280804,11456.64006471634,-29.35116828280804,14320.800080895424,-29.35116828280804
gb300,NVIDIA GB300,T32_L1_E32_EL32_iid,iid,32,1,32,32,8,eager,cross_layer_memo,189.37599658966064,88.16000074148178,76.64000242948532,-29.93132625920696,-65.08619018910949,101.21599584817886,False,3627.61602550745,-66.44476486915667,5390.816040337086,-66.75684554103658,6713.216051459312,-66.88167780978856
gb300,NVIDIA GB300,T32_L1_E32_EL32_iid,iid,32,1,32,32,8,cuda_graph,current_sgl,24.191999807953835,11.04000024497509,20.43999917805195,0.0,0.0,13.151999562978745,False,967.6799923181534,0.0,1451.51998847723,0.0,1814.3999855965376,0.0
gb300,NVIDIA GB300,T32_L1_E32_EL32_iid,iid,32,1,32,32,8,cuda_graph,legacy_merged,16.863999888300896,10.591999627649784,12.671999633312225,-30.291005199345456,-38.00391319526491,6.272000260651112,False,674.5599955320358,-30.291005199345456,1011.8399932980537,-30.291005199345456,1264.7999916225672,-30.291005199345456
gb300,NVIDIA GB300,T32_L1_E32_EL32_iid,iid,32,1,32,32,8,cuda_graph,prefill_reuse,16.416000202298164,10.623999871313572,13.236000202596188,-32.142855767959624,-35.244614800137896,5.792000330984592,False,656.6400080919266,-32.142855767959624,984.9600121378899,-32.142855767959624,1231.2000151723623,-32.142855767959624
gb300,NVIDIA GB300,T32_L1_E32_EL32_iid,iid,32,1,32,32,8,cuda_graph,cross_layer_memo,16.03199914097786,10.528000071644783,6.264000199735165,-33.73016175493328,-69.35420522687046,5.5039990693330765,False,426.6240019351244,-55.9126978627394,637.1840033680201,-56.10229218844716,795.1040044426918,-56.17812991873025
gb300,NVIDIA GB300,T32_L1_E32_EL32_skew,skew,32,1,32,32,8,eager,current_sgl,239.77600038051605,69.24799829721451,212.0719999074936,0.0,0.0,170.52800208330154,False,9591.040015220642,0.0,14386.560022830963,0.0,17983.200028538704,0.0
gb300,NVIDIA GB300,T32_L1_E32_EL32_skew,skew,32,1,32,32,8,eager,legacy_merged,159.87199544906616,69.5360004901886,134.48399305343628,-33.32443814420336,-36.5856911274951,90.33599495887756,False,6394.8798179626465,-33.32443814420336,9592.31972694397,-33.32443814420336,11990.399658679962,-33.32443814420336
gb300,NVIDIA GB300,T32_L1_E32_EL32_skew,skew,32,1,32,32,8,eager,prefill_reuse,166.78400337696075,71.07199728488922,140.54399728775024,-30.441744331259002,-33.728169042091395,95.71200609207153,False,6671.36013507843,-30.441744331259002,10007.040202617645,-30.441744331259002,12508.800253272057,-30.441744331259002
gb300,NVIDIA GB300,T32_L1_E32_EL32_skew,skew,32,1,32,32,8,eager,cross_layer_memo,166.49599373340607,70.49600034952164,73.87600094079971,-30.561860457600933,-65.16466059969036,95.99999338388443,False,2915.84000736475,-69.59829171041498,4325.760014355183,-69.9319364219775,5383.200019598007,-70.0653943066025
gb300,NVIDIA GB300,T32_L1_E32_EL32_skew,skew,32,1,32,32,8,cuda_graph,current_sgl,23.520000278949738,11.071999557316303,20.524000748991966,0.0,0.0,12.448000721633434,False,940.8000111579895,0.0,1411.2000167369843,0.0,1764.0000209212303,0.0
gb300,NVIDIA GB300,T32_L1_E32_EL32_skew,skew,32,1,32,32,8,cuda_graph,legacy_merged,16.48000068962574,9.855999611318111,12.715999968349934,-29.931970688047805,-38.04326883502731,6.624001078307629,False,659.2000275850296,-29.931970688047805,988.8000413775444,-29.931970688047805,1236.0000517219305,-29.931970688047805
gb300,NVIDIA GB300,T32_L1_E32_EL32_skew,skew,32,1,32,32,8,cuda_graph,prefill_reuse,16.767999157309532,9.79200005531311,13.252000324428082,-28.707487421601808,-35.43169050469387,6.975999101996422,False,670.7199662923813,-28.707487421601808,1006.0799494385719,-28.707487421601808,1257.599936798215,-28.707487421601808
gb300,NVIDIA GB300,T32_L1_E32_EL32_skew,skew,32,1,32,32,8,cuda_graph,cross_layer_memo,16.416000202298164,9.568000212311745,6.147999782115221,-30.204081600328937,-70.0448277248422,6.84799998998642,False,389.5680084824562,-58.59183632417755,580.9280127286911,-58.834466706432664,724.4480159133673,-58.93151885933471
gb300,NVIDIA GB300,T32_L1_E32_EL32_base_rows,base_rows,32,1,32,32,8,eager,current_sgl,239.84000086784363,69.11999732255936,210.13599634170532,0.0,0.0,170.72000354528427,False,9593.600034713745,0.0,14390.400052070618,0.0,17988.000065088272,0.0
gb300,NVIDIA GB300,T32_L1_E32_EL32_base_rows,base_rows,32,1,32,32,8,eager,legacy_merged,155.71199357509613,68.60800087451935,133.91199707984924,-35.07672072562392,-36.273651629826944,87.10399270057678,False,6228.479743003845,-35.07672072562392,9342.719614505768,-35.07672072562392,11678.39951813221,-35.07672072562392
gb300,NVIDIA GB300,T32_L1_E32_EL32_base_rows,base_rows,32,1,32,32,8,eager,prefill_reuse,170.78399658203125,69.5360004901886,141.9679969549179,-28.792530034997597,-32.439943928473056,101.24799609184265,False,6831.35986328125,-28.792530034997597,10247.039794921875,-28.792530034997597,12808.799743652344,-28.792530034997597
gb300,NVIDIA GB300,T32_L1_E32_EL32_base_rows,base_rows,32,1,32,32,8,eager,cross_layer_memo,169.08800601959229,69.66400146484375,73.23600351810455,-29.499664189559873,-65.1482826392988,99.42400455474854,False,2885.9840631484985,-69.91761119177603,4279.2640924453735,-70.2630637302565,5324.22411441803,-70.40124474564871
gb300,NVIDIA GB300,T32_L1_E32_EL32_base_rows,base_rows,32,1,32,32,8,cuda_graph,current_sgl,23.552000522613525,9.759999811649323,20.59200033545494,0.0,0.0,13.792000710964203,False,942.080020904541,0.0,1413.1200313568115,0.0,1766.4000391960144,0.0
gb300,NVIDIA GB300,T32_L1_E32_EL32_base_rows,base_rows,32,1,32,32,8,cuda_graph,legacy_merged,16.543999314308167,10.048000141978264,12.719999998807907,-29.755439252714876,-38.22843924051984,6.495999172329903,False,661.7599725723267,-29.755439252714876,992.63995885849,-29.755439252714876,1240.7999485731125,-29.755439252714876
gb300,NVIDIA GB300,T32_L1_E32_EL32_base_rows,base_rows,32,1,32,32,8,cuda_graph,prefill_reuse,16.575999557971954,10.111999697983265,13.199999928474426,-29.619568655934525,-35.89743728904812,6.463999859988689,False,663.0399823188782,-29.619568655934525,994.5599734783173,-29.619568655934525,1243.1999668478966,-29.619568655934525
gb300,NVIDIA GB300,T32_L1_E32_EL32_base_rows,base_rows,32,1,32,32,8,cuda_graph,cross_layer_memo,15.968000516295433,9.759999811649323,6.08400022611022,-32.20108626881309,-70.45454483780821,6.2080007046461105,False,396.607993170619,-57.900816876488406,591.8079894036055,-58.12047269364802,738.2079865783453,-58.20833502051188
gb300,NVIDIA GB300,T32_L1_E256_EL32_iid,iid,32,1,256,32,8,eager,current_sgl,246.5279996395111,72.92799651622772,217.73600578308105,0.0,0.0,173.6000031232834,False,9861.119985580444,0.0,14791.679978370667,0.0,18489.599972963333,0.0
gb300,NVIDIA GB300,T32_L1_E256_EL32_iid,iid,32,1,256,32,8,eager,legacy_merged,162.11199760437012,74.5920017361641,133.15600156784058,-34.24195310819843,-38.8452079439278,87.51999586820602,False,6484.479904174805,-34.24195310819843,9726.719856262207,-34.24195310819843,12158.399820327759,-34.24195310819843
gb300,NVIDIA GB300,T32_L1_E256_EL32_iid,iid,32,1,256,32,8,eager,prefill_reuse,170.81600427627563,72.76800274848938,143.8159942626953,-30.711316959512246,-33.949374268410324,98.04800152778625,False,6832.640171051025,-30.711316959512246,10248.960256576538,-30.711316959512246,12811.200320720673,-30.711316959512246
gb300,NVIDIA GB300,T32_L1_E256_EL32_iid,iid,32,1,256,32,8,eager,cross_layer_memo,169.08800601959229,73.40800017118454,73.79200309515,-31.412250832828924,-66.10941638717067,95.68000584840775,False,3032.0000126957893,-69.25298528839146,4500.16001611948,-69.57641036920823,5601.280018687248,-69.70578040153495
gb300,NVIDIA GB300,T32_L1_E256_EL32_iid,iid,32,1,256,32,8,cuda_graph,current_sgl,19.61600035429001,10.367999784648418,16.77200011909008,0.0,0.0,9.24800056964159,False,784.6400141716003,0.0,1176.9600212574005,0.0,1471.2000265717506,0.0
gb300,NVIDIA GB300,T32_L1_E256_EL32_iid,iid,32,1,256,32,8,cuda_graph,legacy_merged,16.543999314308167,9.983999654650688,12.21999991685152,-15.660690173825353,-27.140473228696326,6.559999659657478,False,661.7599725723267,-15.660690173825353,992.63995885849,-15.660690173825353,1240.7999485731125,-15.660690173825353
gb300,NVIDIA GB300,T32_L1_E256_EL32_iid,iid,32,1,256,32,8,cuda_graph,prefill_reuse,14.783999882638454,11.04000024497509,11.176000349223614,-24.632954651200333,-33.365130754423475,3.7439996376633644,False,591.3599953055382,-24.632954651200333,887.0399929583073,-24.632954651200333,1108.799991197884,-24.632954651200333
gb300,NVIDIA GB300,T32_L1_E256_EL32_iid,iid,32,1,256,32,8,cuda_graph,cross_layer_memo,14.527999795973301,9.983999654650688,6.020000204443932,-25.938012165685777,-64.10684377713605,4.544000141322613,False,403.90398632735014,-48.52365683213594,603.5839794203639,-48.71669653013979,753.3439742401242,-48.79391240934133
gb300,NVIDIA GB300,T32_L1_E256_EL32_skew,skew,32,1,256,32,8,eager,current_sgl,247.16800451278687,70.17599791288376,219.80799734592438,0.0,0.0,176.9920065999031,False,9886.720180511475,0.0,14830.080270767212,0.0,18537.600338459015,0.0
gb300,NVIDIA GB300,T32_L1_E256_EL32_skew,skew,32,1,256,32,8,eager,legacy_merged,158.2079976797104,69.08799707889557,131.09199702739716,-35.99171624516403,-40.36067904249625,89.12000060081482,False,6328.3199071884155,-35.99171624516403,9492.479860782623,-35.99171624516403,11865.59982597828,-35.99171624516403
gb300,NVIDIA GB300,T32_L1_E256_EL32_skew,skew,32,1,256,32,8,eager,prefill_reuse,170.33599317073822,70.52800059318542,147.2720056772232,-31.084934109290774,-32.999705444996685,99.8079925775528,False,6813.439726829529,-31.084934109290774,10220.159590244293,-31.084934109290774,12775.199487805367,-31.084934109290774
gb300,NVIDIA GB300,T32_L1_E256_EL32_skew,skew,32,1,256,32,8,eager,cross_layer_memo,163.2000058889389,70.23999840021133,73.15599918365479,-33.97203403788617,-66.71822678565921,92.96000748872757,False,2902.559943497181,-70.64183176521314,4307.359911501408,-70.95524883980569,5360.959887504578,-71.0806156696427
gb300,NVIDIA GB300,T32_L1_E256_EL32_skew,skew,32,1,256,32,8,cuda_graph,current_sgl,19.967999309301376,9.8879998549819,16.356000676751137,0.0,0.0,10.079999454319477,False,798.719972372055,0.0,1198.0799585580826,0.0,1497.5999481976032,0.0
gb300,NVIDIA GB300,T32_L1_E256_EL32_skew,skew,32,1,256,32,8,cuda_graph,legacy_merged,16.416000202298164,10.015999898314476,12.248000130057335,-17.788457681629833,-25.11616762484624,6.400000303983688,False,656.6400080919266,-17.788457681629833,984.9600121378899,-17.788457681629833,1231.2000151723623,-17.788457681629833
gb300,NVIDIA GB300,T32_L1_E256_EL32_skew,skew,32,1,256,32,8,cuda_graph,prefill_reuse,14.4640002399683,9.8879998549819,11.111999861896038,-27.564098856760456,-32.06163241549057,4.576000384986401,False,578.560009598732,-27.564098856760456,867.840014398098,-27.564098856760456,1084.8000179976225,-27.564098856760456
gb300,NVIDIA GB300,T32_L1_E256_EL32_skew,skew,32,1,256,32,8,cuda_graph,cross_layer_memo,14.240000396966934,9.824000298976898,5.900000222027302,-28.68589298110732,-63.92761079782956,4.416000097990036,False,397.37601205706596,-50.24839420542715,593.8560180366039,-50.4326890876863,741.2160225212574,-50.50640704058995
gb300,NVIDIA GB300,T32_L1_E256_EL32_base_rows,base_rows,32,1,256,32,8,eager,current_sgl,250.7840096950531,68.76800209283829,217.06800162792206,0.0,0.0,182.0160076022148,False,10031.360387802124,0.0,15047.040581703186,0.0,18808.800727128983,0.0
gb300,NVIDIA GB300,T32_L1_E256_EL32_base_rows,base_rows,32,1,256,32,8,eager,legacy_merged,158.81599485874176,69.92000341415405,131.53600692749023,-36.67220049162707,-39.403317881482536,88.89599144458771,False,6352.63979434967,-36.67220049162707,9528.959691524506,-36.67220049162707,11911.199614405632,-36.67220049162707
gb300,NVIDIA GB300,T32_L1_E256_EL32_base_rows,base_rows,32,1,256,32,8,eager,prefill_reuse,167.55199432373047,70.49600034952164,142.78000593185425,-33.18872501980115,-34.22337476686474,97.05599397420883,False,6702.079772949219,-33.18872501980115,10053.119659423828,-33.18872501980115,12566.399574279785,-33.18872501980115
gb300,NVIDIA GB300,T32_L1_E256_EL32_base_rows,base_rows,32,1,256,32,8,eager,cross_layer_memo,169.40799355506897,70.81600278615952,74.51199740171432,-32.44864624301018,-65.6734309788156,98.59199076890945,False,2931.23210221529,-70.77931617550503,4347.55215793848,-71.10692873903064,5409.792199730873,-71.23797376444088
gb300,NVIDIA GB300,T32_L1_E256_EL32_base_rows,base_rows,32,1,256,32,8,cuda_graph,current_sgl,20.128000527620316,10.304000228643417,16.327999532222748,0.0,0.0,9.824000298976898,False,805.1200211048126,0.0,1207.680031657219,0.0,1509.6000395715237,0.0
gb300,NVIDIA GB300,T32_L1_E256_EL32_base_rows,base_rows,32,1,256,32,8,cuda_graph,legacy_merged,16.672000288963318,9.8879998549819,12.467999942600727,-17.17011202337042,-23.640370530415833,6.784000433981419,False,666.8800115585327,-17.17011202337042,1000.3200173377991,-17.17011202337042,1250.4000216722488,-17.17011202337042
gb300,NVIDIA GB300,T32_L1_E256_EL32_base_rows,base_rows,32,1,256,32,8,cuda_graph,prefill_reuse,14.976000413298607,10.015999898314476,10.955999605357647,-25.59618431672814,-32.90053944614368,4.960000514984131,False,599.0400165319443,-25.59618431672814,898.5600247979164,-25.59618431672814,1123.2000309973955,-25.59618431672814
gb300,NVIDIA GB300,T32_L1_E256_EL32_base_rows,base_rows,32,1,256,32,8,cuda_graph,cross_layer_memo,13.919999822974205,9.8879998549819,6.060000043362379,-30.842610005535743,-62.88583894552926,4.031999967992306,False,399.5519941672683,-50.37361092834461,597.3119912669063,-50.540542560163495,745.6319890916348,-50.607315212891045
gb300,NVIDIA GB300,T32_L8_E32_EL32_iid,iid,32,8,32,32,8,eager,current_sgl,294.68798637390137,73.2479989528656,259.93600487709045,0.0,0.0,221.43998742103577,False,11787.519454956055,0.0,17681.279182434082,0.0,22101.598978042603,0.0
gb300,NVIDIA GB300,T32_L8_E32_EL32_iid,iid,32,8,32,32,8,eager,legacy_merged,159.07199680805206,72.25599884986877,131.96000456809998,-46.02019621993655,-49.23365671081362,86.81599795818329,False,6362.8798723220825,-46.02019621993655,9544.319808483124,-46.02019621993655,11930.399760603905,-46.02019621993655
gb300,NVIDIA GB300,T32_L8_E32_EL32_iid,iid,32,8,32,32,8,eager,prefill_reuse,195.64799964427948,74.14399832487106,166.68400168418884,-33.608423590081316,-35.87498516682805,121.50400131940842,False,7825.919985771179,-33.608423590081316,11738.879978656769,-33.608423590081316,14673.599973320961,-33.608423590081316
gb300,NVIDIA GB300,T32_L8_E32_EL32_iid,iid,32,8,32,32,8,eager,cross_layer_memo,195.51999866962433,72.25599884986877,76.23200118541718,-33.6518596921872,-70.6727810864589,123.26399981975555,False,3013.5039538145065,-74.43479126095966,4458.623930811882,-74.78336332565001,5542.463913559914,-74.92279215152615
gb300,NVIDIA GB300,T32_L8_E32_EL32_iid,iid,32,8,32,32,8,cuda_graph,current_sgl,22.143999114632607,9.79200005531311,18.38799938559532,0.0,0.0,12.351999059319496,False,885.7599645853043,0.0,1328.6399468779564,0.0,1660.7999335974455,0.0
gb300,NVIDIA GB300,T32_L8_E32_EL32_iid,iid,32,8,32,32,8,cuda_graph,legacy_merged,17.823999747633934,9.855999611318111,14.267999678850174,-19.508668441663936,-22.40591605616785,7.968000136315823,False,712.9599899053574,-19.508668441663936,1069.439984858036,-19.508668441663936,1336.799981072545,-19.508668441663936
gb300,NVIDIA GB300,T32_L8_E32_EL32_iid,iid,32,8,32,32,8,cuda_graph,prefill_reuse,15.968000516295433,10.784000158309937,12.68799975514412,-27.890168195753382,-30.9984762938182,5.1840003579854965,False,638.7200206518173,-27.890168195753382,958.080030977726,-27.890168195753382,1197.6000387221575,-27.890168195753382
gb300,NVIDIA GB300,T32_L8_E32_EL32_iid,iid,32,8,32,32,8,cuda_graph,cross_layer_memo,14.4640002399683,10.33599954098463,6.4199999906122684,-34.682077229624774,-65.08592448811191,4.128000698983669,False,417.5679823383689,-52.85765906863197,624.2879731580615,-53.01300592195681,779.327966272831,-53.07514466328676
gb300,NVIDIA GB300,T32_L8_E32_EL32_skew,skew,32,8,32,32,8,eager,current_sgl,291.9999957084656,67.52000004053116,252.88799405097961,0.0,0.0,224.47999566793442,False,11679.999828338623,0.0,17519.999742507935,0.0,21899.99967813492,0.0
gb300,NVIDIA GB300,T32_L8_E32_EL32_skew,skew,32,8,32,32,8,eager,legacy_merged,155.68000078201294,67.4239993095398,130.86800277233124,-46.68493045546318,-48.25060665159548,88.25600147247314,False,6227.200031280518,-46.68493045546318,9340.800046920776,-46.68493045546318,11676.00005865097,-46.68493045546318
gb300,NVIDIA GB300,T32_L8_E32_EL32_skew,skew,32,8,32,32,8,eager,prefill_reuse,192.25600361824036,67.10399687290192,163.40799629688263,-34.15890190279666,-35.38325260947688,125.15200674533844,False,7690.240144729614,-34.15890190279666,11535.360217094421,-34.15890190279666,14419.200271368027,-34.15890190279666
gb300,NVIDIA GB300,T32_L8_E32_EL32_skew,skew,32,8,32,32,8,eager,cross_layer_memo,189.28000330924988,67.35999882221222,74.07200336456299,-35.178080105786,-70.709561107266,121.92000448703766,False,2816.3199573755264,-75.88767124343252,4163.519933819771,-76.2356164668312,5173.919916152954,-76.37479455619068
gb300,NVIDIA GB300,T32_L8_E32_EL32_skew,skew,32,8,32,32,8,cuda_graph,current_sgl,21.856000646948814,11.455999687314034,18.347999081015587,0.0,0.0,10.40000095963478,False,874.2400258779526,0.0,1311.3600388169289,0.0,1639.200048521161,0.0
gb300,NVIDIA GB300,T32_L8_E32_EL32_skew,skew,32,8,32,32,8,cuda_graph,legacy_merged,17.632000148296356,10.847999714314938,14.055999927222729,-19.326502441525804,-23.39219189428524,6.784000433981419,False,705.2800059318542,-19.326502441525804,1057.9200088977814,-19.326502441525804,1322.4000111222267,-19.326502441525804
gb300,NVIDIA GB300,T32_L8_E32_EL32_skew,skew,32,8,32,32,8,cuda_graph,prefill_reuse,15.936000272631645,11.008000001311302,12.71199993789196,-27.08638451263784,-30.71724125468872,4.928000271320343,False,637.4400109052658,-27.08638451263784,956.1600163578987,-27.08638451263784,1195.2000204473734,-27.08638451263784
gb300,NVIDIA GB300,T32_L8_E32_EL32_skew,skew,32,8,32,32,8,cuda_graph,cross_layer_memo,15.552000142633915,9.855999611318111,6.599999964237213,-28.84333966742888,-64.0287753716636,5.6960005313158035,False,399.93598498404026,-54.25329736162492,597.0559772104025,-54.470476487216345,744.8959713801742,-54.55734813745292
gb300,NVIDIA GB300,T32_L8_E32_EL32_base_rows,base_rows,32,8,32,32,8,eager,current_sgl,293.69598627090454,66.65600091218948,255.62399625778198,0.0,0.0,227.03998535871506,False,11747.839450836182,0.0,17621.759176254272,0.0,22027.19897031784,0.0
gb300,NVIDIA GB300,T32_L8_E32_EL32_base_rows,base_rows,32,8,32,32,8,eager,legacy_merged,158.24000537395477,66.81600213050842,131.81999325752258,-46.121154945578816,-48.43207398862908,91.42400324344635,False,6329.600214958191,-46.121154945578816,9494.400322437286,-46.121154945578816,11868.000403046608,-46.121154945578816
gb300,NVIDIA GB300,T32_L8_E32_EL32_base_rows,base_rows,32,8,32,32,8,eager,prefill_reuse,197.952002286911,68.35199892520905,162.95599937438965,-32.59969099328429,-36.2516814696622,129.60000336170197,False,7918.08009147644,-32.59969099328429,11877.12013721466,-32.59969099328429,14846.400171518326,-32.59969099328429
gb300,NVIDIA GB300,T32_L8_E32_EL32_base_rows,base_rows,32,8,32,32,8,eager,cross_layer_memo,194.5600062608719,66.78400188684464,74.51999932527542,-33.754625410028524,-70.84780755476245,127.77600437402725,False,2799.1360798478127,-76.17318408578883,4134.816117584705,-76.53573586934235,5136.576145887375,-76.68075658276375
gb300,NVIDIA GB300,T32_L8_E32_EL32_base_rows,base_rows,32,8,32,32,8,cuda_graph,current_sgl,22.495999932289124,10.751999914646149,18.511999398469925,0.0,0.0,11.744000017642975,False,899.8399972915649,0.0,1349.7599959373474,0.0,1687.1999949216843,0.0
gb300,NVIDIA GB300,T32_L8_E32_EL32_base_rows,base_rows,32,8,32,32,8,cuda_graph,legacy_merged,17.696000635623932,9.759999811649323,14.232000336050987,-21.337123538018954,-23.120133975224167,7.936000823974609,False,707.8400254249573,-21.337123538018954,1061.760038137436,-21.337123538018954,1327.200047671795,-21.337123538018954
gb300,NVIDIA GB300,T32_L8_E32_EL32_base_rows,base_rows,32,8,32,32,8,cuda_graph,prefill_reuse,15.615999698638916,9.855999611318111,12.732000090181828,-30.58321592442377,-31.222987770655575,5.760000087320805,False,624.6399879455566,-30.58321592442377,936.959981918335,-30.58321592442377,1171.1999773979187,-30.58321592442377
gb300,NVIDIA GB300,T32_L8_E32_EL32_base_rows,base_rows,32,8,32,32,8,cuda_graph,cross_layer_memo,15.231999568641186,9.727999567985535,6.519999820739031,-32.29018663545477,-64.77960224394816,5.504000000655651,False,394.62398272007704,-56.14509424921557,589.1839740797877,-56.34898234847847,735.1039675995708,-56.43053758818364
gb300,NVIDIA GB300,T32_L8_E256_EL32_iid,iid,32,8,256,32,8,eager,current_sgl,278.3359885215759,69.50400024652481,247.2040057182312,0.0,0.0,208.83198827505112,False,11133.439540863037,0.0,16700.159311294556,0.0,20875.199139118195,0.0
gb300,NVIDIA GB300,T32_L8_E256_EL32_iid,iid,32,8,256,32,8,eager,prefill_reuse,184.51200425624847,69.85600292682648,158.66799652576447,-33.70889433439343,-35.81495734069217,114.656001329422,False,7380.480170249939,-33.70889433439343,11070.720255374908,-33.70889433439343,13838.400319218636,-33.70889433439343
gb300,NVIDIA GB300,T32_L8_E256_EL32_iid,iid,32,8,256,32,8,eager,cross_layer_memo,188.31999599933624,69.40799951553345,73.54400306940079,-32.34076663976274,-70.24967178192576,118.9119964838028,False,2895.2319771051407,-73.99517043696355,4283.39196741581,-74.35119098223876,5324.511960148811,-74.49359920034885
gb300,NVIDIA GB300,T32_L8_E256_EL32_iid,iid,32,8,256,32,8,cuda_graph,current_sgl,22.272000089287758,10.367999784648418,20.547999069094658,0.0,0.0,11.90400030463934,False,890.8800035715103,0.0,1336.3200053572655,0.0,1670.4000066965818,0.0
gb300,NVIDIA GB300,T32_L8_E256_EL32_iid,iid,32,8,256,32,8,cuda_graph,prefill_reuse,16.03199914097786,9.824000298976898,13.000000268220901,-28.017245524847024,-36.73349787243455,6.207998842000961,False,641.2799656391144,-28.017245524847024,961.9199484586716,-28.017245524847024,1202.3999355733395,-28.017245524847024
gb300,NVIDIA GB300,T32_L8_E256_EL32_iid,iid,32,8,256,32,8,cuda_graph,cross_layer_memo,16.03199914097786,9.824000298976898,6.3599999994039536,-28.017245524847024,-69.04808113910347,6.207998842000961,False,399.1680108010769,-55.19396448446203,595.6480167806149,-55.42624413368951,743.0080212652683,-55.5191559933805
gb300,NVIDIA GB300,T32_L8_E256_EL32_skew,skew,32,8,256,32,8,eager,current_sgl,276.73599123954773,70.17599791288376,248.7799972295761,0.0,0.0,206.55999332666397,False,11069.43964958191,0.0,16604.159474372864,0.0,20755.19934296608,0.0
gb300,NVIDIA GB300,T32_L8_E256_EL32_skew,skew,32,8,256,32,8,eager,prefill_reuse,182.3039948940277,68.44799965620041,159.73599255084991,-34.123496521917154,-35.79226853859786,113.8559952378273,False,7292.159795761108,-34.123496521917154,10938.239693641663,-34.123496521917154,13672.799617052078,-34.123496521917154
gb300,NVIDIA GB300,T32_L8_E256_EL32_skew,skew,32,8,256,32,8,eager,cross_layer_memo,184.86399948596954,68.76800209283829,73.7600028514862,-33.19842545310707,-70.35131293798516,116.09599739313126,False,2866.8160811066628,-74.10152481191817,4242.1761229634285,-74.45112395173707,5273.696154356003,-74.59096360766463
gb300,NVIDIA GB300,T32_L8_E256_EL32_skew,skew,32,8,256,32,8,cuda_graph,current_sgl,22.39999920129776,10.143999941647053,20.395999774336815,0.0,0.0,12.255999259650707,False,895.9999680519104,0.0,1343.9999520778656,0.0,1679.999940097332,0.0
gb300,NVIDIA GB300,T32_L8_E256_EL32_skew,skew,32,8,256,32,8,cuda_graph,prefill_reuse,15.263999812304974,9.952000342309475,12.968000024557114,-31.85714126534146,-36.4189048439094,5.311999469995499,False,610.559992492199,-31.85714126534146,915.8399887382984,-31.85714126534146,1144.799985922873,-31.85714126534146
gb300,NVIDIA GB300,T32_L8_E256_EL32_skew,skew,32,8,256,32,8,cuda_graph,cross_layer_memo,16.992000862956047,10.33599954098463,6.428000051528215,-24.14285058558572,-68.48401587248387,6.6560013219714165,False,420.09598296135664,-53.11428594414659,626.8159737810493,-53.36190504977532,781.8559668958187,-53.460952692026794
gb300,NVIDIA GB300,T32_L8_E256_EL32_base_rows,base_rows,32,8,256,32,8,eager,current_sgl,274.7200131416321,67.90400296449661,249.79999661445618,0.0,0.0,206.81601017713547,False,10988.800525665283,0.0,16483.200788497925,0.0,20604.000985622406,0.0
gb300,NVIDIA GB300,T32_L8_E256_EL32_base_rows,base_rows,32,8,256,32,8,eager,prefill_reuse,181.34400248527527,67.48799979686737,160.38399934768677,-33.98951885176882,-35.79503541978624,113.8560026884079,False,7253.760099411011,-33.98951885176882,10880.640149116516,-33.98951885176882,13600.800186395645,-33.98951885176882
gb300,NVIDIA GB300,T32_L8_E256_EL32_base_rows,base_rows,32,8,256,32,8,eager,cross_layer_memo,184.4159960746765,68.38399916887283,74.11599904298782,-32.87129176875777,-70.32986387210437,116.03199690580368,False,2851.391963660717,-74.05183616718634,4219.071947038174,-74.40380663213017,5244.831934571266,-74.5445948181077
gb300,NVIDIA GB300,T32_L8_E256_EL32_base_rows,base_rows,32,8,256,32,8,cuda_graph,current_sgl,22.36800082027912,10.304000228643417,20.392000675201416,0.0,0.0,12.064000591635704,False,894.7200328111649,0.0,1342.0800492167473,0.0,1677.600061520934,0.0
gb300,NVIDIA GB300,T32_L8_E256_EL32_base_rows,base_rows,32,8,256,32,8,cuda_graph,prefill_reuse,15.32800029963255,9.727999567985535,12.947999872267246,-31.473534792899393,-36.50451430195749,5.600000731647015,False,613.120011985302,-31.473534792899393,919.680017977953,-31.473534792899393,1149.6000224724412,-31.473534792899393
gb300,NVIDIA GB300,T32_L8_E256_EL32_base_rows,base_rows,32,8,256,32,8,cuda_graph,cross_layer_memo,16.863999888300896,9.727999567985535,6.316000130027533,-24.606584093953654,-69.02706982690334,7.136000320315361,False,396.25598303973675,-55.71173456408252,590.8159743994474,-55.977590551006685,736.7359679192305,-56.08393294577636
gb300,NVIDIA GB300,T256_L1_E32_EL32_iid,iid,32,1,32,256,8,eager,current_sgl,246.33599817752838,68.38399916887283,215.55200219154358,0.0,0.0,177.95199900865555,False,9853.439927101135,0.0,14780.159890651703,0.0,18475.19986331463,0.0
gb300,NVIDIA GB300,T256_L1_E32_EL32_iid,iid,32,1,32,256,8,eager,legacy_merged,156.70399367809296,70.3359991312027,129.02000546455383,-36.386076400753986,-40.144371588854824,86.36799454689026,False,6268.159747123718,-36.386076400753986,9402.239620685577,-36.386076400753986,11752.799525856972,-36.386076400753986
gb300,NVIDIA GB300,T256_L1_E32_EL32_iid,iid,32,1,32,256,8,eager,prefill_reuse,171.424001455307,68.80000233650208,142.05600321292877,-30.410495127161287,-34.09664407260058,102.62399911880493,False,6856.96005821228,-30.410495127161287,10285.44008731842,-30.410495127161287,12856.800109148026,-30.410495127161287
gb300,NVIDIA GB300,T256_L1_E32_EL32_iid,iid,32,1,32,256,8,eager,cross_layer_memo,166.143998503685,69.023996591568,71.9119980931282,-32.553910214962144,-66.63821381291284,97.120001912117,False,2858.0798655748367,-70.99409052351447,4238.559797406197,-71.32263907316022,5273.9197462797165,-71.45405849301851
gb300,NVIDIA GB300,T256_L1_E32_EL32_iid,iid,32,1,32,256,8,cuda_graph,current_sgl,20.255999639630318,11.008000001311302,17.815999686717987,0.0,0.0,9.247999638319016,False,810.2399855852127,0.0,1215.359978377819,0.0,1519.1999729722738,0.0
gb300,NVIDIA GB300,T256_L1_E32_EL32_iid,iid,32,1,32,256,8,cuda_graph,legacy_merged,19.29599978029728,9.920000098645687,15.576000325381756,-4.739335882761497,-12.572964754855565,9.375999681651592,False,771.8399912118912,-4.739335882761497,1157.7599868178368,-4.739335882761497,1447.199983522296,-4.739335882761497
gb300,NVIDIA GB300,T256_L1_E32_EL32_iid,iid,32,1,32,256,8,cuda_graph,prefill_reuse,15.456000342965126,9.279999881982803,11.66400033980608,-23.696679413807466,-34.5307558098931,6.176000460982323,False,618.240013718605,-23.696679413807466,927.3600205779076,-23.696679413807466,1159.2000257223845,-23.696679413807466
gb300,NVIDIA GB300,T256_L1_E32_EL32_iid,iid,32,1,32,256,8,cuda_graph,cross_layer_memo,15.584000386297703,9.503999724984169,6.564000155776739,-23.064767656255157,-63.15671154467819,6.080000661313534,False,386.2399896606803,-52.33017420366999,576.3199841603637,-52.58030588356242,718.8799800351262,-52.680358555519405
gb300,NVIDIA GB300,T256_L1_E32_EL32_skew,skew,32,1,32,256,8,eager,current_sgl,241.11999571323395,68.1919977068901,213.19200098514557,0.0,0.0,172.92799800634384,False,9644.799828529358,0.0,14467.199742794037,0.0,18083.999678492546,0.0
gb300,NVIDIA GB300,T256_L1_E32_EL32_skew,skew,32,1,32,256,8,eager,legacy_merged,155.03999590873718,67.58400052785873,131.18800520896912,-35.70006691061509,-38.464855809430766,87.45599538087845,False,6201.599836349487,-35.70006691061509,9302.399754524231,-35.70006691061509,11627.999693155289,-35.70006691061509
gb300,NVIDIA GB300,T256_L1_E32_EL32_skew,skew,32,1,32,256,8,eager,prefill_reuse,168.7999963760376,67.48799979686737,142.42799580097198,-29.993364558287038,-33.19261738582029,101.31199657917023,False,6751.999855041504,-29.993364558287038,10127.999782562256,-29.993364558287038,12659.99972820282,-29.993364558287038
gb300,NVIDIA GB300,T256_L1_E32_EL32_skew,skew,32,1,32,256,8,eager,cross_layer_memo,166.33599996566772,69.60000097751617,71.70800119638443,-31.015260897942063,-66.36459113614643,96.73599898815155,False,2880.7360380887985,-70.1317177203868,4272.736057639122,-70.46604641117693,5316.736072301865,-70.59977788749298
gb300,NVIDIA GB300,T256_L1_E32_EL32_skew,skew,32,1,32,256,8,cuda_graph,current_sgl,20.767999812960625,10.847999714314938,17.899999395012856,0.0,0.0,9.920000098645687,False,830.719992518425,0.0,1246.0799887776375,0.0,1557.5999859720469,0.0
gb300,NVIDIA GB300,T256_L1_E32_EL32_skew,skew,32,1,32,256,8,cuda_graph,legacy_merged,18.400000408291817,10.400000028312206,15.22000040858984,-11.402154400979036,-14.9720618826931,8.00000037997961,False,736.0000163316727,-11.402154400979036,1104.000024497509,-11.402154400979036,1380.0000306218863,-11.402154400979036
gb300,NVIDIA GB300,T256_L1_E32_EL32_skew,skew,32,1,32,256,8,cuda_graph,prefill_reuse,15.296000055968761,9.824000298976898,11.79600041359663,-26.348227110330424,-34.100554121341865,5.471999756991863,False,611.8400022387505,-26.348227110330424,917.7600033581257,-26.348227110330424,1147.200004197657,-26.348227110330424
gb300,NVIDIA GB300,T256_L1_E32_EL32_skew,skew,32,1,32,256,8,cuda_graph,cross_layer_memo,15.231999568641186,10.080000385642052,6.548000033944845,-26.65639586949824,-63.41899298740093,5.151999182999134,False,408.3520146086812,-50.84360334572975,609.9520223215222,-51.05033161475736,761.152028106153,-51.13302292236841
gb300,NVIDIA GB300,T256_L1_E32_EL32_base_rows,base_rows,32,1,32,256,8,eager,current_sgl,244.9920028448105,67.90400296449661,216.34000539779663,0.0,0.0,177.08799988031387,False,9799.68011379242,0.0,14699.52017068863,0.0,18374.400213360786,0.0
gb300,NVIDIA GB300,T256_L1_E32_EL32_base_rows,base_rows,32,1,32,256,8,eager,legacy_merged,153.6960005760193,67.64800101518631,133.62400233745575,-37.26489077548478,-38.234261346275865,86.04799956083298,False,6147.8400230407715,-37.26489077548478,9221.760034561157,-37.26489077548478,11527.200043201447,-37.26489077548478
gb300,NVIDIA GB300,T256_L1_E32_EL32_base_rows,base_rows,32,1,32,256,8,eager,prefill_reuse,166.72000288963318,66.59200042486191,146.25200629234314,-31.948797938828434,-32.39715140830227,100.12800246477127,False,6668.800115585327,-31.948797938828434,10003.20017337799,-31.948797938828434,12504.000216722488,-31.948797938828434
gb300,NVIDIA GB300,T256_L1_E32_EL32_base_rows,base_rows,32,1,32,256,8,eager,cross_layer_memo,170.01600563526154,68.00000369548798,72.843998670578,-30.60344678150262,-66.32892814408707,102.01600193977356,False,2822.0161497592926,-71.20297686260712,4182.016223669052,-71.54998139321485,5202.016279101372,-71.68878320545792
gb300,NVIDIA GB300,T256_L1_E32_EL32_base_rows,base_rows,32,1,32,256,8,cuda_graph,current_sgl,21.663999184966087,9.216000325977802,18.171999603509903,0.0,0.0,12.447998858988285,False,866.5599673986435,0.0,1299.8399510979652,0.0,1624.7999388724566,0.0
gb300,NVIDIA GB300,T256_L1_E32_EL32_base_rows,base_rows,32,1,32,256,8,cuda_graph,legacy_merged,18.912000581622124,9.472000412642956,15.300000086426735,-12.703095951248633,-15.80453213595957,9.440000168979168,False,756.480023264885,-12.703095951248633,1134.7200348973274,-12.703095951248633,1418.4000436216593,-12.703095951248633
gb300,NVIDIA GB300,T256_L1_E32_EL32_base_rows,base_rows,32,1,32,256,8,cuda_graph,prefill_reuse,15.71200042963028,9.983999654650688,11.935999616980553,-27.4741459530069,-34.316531601315205,5.728000774979591,False,628.4800171852112,-27.4741459530069,942.7200257778168,-27.4741459530069,1178.400032222271,-27.4741459530069
gb300,NVIDIA GB300,T256_L1_E32_EL32_base_rows,base_rows,32,1,32,256,8,cuda_graph,cross_layer_memo,15.584000386297703,10.847999714314938,6.6200001165270805,-28.064988125034873,-63.57032654101293,4.736000671982765,False,438.65598924458027,-49.37961528947651,655.615983530879,-49.56179159002729,818.3359792456031,-49.6346621102476
gb300,NVIDIA GB300,T256_L1_E256_EL32_iid,iid,32,1,256,256,8,eager,current_sgl,247.93599545955658,70.75200229883194,215.0000035762787,0.0,0.0,177.18399316072464,False,9917.439818382263,0.0,14876.159727573395,0.0,18595.199659466743,0.0
gb300,NVIDIA GB300,T256_L1_E256_EL32_iid,iid,32,1,256,256,8,eager,legacy_merged,158.27199816703796,69.88800317049026,130.4119974374771,-36.16417096933577,-39.34325801478001,88.3839949965477,False,6330.879926681519,-36.16417096933577,9496.319890022278,-36.16417096933577,11870.399862527847,-36.16417096933577
gb300,NVIDIA GB300,T256_L1_E256_EL32_iid,iid,32,1,256,256,8,eager,prefill_reuse,171.87200486660004,75.6160020828247,142.8920030593872,-30.678881641195233,-33.53860433370117,96.25600278377533,False,6874.8801946640015,-30.678881641195233,10312.320291996002,-30.678881641195233,12890.400364995003,-30.678881641195233
gb300,NVIDIA GB300,T256_L1_E256_EL32_iid,iid,32,1,256,256,8,eager,cross_layer_memo,171.39199376106262,73.7600028514862,71.772001683712,-30.872484471896634,-66.61767419075953,97.63199090957642,False,3048.0321049690247,-69.26593797605499,4523.232161998749,-69.5940871513042,5629.632204771042,-69.72534682140389
gb300,NVIDIA GB300,T256_L1_E256_EL32_iid,iid,32,1,256,256,8,cuda_graph,current_sgl,22.336000576615334,9.920000098645687,19.74800042808056,0.0,0.0,12.416000477969646,False,893.4400230646133,0.0,1340.16003459692,0.0,1675.20004324615,0.0
gb300,NVIDIA GB300,T256_L1_E256_EL32_iid,iid,32,1,256,256,8,cuda_graph,legacy_merged,17.823999747633934,9.600000455975533,14.23600036650896,-20.20057625582816,-27.911686966209704,8.223999291658401,False,712.9599899053574,-20.20057625582816,1069.439984858036,-20.20057625582816,1336.799981072545,-20.20057625582816
gb300,NVIDIA GB300,T256_L1_E256_EL32_iid,iid,32,1,256,256,8,cuda_graph,prefill_reuse,16.095999628305435,9.696000255644321,12.715999968349934,-27.936966275165954,-35.60867078841821,6.399999372661114,False,643.8399851322174,-27.936966275165954,965.7599776983261,-27.936966275165954,1207.1999721229076,-27.936966275165954
gb300,NVIDIA GB300,T256_L1_E256_EL32_iid,iid,32,1,256,256,8,cuda_graph,cross_layer_memo,16.35199971497059,10.048000141978264,6.527999881654978,-26.790834111589756,-66.94348926399391,6.303999572992325,False,408.2240052521229,-54.3087398467037,609.1840080916882,-54.54393562221751,759.9040102213621,-54.63801393242302
gb300,NVIDIA GB300,T256_L1_E256_EL32_skew,skew,32,1,256,256,8,eager,current_sgl,246.17600440979004,70.65600156784058,212.67199516296387,0.0,0.0,175.52000284194946,False,9847.040176391602,0.0,14770.560264587402,0.0,18463.200330734253,0.0
gb300,NVIDIA GB300,T256_L1_E256_EL32_skew,skew,32,1,256,256,8,eager,legacy_merged,161.02400422096252,70.72000205516815,129.67200577259064,-34.5898863672682,-39.027230325634996,90.30400216579437,False,6440.960168838501,-34.5898863672682,9661.440253257751,-34.5898863672682,12076.80031657219,-34.5898863672682
gb300,NVIDIA GB300,T256_L1_E256_EL32_skew,skew,32,1,256,256,8,eager,prefill_reuse,167.77600347995758,70.20799815654755,142.3960030078888,-31.847133565189434,-33.04430943116172,97.56800532341003,False,6711.040139198303,-31.847133565189434,10066.560208797455,-31.847133565189434,12583.200260996819,-31.847133565189434
gb300,NVIDIA GB300,T256_L1_E256_EL32_skew,skew,32,1,256,256,8,eager,cross_layer_memo,170.3680008649826,72.57600128650665,71.57599925994873,-30.794229407759723,-66.34441727736542,97.79199957847595,False,3000.832051038742,-69.52554272873515,4452.352076768875,-69.85657959472638,5540.992096066475,-69.98899434112289
gb300,NVIDIA GB300,T256_L1_E256_EL32_skew,skew,32,1,256,256,8,cuda_graph,current_sgl,20.864000543951988,10.912000201642513,18.611999228596687,0.0,0.0,9.952000342309475,False,834.5600217580795,0.0,1251.8400326371193,0.0,1564.8000407963991,0.0
gb300,NVIDIA GB300,T256_L1_E256_EL32_skew,skew,32,1,256,256,8,cuda_graph,legacy_merged,18.20800080895424,9.727999567985535,14.456000179052353,-12.730059747662658,-22.329675595294386,8.480001240968704,False,728.3200323581696,-12.730059747662658,1092.4800485372543,-12.730059747662658,1365.600060671568,-12.730059747662658
gb300,NVIDIA GB300,T256_L1_E256_EL32_skew,skew,32,1,256,256,8,cuda_graph,prefill_reuse,15.839999541640282,9.920000098645687,12.211999855935574,-24.079758777460604,-34.38641541972416,5.919999442994595,False,633.5999816656113,-24.079758777460604,950.3999724984169,-24.079758777460604,1187.9999656230211,-24.079758777460604
gb300,NVIDIA GB300,T256_L1_E256_EL32_skew,skew,32,1,256,256,8,cuda_graph,cross_layer_memo,15.680000185966492,10.784000158309937,6.300000008195639,-24.84662683489156,-66.15086895922546,4.896000027656555,False,436.256006360054,-47.7262275946265,651.9360095262527,-47.92177973787211,813.6960119009018,-48.00000059517034
gb300,NVIDIA GB300,T256_L1_E256_EL32_base_rows,base_rows,32,1,256,256,8,eager,current_sgl,247.19999730587006,67.6800012588501,213.45600485801697,0.0,0.0,179.51999604701996,False,9887.999892234802,0.0,14831.999838352203,0.0,18539.999797940254,0.0
gb300,NVIDIA GB300,T256_L1_E256_EL32_base_rows,base_rows,32,1,256,256,8,eager,legacy_merged,157.95199573040009,67.55200028419495,129.99999523162842,-36.103560901353895,-39.09752254657835,90.39999544620514,False,6318.079829216003,-36.103560901353895,9477.119743824005,-36.103560901353895,11846.399679780006,-36.103560901353895
gb300,NVIDIA GB300,T256_L1_E256_EL32_base_rows,base_rows,32,1,256,256,8,eager,prefill_reuse,175.7120043039322,69.60000097751617,142.7599936723709,-28.919091335378543,-33.119710655444166,106.11200332641602,False,7028.480172157288,-28.919091335378543,10542.720258235931,-28.919091335378543,13178.400322794914,-28.919091335378543
gb300,NVIDIA GB300,T256_L1_E256_EL32_base_rows,base_rows,32,1,256,256,8,eager,cross_layer_memo,167.32800006866455,67.90400296449661,72.03999906778336,-32.31067884615582,-66.25065707769538,99.42399710416794,False,2815.5841156840324,-71.52524123816836,4173.664174973965,-71.86040843810008,5192.224219441414,-71.99447531807279
gb300,NVIDIA GB300,T256_L1_E256_EL32_base_rows,base_rows,32,1,256,256,8,cuda_graph,current_sgl,21.95199951529503,10.432000271975994,19.867999479174614,0.0,0.0,11.519999243319035,False,878.0799806118011,0.0,1317.1199709177017,0.0,1646.3999636471272,0.0
gb300,NVIDIA GB300,T256_L1_E256_EL32_base_rows,base_rows,32,1,256,256,8,cuda_graph,legacy_merged,17.664000391960144,9.952000342309475,14.228000305593014,-19.53352413454286,-28.387353137860593,7.712000049650669,False,706.5600156784058,-19.53352413454286,1059.8400235176086,-19.53352413454286,1324.8000293970108,-19.53352413454286
gb300,NVIDIA GB300,T256_L1_E256_EL32_base_rows,base_rows,32,1,256,256,8,cuda_graph,prefill_reuse,15.936000272631645,9.631999768316746,12.691999785602093,-27.405244968558527,-36.118380721190945,6.3040005043148994,False,637.4400109052658,-27.405244968558527,956.1600163578987,-27.405244968558527,1195.2000204473734,-27.405244968558527
gb300,NVIDIA GB300,T256_L1_E256_EL32_base_rows,base_rows,32,1,256,256,8,cuda_graph,cross_layer_memo,16.96000061929226,9.759999811649323,6.531999912112951,-22.740520254314877,-67.12301145890551,7.200000807642937,False,397.59999327361584,-54.719387521329374,592.7999895066023,-54.992711173184205,739.1999866813421,-55.10204063392613
gb300,NVIDIA GB300,T256_L8_E32_EL32_iid,iid,32,8,32,256,8,eager,current_sgl,290.0800108909607,65.92000275850296,260.52001118659973,0.0,0.0,224.16000813245773,False,11603.200435638428,0.0,17404.80065345764,0.0,21756.000816822052,0.0
gb300,NVIDIA GB300,T256_L8_E32_EL32_iid,iid,32,8,32,256,8,eager,legacy_merged,156.63999319076538,65.34399837255478,132.8040063381195,-46.0011075186958,-49.0234912346148,91.2959948182106,False,6265.599727630615,-46.0011075186958,9398.399591445923,-46.0011075186958,11747.999489307404,-46.0011075186958
gb300,NVIDIA GB300,T256_L8_E32_EL32_iid,iid,32,8,32,256,8,eager,prefill_reuse,187.8719925880432,66.6240006685257,165.46399891376495,-35.23442307830609,-36.48702909226811,121.24799191951752,False,7514.8797035217285,-35.23442307830609,11272.319555282593,-35.23442307830609,14090.399444103241,-35.23442307830609
gb300,NVIDIA GB300,T256_L8_E32_EL32_iid,iid,32,8,32,256,8,eager,cross_layer_memo,188.76799941062927,66.17599725723267,75.07599890232086,-34.92554042905562,-71.18225254161108,122.5920021533966,False,2769.6318924427032,-76.13044859644094,4093.1518375873566,-76.48262729872629,5085.791796445847,-76.62349877964041
gb300,NVIDIA GB300,T256_L8_E32_EL32_iid,iid,32,8,32,256,8,cuda_graph,current_sgl,21.344000473618507,9.727999567985535,19.40399967133999,0.0,0.0,11.616000905632973,False,853.7600189447403,0.0,1280.6400284171104,0.0,1600.800035521388,0.0
gb300,NVIDIA GB300,T256_L8_E32_EL32_iid,iid,32,8,32,256,8,cuda_graph,legacy_merged,21.247999742627144,8.927999995648861,17.59600080549717,-0.4497785272729038,-9.317660773377877,12.319999746978283,False,849.9199897050858,-0.4497785272729038,1274.8799845576286,-0.4497785272729038,1593.5999806970358,-0.4497785272729038
gb300,NVIDIA GB300,T256_L8_E32_EL32_iid,iid,32,8,32,256,8,cuda_graph,prefill_reuse,15.680000185966492,10.048000141978264,12.756000272929668,-26.536732393033823,-34.260974598085156,5.632000043988228,False,627.2000074386597,-26.536732393033823,940.8000111579895,-26.536732393033823,1176.0000139474869,-26.536732393033823
gb300,NVIDIA GB300,T256_L8_E32_EL32_iid,iid,32,8,32,256,8,cuda_graph,cross_layer_memo,15.424000099301338,10.688000358641148,6.587999872863293,-27.736133072309354,-66.04823755695135,4.735999740660191,False,432.2560140863061,-49.370314316125885,646.016021259129,-49.55522184812432,806.3360266387463,-49.629184860923694
gb300,NVIDIA GB300,T256_L8_E32_EL32_skew,skew,32,8,32,256,8,eager,current_sgl,290.1119887828827,69.66400146484375,254.8919916152954,0.0,0.0,220.44798731803894,False,11604.479551315308,0.0,17406.71932697296,0.0,21758.3991587162,0.0
gb300,NVIDIA GB300,T256_L8_E32_EL32_skew,skew,32,8,32,256,8,eager,legacy_merged,157.31200575828552,69.98399645090103,130.4360032081604,-45.77542058214751,-48.82695121899888,87.32800930738449,False,6292.480230331421,-45.77542058214751,9438.720345497131,-45.77542058214751,11798.400431871414,-45.77542058214751
gb300,NVIDIA GB300,T256_L8_E32_EL32_skew,skew,32,8,32,256,8,eager,prefill_reuse,192.00000166893005,68.7360018491745,163.97599875926971,-33.81866000283732,-35.6684383373032,123.26399981975555,False,7680.000066757202,-33.81866000283732,11520.000100135803,-33.81866000283732,14400.000125169754,-33.81866000283732
gb300,NVIDIA GB300,T256_L8_E32_EL32_skew,skew,32,8,32,256,8,eager,cross_layer_memo,191.16799533367157,69.66400146484375,74.90000128746033,-34.105447990727455,-70.61500409926344,121.50399386882782,False,2908.064052462578,-74.94015962023076,4301.344081759453,-75.28917424954275,5346.304103732109,-75.42878010126755
gb300,NVIDIA GB300,T256_L8_E32_EL32_skew,skew,32,8,32,256,8,cuda_graph,current_sgl,21.63200080394745,11.552000418305397,19.53599974513054,0.0,0.0,10.080000385642052,False,865.280032157898,0.0,1297.920048236847,0.0,1622.4000602960587,0.0
gb300,NVIDIA GB300,T256_L8_E32_EL32_skew,skew,32,8,32,256,8,cuda_graph,legacy_merged,20.51199972629547,10.847999714314938,17.56799966096878,-5.177519582227442,-10.073710635936584,9.664000011980534,False,820.4799890518188,-5.177519582227442,1230.7199835777283,-5.177519582227442,1538.3999794721603,-5.177519582227442
gb300,NVIDIA GB300,T256_L8_E32_EL32_skew,skew,32,8,32,256,8,cuda_graph,prefill_reuse,16.256000846624374,10.912000201642513,12.896000407636166,-24.852069885010597,-33.98853104074918,5.344000644981861,False,650.240033864975,-24.852069885010597,975.3600507974625,-24.852069885010597,1219.200063496828,-24.852069885010597
gb300,NVIDIA GB300,T256_L8_E32_EL32_skew,skew,32,8,32,256,8,cuda_graph,cross_layer_memo,16.03199914097786,9.8879998549819,6.775999907404184,-25.887580689936406,-65.31531533678925,6.14399928599596,False,401.66399348527193,-53.57988413489987,599.4239905849099,-53.81657048913032,747.7439884096384,-53.911245030822506
gb300,NVIDIA GB300,T256_L8_E32_EL32_base_rows,base_rows,32,8,32,256,8,eager,current_sgl,289.8240089416504,68.86400282382965,259.29200649261475,0.0,0.0,220.96000611782074,False,11592.960357666016,0.0,17389.440536499023,0.0,21736.80067062378,0.0
gb300,NVIDIA GB300,T256_L8_E32_EL32_base_rows,base_rows,32,8,32,256,8,eager,legacy_merged,158.36800634860992,68.83200258016586,132.99599289894104,-45.357181785276524,-48.70802432441006,89.53600376844406,False,6334.720253944397,-45.357181785276524,9502.080380916595,-45.357181785276524,11877.600476145744,-45.357181785276524
gb300,NVIDIA GB300,T256_L8_E32_EL32_base_rows,base_rows,32,8,32,256,8,eager,prefill_reuse,191.55199825763702,68.44799965620041,165.2040034532547,-33.907477521573526,-36.28650351087468,123.10399860143661,False,7662.079930305481,-33.907477521573526,11493.119895458221,-33.907477521573526,14366.399869322777,-33.907477521573526
gb300,NVIDIA GB300,T256_L8_E32_EL32_base_rows,base_rows,32,8,32,256,8,eager,cross_layer_memo,186.46399676799774,71.45600020885468,74.9799981713295,-35.663026176158475,-71.08279611640666,115.00799655914307,False,2973.24800491333,-74.35298738904747,4402.368009090424,-74.68367081821748,5474.208012223244,-74.81594418988547
gb300,NVIDIA GB300,T256_L8_E32_EL32_base_rows,base_rows,32,8,32,256,8,cuda_graph,current_sgl,21.663999184966087,10.71999967098236,19.816000014543533,0.0,0.0,10.943999513983727,False,866.5599673986435,0.0,1299.8399510979652,0.0,1624.7999388724566,0.0
gb300,NVIDIA GB300,T256_L8_E32_EL32_base_rows,base_rows,32,8,32,256,8,cuda_graph,legacy_merged,20.576000213623047,10.912000201642513,17.268000170588493,-5.022152013826087,-12.85829552929446,9.664000011980534,False,823.0400085449219,-5.022152013826087,1234.5600128173828,-5.022152013826087,1543.2000160217285,-5.022152013826087
gb300,NVIDIA GB300,T256_L8_E32_EL32_base_rows,base_rows,32,8,32,256,8,cuda_graph,prefill_reuse,16.16000011563301,10.912000201642513,13.055999763309956,-25.40620050037955,-34.113848638838405,5.247999913990498,False,646.4000046253204,-25.40620050037955,969.6000069379807,-25.40620050037955,1212.0000086724758,-25.40620050037955
gb300,NVIDIA GB300,T256_L8_E32_EL32_base_rows,base_rows,32,8,32,256,8,cuda_graph,cross_layer_memo,15.584000386297703,10.688000358641148,6.831999868154526,-28.064988125034873,-65.52281054127813,4.896000027656555,False,432.41601437330246,-50.0997010430349,646.1760215461254,-50.28803192267593,806.4960269257426,-50.36336427453233
gb300,NVIDIA GB300,T256_L8_E256_EL32_iid,iid,32,8,256,256,8,eager,current_sgl,289.08801078796387,70.46400010585785,252.0959973335266,0.0,0.0,218.62401068210602,False,11563.520431518555,0.0,17345.280647277832,0.0,21681.60080909729,0.0
gb300,NVIDIA GB300,T256_L8_E256_EL32_iid,iid,32,8,256,256,8,eager,prefill_reuse,190.14400243759155,69.76000219583511,161.95599734783173,-34.22625797613736,-35.75622022528123,120.38400024175644,False,7605.760097503662,-34.22625797613736,11408.640146255493,-34.22625797613736,14260.800182819366,-34.22625797613736
gb300,NVIDIA GB300,T256_L8_E256_EL32_iid,iid,32,8,256,256,8,eager,cross_layer_memo,190.8479928970337,70.14399766921997,74.27199929952621,-33.98273682231182,-70.53820763315679,120.70399522781372,False,2926.4639019966125,-74.69227542487855,4329.343855381012,-75.04022019925944,5381.5038204193115,-75.17939810901181
gb300,NVIDIA GB300,T256_L8_E256_EL32_iid,iid,32,8,256,256,8,cuda_graph,current_sgl,35.87200120091438,9.920000098645687,33.72799977660179,0.0,0.0,25.952001102268696,False,1434.8800480365753,0.0,2152.320072054863,0.0,2690.4000900685787,0.0
gb300,NVIDIA GB300,T256_L8_E256_EL32_iid,iid,32,8,256,256,8,cuda_graph,prefill_reuse,22.87999913096428,10.239999741315842,20.236000418663025,-36.217667358962224,-40.002370277820646,12.639999389648438,False,915.1999652385712,-36.217667358962224,1372.7999478578568,-36.217667358962224,1715.999934822321,-36.217667358962224
gb300,NVIDIA GB300,T256_L8_E256_EL32_iid,iid,32,8,256,256,8,cuda_graph,cross_layer_memo,23.360000923275948,10.591999627649784,7.50399986281991,-34.879571417162815,-77.7514234092658,12.768001295626163,False,436.4479864016175,-69.58296360738774,648.2879789546132,-69.87957379704777,807.16797336936,-69.99821787291178
gb300,NVIDIA GB300,T256_L8_E256_EL32_skew,skew,32,8,256,256,8,eager,current_sgl,267.2959864139557,65.5359998345375,251.14399194717407,0.0,0.0,201.75998657941818,False,10691.839456558228,0.0,16037.759184837341,0.0,20047.198981046677,0.0
gb300,NVIDIA GB300,T256_L8_E256_EL32_skew,skew,32,8,256,256,8,eager,prefill_reuse,178.847998380661,67.16799736022949,161.3599956035614,-33.08990502248588,-35.75000765397483,111.68000102043152,False,7153.91993522644,-33.08990502248588,10730.87990283966,-33.08990502248588,13413.599878549576,-33.08990502248588
gb300,NVIDIA GB300,T256_L8_E256_EL32_skew,skew,32,8,256,256,8,eager,cross_layer_memo,177.3120015859604,67.391999065876,73.53600114583969,-33.66454769307272,-70.71958577400197,109.92000252008438,False,2805.5999651551247,-73.75942674266206,4153.439946472645,-74.10211801659017,5164.319932460785,-74.23919452616141
gb300,NVIDIA GB300,T256_L8_E256_EL32_skew,skew,32,8,256,256,8,cuda_graph,current_sgl,33.1839993596077,9.568000212311745,30.2520003169775,0.0,0.0,23.615999147295952,False,1327.3599743843079,0.0,1991.0399615764618,0.0,2488.7999519705772,0.0
gb300,NVIDIA GB300,T256_L8_E256_EL32_skew,skew,32,8,256,256,8,cuda_graph,prefill_reuse,22.655999287962914,11.008000001311302,19.619999453425407,-31.72613390434096,-35.144786302231346,11.647999286651611,False,906.2399715185165,-31.72613390434096,1359.3599572777748,-31.72613390434096,1699.1999465972185,-31.72613390434096
gb300,NVIDIA GB300,T256_L8_E256_EL32_skew,skew,32,8,256,256,8,cuda_graph,cross_layer_memo,23.679999634623528,11.42400037497282,7.592000067234039,-28.640308306396157,-74.90413861005618,12.255999259650707,False,469.2160142585635,-64.6504321876808,697.6960217580199,-64.958211024273,869.0560273826122,-65.08132255890986
gb300,NVIDIA GB300,T256_L8_E256_EL32_base_rows,base_rows,32,8,256,256,8,eager,current_sgl,285.40799021720886,70.36799937486649,258.83999466896057,0.0,0.0,215.03999084234238,False,11416.319608688354,0.0,17124.47941303253,0.0,21405.599266290665,0.0
gb300,NVIDIA GB300,T256_L8_E256_EL32_base_rows,base_rows,32,8,256,256,8,eager,prefill_reuse,188.54400515556335,68.92800331115723,166.52800142765045,-33.93877830397371,-35.663728613258215,119.61600184440613,False,7541.760206222534,-33.93877830397371,11312.640309333801,-33.93877830397371,14140.800386667252,-33.93877830397371
gb300,NVIDIA GB300,T256_L8_E256_EL32_base_rows,base_rows,32,8,256,256,8,eager,cross_layer_memo,192.44800508022308,70.27199864387512,76.00799947977066,-32.5709119307553,-70.6351409962823,122.17600643634796,False,2933.055952191353,-74.30821794828555,4338.495925068855,-74.66494705954648,5392.575904726982,-74.80763870405086
gb300,NVIDIA GB300,T256_L8_E256_EL32_base_rows,base_rows,32,8,256,256,8,cuda_graph,current_sgl,36.12799942493439,9.631999768316746,33.771999180316925,0.0,0.0,26.49599965661764,False,1445.1199769973755,0.0,2167.6799654960632,0.0,2709.599956870079,0.0
gb300,NVIDIA GB300,T256_L8_E256_EL32_base_rows,base_rows,32,8,256,256,8,cuda_graph,prefill_reuse,23.296000435948372,10.239999741315842,20.152000710368156,-35.51815542858369,-40.329263296579754,13.05600069463253,False,931.8400174379349,-35.51815542858369,1397.7600261569023,-35.51815542858369,1747.200032696128,-35.51815542858369
gb300,NVIDIA GB300,T256_L8_E256_EL32_base_rows,base_rows,32,8,256,256,8,cuda_graph,cross_layer_memo,23.231999948620796,10.944000445306301,7.544000167399645,-35.695304698807064,-77.6619674567668,12.287999503314495,False,450.04801731556654,-68.85739423167743,668.9280262216926,-69.14083089435152,833.0880329012871,-69.25420555942117
gb300,NVIDIA GB300,T2048_L1_E32_EL32_iid,iid,32,1,32,2048,8,eager,current_sgl,240.06399512290955,67.77600198984146,219.4959968328476,0.0,0.0,172.28799313306808,True,9602.559804916382,0.0,14403.839707374573,0.0,18004.799634218216,0.0
gb300,NVIDIA GB300,T2048_L1_E32_EL32_iid,iid,32,1,32,2048,8,eager,legacy_merged,165.92000424861908,67.26399809122086,140.98800718784332,-30.88509413347459,-35.767390192901935,98.65600615739822,True,6636.800169944763,-30.88509413347459,9955.200254917145,-30.88509413347459,12444.000318646431,-30.88509413347459
gb300,NVIDIA GB300,T2048_L1_E32_EL32_iid,iid,32,1,32,2048,8,eager,prefill_reuse,169.21600699424744,67.16799736022949,144.35599744319916,-29.51212575313049,-34.23297029278838,102.04800963401794,True,6768.6402797698975,-29.51212575313049,10152.960419654846,-29.51212575313049,12691.200524568558,-29.51212575313049
gb300,NVIDIA GB300,T2048_L1_E32_EL32_iid,iid,32,1,32,2048,8,eager,cross_layer_memo,167.84000396728516,67.58400052785873,74.40800219774246,-30.085307510877122,-66.10051970359794,100.25600343942642,True,2803.616024553776,-70.80345156383862,4155.2960351109505,-71.1514698890776,5169.0560430288315,-71.29067721917319
gb300,NVIDIA GB300,T2048_L1_E32_EL32_iid,iid,32,1,32,2048,8,cuda_graph,current_sgl,32.6399989426136,10.816000401973724,29.400000348687172,0.0,0.0,21.823998540639877,True,1305.599957704544,0.0,1958.399936556816,0.0,2447.99992069602,0.0
gb300,NVIDIA GB300,T2048_L1_E32_EL32_iid,iid,32,1,32,2048,8,cuda_graph,legacy_merged,38.495998829603195,11.96799986064434,35.02799943089485,17.941176705567273,19.142853794078253,26.527998968958855,True,1539.8399531841278,17.941176705567273,2309.7599297761917,17.941176705567273,2887.1999122202396,17.941176705567273
gb300,NVIDIA GB300,T2048_L1_E32_EL32_iid,iid,32,1,32,2048,8,cuda_graph,prefill_reuse,21.215999498963356,12.095999903976917,17.75600016117096,-34.99999942933664,-39.605442344956174,9.119999594986439,True,848.6399799585342,-34.99999942933664,1272.9599699378014,-34.99999942933664,1591.1999624222517,-34.99999942933664
gb300,NVIDIA GB300,T2048_L1_E32_EL32_iid,iid,32,1,32,2048,8,cuda_graph,cross_layer_memo,21.695999428629875,11.96799986064434,7.960000075399876,-33.529411361884684,-72.92517013267545,9.727999567985535,True,488.44799399375916,-62.58823454218475,727.807991206646,-62.836600552272785,907.3279891163111,-62.935946956308
gb300,NVIDIA GB300,T2048_L1_E32_EL32_skew,skew,32,1,32,2048,8,eager,current_sgl,246.91200256347656,66.52799993753433,221.43599390983582,0.0,0.0,180.38400262594223,True,9876.480102539062,0.0,14814.720153808594,0.0,18518.400192260742,0.0
gb300,NVIDIA GB300,T2048_L1_E32_EL32_skew,skew,32,1,32,2048,8,eager,legacy_merged,162.9759967327118,67.35999882221222,142.40799844264984,-33.99429957204545,-35.68886614674061,95.61599791049957,True,6519.039869308472,-33.99429957204545,9778.559803962708,-33.99429957204545,12223.199754953384,-33.99429957204545
gb300,NVIDIA GB300,T2048_L1_E32_EL32_skew,skew,32,1,32,2048,8,eager,prefill_reuse,173.15199971199036,69.023996591568,148.4600007534027,-29.872992031857127,-32.95579542779636,104.12800312042236,True,6926.079988479614,-29.872992031857127,10389.119982719421,-29.872992031857127,12986.399978399277,-29.872992031857127
gb300,NVIDIA GB300,T2048_L1_E32_EL32_skew,skew,32,1,32,2048,8,eager,cross_layer_memo,166.78400337696075,67.84000247716904,74.78000223636627,-32.45204702672012,-66.22951810317922,98.94400089979172,True,2812.544099986553,-71.52280902926643,4169.344149529934,-71.85674716604031,5186.9441866874695,-71.99032242074988
gb300,NVIDIA GB300,T2048_L1_E32_EL32_skew,skew,32,1,32,2048,8,cuda_graph,current_sgl,32.03200176358223,10.080000385642052,28.931999579072,0.0,0.0,21.952001377940178,True,1281.2800705432892,0.0,1921.9201058149338,0.0,2402.400132268667,0.0
gb300,NVIDIA GB300,T2048_L1_E32_EL32_skew,skew,32,1,32,2048,8,cuda_graph,legacy_merged,38.176000118255615,11.04000024497509,34.74399819970131,19.18081298827414,20.088478864880898,27.135999873280525,True,1527.0400047302246,19.18081298827414,2290.560007095337,19.18081298827414,2863.200008869171,19.18081298827414
gb300,NVIDIA GB300,T2048_L1_E32_EL32_skew,skew,32,1,32,2048,8,cuda_graph,prefill_reuse,21.247999742627144,11.327999643981457,17.59999990463257,-33.66633812194534,-39.16770302539493,9.920000098645687,True,849.9199897050858,-33.66633812194534,1274.8799845576286,-33.66633812194534,1593.5999806970358,-33.66633812194534
gb300,NVIDIA GB300,T2048_L1_E32_EL32_skew,skew,32,1,32,2048,8,cuda_graph,cross_layer_memo,22.08000048995018,12.06399966031313,7.931999862194061,-31.068933334496318,-72.58399012306192,10.01600082963705,True,492.5759872421622,-61.555947168264325,733.8559804484248,-61.81651993607431,914.8159753531218,-61.920749043198306
gb300,NVIDIA GB300,T2048_L1_E32_EL32_base_rows,base_rows,32,1,32,2048,8,eager,current_sgl,239.96800184249878,65.79200178384781,219.44400668144226,0.0,0.0,174.17600005865097,True,9598.720073699951,0.0,14398.080110549927,0.0,17997.60013818741,0.0
gb300,NVIDIA GB300,T2048_L1_E32_EL32_base_rows,base_rows,32,1,32,2048,8,eager,legacy_merged,160.60799360275269,66.30399823188782,143.312007188797,-33.07107932324804,-34.693132268206774,94.30399537086487,True,6424.319744110107,-33.07107932324804,9636.479616165161,-33.07107932324804,12045.599520206451,-33.07107932324804
gb300,NVIDIA GB300,T2048_L1_E32_EL32_base_rows,base_rows,32,1,32,2048,8,eager,prefill_reuse,167.84000396728516,67.1359971165657,145.2919989824295,-30.057339862568135,-33.79085572688078,100.70400685071945,True,6713.600158691406,-30.057339862568135,10070.40023803711,-30.057339862568135,12588.000297546387,-30.057339862568135
gb300,NVIDIA GB300,T2048_L1_E32_EL32_base_rows,base_rows,32,1,32,2048,8,eager,cross_layer_memo,169.50400173664093,67.391999065876,75.83600282669067,-29.36391500734601,-65.44175255750837,102.11200267076492,True,2797.791965305805,-70.85244757817632,4145.631946623325,-71.20705042066206,5156.511932611465,-71.34889155765634
gb300,NVIDIA GB300,T2048_L1_E32_EL32_base_rows,base_rows,32,1,32,2048,8,cuda_graph,current_sgl,35.13599932193756,10.847999714314938,31.895998865365982,0.0,0.0,24.287999607622623,True,1405.4399728775024,0.0,2108.1599593162537,0.0,2635.199949145317,0.0
gb300,NVIDIA GB300,T2048_L1_E32_EL32_base_rows,base_rows,32,1,32,2048,8,cuda_graph,legacy_merged,37.151999771595,10.015999898314476,34.01999920606613,5.737706308523083,6.659143517234312,27.135999873280525,True,1486.0799908638,5.737706308523083,2229.1199862957,5.737706308523083,2786.399982869625,5.737706308523083
gb300,NVIDIA GB300,T2048_L1_E32_EL32_base_rows,base_rows,32,1,32,2048,8,cuda_graph,prefill_reuse,22.304000332951546,12.223999947309494,19.147999584674835,-36.520945004043796,-39.967393197187064,10.080000385642052,True,892.1600133180618,-36.520945004043796,1338.2400199770927,-36.520945004043796,1672.800024971366,-36.520945004043796
gb300,NVIDIA GB300,T2048_L1_E32_EL32_base_rows,base_rows,32,1,32,2048,8,cuda_graph,cross_layer_memo,23.32800067961216,11.615999974310398,7.8119998797774315,-33.60655416154036,-75.5079001828658,11.712000705301762,True,476.3519996777177,-66.10655674589694,708.6719991639256,-66.38433454576325,882.9119987785816,-66.49544566570975
gb300,NVIDIA GB300,T2048_L1_E256_EL32_iid,iid,32,1,256,2048,8,eager,current_sgl,271.10400795936584,73.15199822187424,230.3919941186905,0.0,0.0,197.9520097374916,True,10844.160318374634,0.0,16266.24047756195,0.0,20332.80059695244,0.0
gb300,NVIDIA GB300,T2048_L1_E256_EL32_iid,iid,32,1,256,2048,8,eager,legacy_merged,172.7360039949417,73.31199944019318,144.82000470161438,-36.28423080309751,-37.141911004508344,99.42400455474854,True,6909.4401597976685,-36.28423080309751,10364.160239696503,-36.28423080309751,12955.200299620628,-36.28423080309751
gb300,NVIDIA GB300,T2048_L1_E256_EL32_iid,iid,32,1,256,2048,8,eager,prefill_reuse,186.11200153827667,74.01599735021591,150.64799785614014,-31.35033194855168,-34.61231218888137,112.09600418806076,True,7444.480061531067,-31.35033194855168,11166.7200922966,-31.35033194855168,13958.40011537075,-31.35033194855168
gb300,NVIDIA GB300,T2048_L1_E256_EL32_iid,iid,32,1,256,2048,8,eager,cross_layer_memo,184.06400084495544,73.15199822187424,76.3000026345253,-32.105761832726685,-66.8825286545252,110.91200262308121,True,3036.9919314980507,-71.99421769565606,4500.031895935535,-72.3351446688435,5597.311869263649,-72.47151545811846
gb300,NVIDIA GB300,T2048_L1_E256_EL32_iid,iid,32,1,256,2048,8,cuda_graph,current_sgl,44.576000422239304,10.944000445306301,42.45999827980995,0.0,0.0,33.631999976933,True,1783.0400168895721,0.0,2674.560025334358,0.0,3343.2000316679478,0.0
gb300,NVIDIA GB300,T2048_L1_E256_EL32_iid,iid,32,1,256,2048,8,cuda_graph,legacy_merged,31.295999884605408,9.952000342309475,28.327999636530876,-29.791817147884814,-33.28308812014,21.343999542295933,True,1251.8399953842163,-29.791817147884814,1877.7599930763245,-29.791817147884814,2347.1999913454056,-29.791817147884814
gb300,NVIDIA GB300,T2048_L1_E256_EL32_iid,iid,32,1,256,2048,8,cuda_graph,prefill_reuse,28.960000723600388,10.784000158309937,24.196000769734383,-35.03230337113864,-43.014597856826185,18.17600056529045,True,1158.4000289440155,-35.03230337113864,1737.6000434160233,-35.03230337113864,2172.000054270029,-35.03230337113864
gb300,NVIDIA GB300,T2048_L1_E256_EL32_iid,iid,32,1,256,2048,8,cuda_graph,cross_layer_memo,28.255999088287354,11.392000131309032,8.564000017940998,-36.61163222218963,-79.8304277793312,16.86399895697832,True,472.5440042093396,-73.4978463896918,700.3840068355203,-73.81311317744823,871.2640088051558,-73.93921989255081
gb300,NVIDIA GB300,T2048_L1_E256_EL32_skew,skew,32,1,256,2048,8,eager,current_sgl,266.01600646972656,67.23199784755707,250.09599328041077,0.0,0.0,198.7840086221695,True,10640.640258789062,0.0,15960.960388183594,0.0,19951.200485229492,0.0
gb300,NVIDIA GB300,T2048_L1_E256_EL32_skew,skew,32,1,256,2048,8,eager,legacy_merged,181.95199966430664,67.55200028419495,160.1880043745041,-31.601108490058728,-35.949391962109814,114.3999993801117,True,7278.079986572266,-31.601108490058728,10917.119979858398,-31.601108490058728,13646.399974822998,-31.601108490058728
gb300,NVIDIA GB300,T2048_L1_E256_EL32_skew,skew,32,1,256,2048,8,eager,prefill_reuse,187.48800456523895,68.64000111818314,171.4159995317459,-29.520028868422376,-31.45991773664597,118.84800344705582,True,7499.520182609558,-29.520028868422376,11249.280273914337,-29.520028868422376,14061.600342392921,-29.520028868422376
gb300,NVIDIA GB300,T2048_L1_E256_EL32_skew,skew,32,1,256,2048,8,eager,cross_layer_memo,178.3680021762848,66.97600334882736,83.02000164985657,-32.948394894205876,-66.80474542558005,111.39199882745743,True,2790.432132780552,-73.77571212901702,4129.952199757099,-74.12466355837438,5134.59224998951,-74.26424413011732
gb300,NVIDIA GB300,T2048_L1_E256_EL32_skew,skew,32,1,256,2048,8,cuda_graph,current_sgl,35.74400022625923,9.983999654650688,33.28400105237961,0.0,0.0,25.760000571608543,True,1429.7600090503693,0.0,2144.640013575554,0.0,2680.8000169694424,0.0
gb300,NVIDIA GB300,T2048_L1_E256_EL32_skew,skew,32,1,256,2048,8,cuda_graph,legacy_merged,33.663999289274216,10.208000428974628,30.28400056064129,-5.819161044702959,-9.013340935235426,23.455998860299587,True,1346.5599715709686,-5.819161044702959,2019.839957356453,-5.819161044702959,2524.799946695566,-5.819161044702959
gb300,NVIDIA GB300,T2048_L1_E256_EL32_skew,skew,32,1,256,2048,8,cuda_graph,prefill_reuse,23.93599972128868,10.048000141978264,19.64000053703785,-33.034916154392356,-40.992669402545566,13.887999579310417,True,957.4399888515472,-33.034916154392356,1436.1599832773209,-33.034916154392356,1795.199979096651,-33.034916154392356
gb300,NVIDIA GB300,T2048_L1_E256_EL32_skew,skew,32,1,256,2048,8,cuda_graph,cross_layer_memo,23.48800003528595,10.912000201642513,7.85600021481514,-34.28827247480108,-76.39706776101822,12.575999833643436,True,449.05600789934397,-68.59221092653152,667.2960119321942,-68.8854069816745,830.9760149568319,-69.00268540373172
gb300,NVIDIA GB300,T2048_L1_E256_EL32_base_rows,base_rows,32,1,256,2048,8,eager,current_sgl,302.8799891471863,84.73599702119827,251.93598866462708,0.0,0.0,218.143992125988,True,12115.199565887451,0.0,18172.799348831177,0.0,22715.99918603897,0.0
gb300,NVIDIA GB300,T2048_L1_E256_EL32_base_rows,base_rows,32,1,256,2048,8,eager,legacy_merged,217.0879989862442,83.16799998283386,163.27999532222748,-28.325407169521178,-35.18988843646985,133.91999900341034,True,8683.519959449768,-28.325407169521178,13025.279939174652,-28.325407169521178,16281.599923968315,-28.325407169521178
gb300,NVIDIA GB300,T2048_L1_E256_EL32_base_rows,base_rows,32,1,256,2048,8,eager,prefill_reuse,211.90400421619415,80.60800284147263,164.9480015039444,-30.036974442303553,-34.52781304559057,131.29600137472153,True,8476.160168647766,-30.036974442303553,12714.24025297165,-30.036974442303553,15892.800316214561,-30.036974442303553
gb300,NVIDIA GB300,T2048_L1_E256_EL32_base_rows,base_rows,32,1,256,2048,8,eager,cross_layer_memo,204.48000729084015,81.95199817419052,81.84000104665756,-32.48810927833469,-67.51555763015598,122.52800911664963,True,3400.6079360842705,-71.9310613284547,5039.647899568081,-72.26818057674633,6268.927872180939,-72.40302827606297
gb300,NVIDIA GB300,T2048_L1_E256_EL32_base_rows,base_rows,32,1,256,2048,8,cuda_graph,current_sgl,45.43999955058098,10.463999584317207,43.23200136423111,0.0,0.0,34.97599996626377,True,1817.5999820232391,0.0,2726.3999730348587,0.0,3407.9999662935734,0.0
gb300,NVIDIA GB300,T2048_L1_E256_EL32_base_rows,base_rows,32,1,256,2048,8,cuda_graph,legacy_merged,31.231999397277832,10.048000141978264,27.871999889612198,-31.267606280426307,-35.529239891557104,21.183999255299568,True,1249.2799758911133,-31.267606280426307,1873.91996383667,-31.267606280426307,2342.3999547958374,-31.267606280426307
gb300,NVIDIA GB300,T2048_L1_E256_EL32_base_rows,base_rows,32,1,256,2048,8,cuda_graph,prefill_reuse,28.704000636935234,10.111999697983265,24.555999785661697,-36.830983889021105,-43.19948415347107,18.59200093895197,True,1148.1600254774094,-36.830983889021105,1722.240038216114,-36.830983889021105,2152.8000477701426,-36.830983889021105
gb300,NVIDIA GB300,T2048_L1_E256_EL32_base_rows,base_rows,32,1,256,2048,8,cuda_graph,cross_layer_memo,28.00000086426735,10.975999757647514,8.452000096440315,-38.38027917870137,-80.44966730725251,17.024001106619835,True,456.0639914125204,-74.90845092852287,675.5839865654707,-75.22065752467519,840.2239829301834,-75.34554016313612
gb300,NVIDIA GB300,T2048_L8_E32_EL32_iid,iid,32,8,32,2048,8,eager,current_sgl,360.48001050949097,74.23999905586243,306.82000517845154,0.0,0.0,286.24001145362854,True,14419.200420379639,0.0,21628.800630569458,0.0,27036.000788211823,0.0
gb300,NVIDIA GB300,T2048_L8_E32_EL32_iid,iid,32,8,32,2048,8,eager,legacy_merged,216.38399362564087,75.45600086450577,167.74800419807434,-39.973372359867994,-45.3269013210174,140.9279927611351,True,8655.359745025635,-39.973372359867994,12983.039617538452,-39.973372359867994,16228.799521923065,-39.973372359867994
gb300,NVIDIA GB300,T2048_L8_E32_EL32_iid,iid,32,8,32,2048,8,eager,prefill_reuse,235.52000522613525,73.85600358247757,195.93200087547302,-34.66489171112185,-36.14106069729196,161.66400164365768,True,9420.80020904541,-34.66489171112185,14131.200313568115,-34.66489171112185,17664.000391960144,-34.66489171112185
gb300,NVIDIA GB300,T2048_L8_E32_EL32_iid,iid,32,8,32,2048,8,eager,cross_layer_memo,234.01600122451782,74.11199808120728,86.85600012540817,-35.082114291506194,-71.69154596849339,159.90400314331055,True,3124.3839263916016,-78.33178099129758,4606.623888015747,-78.70143626223596,5718.303859233856,-78.84929837061131
gb300,NVIDIA GB300,T2048_L8_E32_EL32_iid,iid,32,8,32,2048,8,cuda_graph,current_sgl,31.647998839616776,11.327999643981457,29.076000675559044,0.0,0.0,20.31999919563532,True,1265.919953584671,0.0,1898.8799303770065,0.0,2373.599912971258,0.0
gb300,NVIDIA GB300,T2048_L8_E32_EL32_iid,iid,32,8,32,2048,8,cuda_graph,legacy_merged,36.86400130391121,10.367999784648418,33.41599926352501,16.48130262746683,14.92639457672773,26.49600151926279,True,1474.5600521564484,16.48130262746683,2211.8400782346725,16.48130262746683,2764.8000977933407,16.48130262746683
gb300,NVIDIA GB300,T2048_L8_E32_EL32_iid,iid,32,8,32,2048,8,cuda_graph,prefill_reuse,21.215999498963356,10.27199998497963,18.352000042796135,-32.96258759841303,-36.88265367863119,10.943999513983727,True,848.6399799585342,-32.96258759841303,1272.9599699378014,-32.96258759841303,1591.1999624222517,-32.96258759841303
gb300,NVIDIA GB300,T2048_L8_E32_EL32_iid,iid,32,8,32,2048,8,cuda_graph,cross_layer_memo,21.43999934196472,10.33599954098463,7.876000367105007,-32.25480242647678,-72.91236695517935,11.103999800980091,True,424.5439814403653,-66.46359983202763,631.2639722600579,-66.75598271583576,786.3039653748274,-66.87293586935901
gb300,NVIDIA GB300,T2048_L8_E32_EL32_skew,skew,32,8,32,2048,8,eager,current_sgl,324.12800192832947,71.3919997215271,291.8759882450104,0.0,0.0,252.73600220680237,True,12965.120077133179,0.0,19447.680115699768,0.0,24309.60014462471,0.0
gb300,NVIDIA GB300,T2048_L8_E32_EL32_skew,skew,32,8,32,2048,8,eager,legacy_merged,200.51200687885284,70.3359991312027,161.93999350070953,-38.13801779360314,-44.51753483579755,130.17600774765015,True,8020.480275154114,-38.13801779360314,12030.72041273117,-38.13801779360314,15038.400515913963,-38.13801779360314
gb300,NVIDIA GB300,T2048_L8_E32_EL32_skew,skew,32,8,32,2048,8,eager,prefill_reuse,224.67200458049774,72.1919983625412,186.78399920463562,-30.684173152624815,-36.00569874633095,152.48000621795654,True,8986.88018321991,-30.684173152624815,13480.320274829865,-30.684173152624815,16850.40034353733,-30.684173152624815
gb300,NVIDIA GB300,T2048_L8_E32_EL32_skew,skew,32,8,32,2048,8,eager,cross_layer_memo,216.12800657749176,70.88000327348709,83.81599932909012,-33.32016817686688,-71.28369488937467,145.24800330400467,True,2980.4481342434883,-77.0117969096163,4398.04819971323,-77.38522963382782,5461.2482488155365,-77.53460272351244
gb300,NVIDIA GB300,T2048_L8_E32_EL32_skew,skew,32,8,32,2048,8,cuda_graph,current_sgl,30.880000442266464,10.080000385642052,28.852000832557678,0.0,0.0,20.800000056624413,True,1235.2000176906586,0.0,1852.8000265359879,0.0,2316.000033169985,0.0
gb300,NVIDIA GB300,T2048_L8_E32_EL32_skew,skew,32,8,32,2048,8,cuda_graph,legacy_merged,36.67199984192848,12.000000104308128,33.03999826312065,18.75647447120603,14.515448876034554,24.671999737620354,True,1466.8799936771393,18.75647447120603,2200.319990515709,18.75647447120603,2750.399988144636,18.75647447120603
gb300,NVIDIA GB300,T2048_L8_E32_EL32_skew,skew,32,8,32,2048,8,cuda_graph,prefill_reuse,21.63200080394745,10.847999714314938,18.168000504374504,-29.94818492832978,-37.03036191558316,10.784001089632511,True,865.280032157898,-29.94818492832978,1297.920048236847,-29.94818492832978,1622.4000602960587,-29.94818492832978
gb300,NVIDIA GB300,T2048_L8_E32_EL32_skew,skew,32,8,32,2048,8,cuda_graph,cross_layer_memo,20.927999168634415,10.591999627649784,7.931999862194061,-32.227982937495106,-72.50797298867641,10.33599954098463,True,434.015984646976,-64.86269604671668,645.8559771999717,-65.14162521859038,804.7359716147184,-65.25319688733985
gb300,NVIDIA GB300,T2048_L8_E32_EL32_base_rows,base_rows,32,8,32,2048,8,eager,current_sgl,338.4320139884949,74.01599735021591,293.46001148223877,0.0,0.0,264.41601663827896,True,13537.280559539795,0.0,20305.920839309692,0.0,25382.401049137115,0.0
gb300,NVIDIA GB300,T2048_L8_E32_EL32_base_rows,base_rows,32,8,32,2048,8,eager,legacy_merged,211.13599836826324,71.58400118350983,161.7559939622879,-37.613467508590695,-44.879715247991136,139.55199718475342,True,8445.43993473053,-37.613467508590695,12668.159902095795,-37.613467508590695,15835.199877619743,-37.613467508590695
gb300,NVIDIA GB300,T2048_L8_E32_EL32_base_rows,base_rows,32,8,32,2048,8,eager,prefill_reuse,231.55200481414795,71.16799801588058,186.25600636005402,-31.580939378264716,-36.53104372916346,160.38400679826736,True,9262.080192565918,-31.580939378264716,13893.120288848877,-31.580939378264716,17366.400361061096,-31.580939378264716
gb300,NVIDIA GB300,T2048_L8_E32_EL32_base_rows,base_rows,32,8,32,2048,8,eager,cross_layer_memo,226.04799270629883,73.2479989528656,83.36800336837769,-33.20726664056568,-71.59135824084045,152.79999375343323,True,3082.7199518680573,-77.22792300632607,4547.679930925369,-77.60416793252914,5646.399915218353,-77.75466590301036
gb300,NVIDIA GB300,T2048_L8_E32_EL32_base_rows,base_rows,32,8,32,2048,8,cuda_graph,current_sgl,34.81600061058998,10.304000228643417,32.96799957752228,0.0,0.0,24.512000381946564,True,1392.6400244235992,0.0,2088.960036635399,0.0,2611.2000457942486,0.0
gb300,NVIDIA GB300,T2048_L8_E32_EL32_base_rows,base_rows,32,8,32,2048,8,cuda_graph,legacy_merged,36.320000886917114,11.136000044643879,32.896000891923904,4.319853659095063,-0.21838960968521004,25.184000842273235,True,1452.8000354766846,4.319853659095063,2179.200053215027,4.319853659095063,2724.0000665187836,4.319853659095063
gb300,NVIDIA GB300,T2048_L8_E32_EL32_base_rows,base_rows,32,8,32,2048,8,cuda_graph,prefill_reuse,23.296000435948372,11.392000131309032,20.24799957871437,-33.08823521544164,-38.58286872668021,11.90400030463934,True,931.8400174379349,-33.08823521544164,1397.7600261569023,-33.08823521544164,1747.200032696128,-33.08823521544164
gb300,NVIDIA GB300,T2048_L8_E32_EL32_base_rows,base_rows,32,8,32,2048,8,cuda_graph,cross_layer_memo,23.744000121951103,11.744000017642975,8.14799964427948,-31.801471434002416,-75.28512573193909,12.000000104308128,True,481.7600008100271,-65.40671010734285,716.6400011628866,-65.69393436950814,892.8000014275312,-65.80882407437427
gb300,NVIDIA GB300,T2048_L8_E256_EL32_iid,iid,32,8,256,2048,8,eager,current_sgl,352.83198952674866,88.48000317811966,291.57599806785583,0.0,0.0,264.351986348629,True,14113.279581069946,0.0,21169.91937160492,0.0,26462.39921450615,0.0
gb300,NVIDIA GB300,T2048_L8_E256_EL32_iid,iid,32,8,256,2048,8,eager,prefill_reuse,239.1040027141571,90.4960036277771,189.14799392223358,-32.23290126417794,-35.129093212187215,148.60799908638,True,9564.160108566284,-32.23290126417794,14346.240162849426,-32.23290126417794,17932.800203561783,-32.23290126417794
gb300,NVIDIA GB300,T2048_L8_E256_EL32_iid,iid,32,8,256,2048,8,eager,cross_layer_memo,249.88800287246704,87.36000210046768,84.85200256109238,-29.17648901177009,-70.8988383394488,162.52800077199936,True,3656.9280847907066,-74.08874341513278,5404.12812680006,-74.47260883738375,6714.5281583070755,-74.62615500628414
gb300,NVIDIA GB300,T2048_L8_E256_EL32_iid,iid,32,8,256,2048,8,cuda_graph,current_sgl,77.15199887752533,10.048000141978264,74.40000027418137,0.0,0.0,67.10399873554707,True,3086.079955101013,0.0,4629.11993265152,0.0,5786.3999158144,0.0
gb300,NVIDIA GB300,T2048_L8_E256_EL32_iid,iid,32,8,256,2048,8,cuda_graph,prefill_reuse,38.24000060558319,10.751999914646149,35.548001527786255,-50.43550243424393,-52.2204282301296,27.488000690937042,True,1529.6000242233276,-50.43550243424393,2294.4000363349915,-50.43550243424393,2868.0000454187393,-50.43550243424393
gb300,NVIDIA GB300,T2048_L8_E256_EL32_iid,iid,32,8,256,2048,8,cuda_graph,cross_layer_memo,38.784001022577286,11.52000017464161,9.64799989014864,-49.730400265915584,-87.03225825995496,27.264000847935677,True,488.06400783360004,-84.18498499927476,718.4640113264322,-84.47946862947441,891.2640139460564,-84.59726208155428
gb300,NVIDIA GB300,T2048_L8_E256_EL32_skew,skew,32,8,256,2048,8,eager,current_sgl,291.7439937591553,66.3679987192154,265.82399010658264,0.0,0.0,225.37599503993988,True,11669.759750366211,0.0,17504.639625549316,0.0,21880.799531936646,0.0
gb300,NVIDIA GB300,T2048_L8_E256_EL32_skew,skew,32,8,256,2048,8,eager,prefill_reuse,197.05599546432495,69.05599683523178,174.48799312114716,-32.455851815409964,-34.35957640573153,127.99999862909317,True,7882.239818572998,-32.455851815409964,11823.359727859497,-32.455851815409964,14779.199659824371,-32.455851815409964
gb300,NVIDIA GB300,T2048_L8_E256_EL32_skew,skew,32,8,256,2048,8,eager,cross_layer_memo,199.42399859428406,68.06399673223495,77.10400223731995,-31.64418021955391,-70.99434019991764,131.3600018620491,True,2853.9198711514473,-75.54431340317963,4215.199805796146,-75.9195282167149,5236.159756779671,-76.06961414212901
gb300,NVIDIA GB300,T2048_L8_E256_EL32_skew,skew,32,8,256,2048,8,cuda_graph,current_sgl,56.19199946522713,10.17600018531084,53.53999882936478,0.0,0.0,46.01599927991629,True,2247.679978609085,0.0,3371.5199679136276,0.0,4214.3999598920345,0.0
gb300,NVIDIA GB300,T2048_L8_E256_EL32_skew,skew,32,8,256,2048,8,cuda_graph,prefill_reuse,30.432000756263733,10.751999914646149,27.055999264121056,-45.84282274010246,-49.46582021723578,19.680000841617584,True,1217.2800302505493,-45.84282274010246,1825.920045375824,-45.84282274010246,2282.40005671978,-45.84282274010246
gb300,NVIDIA GB300,T2048_L8_E256_EL32_skew,skew,32,8,256,2048,8,cuda_graph,cross_layer_memo,30.047999694943428,11.264000087976456,8.85200034826994,-46.52619593375067,-83.46656604068707,18.783999606966972,True,469.3440031260252,-79.11873542529547,694.6240048855543,-79.39730413889842,863.5840062052011,-79.5087316243396
gb300,NVIDIA GB300,T2048_L8_E256_EL32_base_rows,base_rows,32,8,256,2048,8,eager,current_sgl,325.0559866428375,78.94399762153625,271.1600065231323,0.0,0.0,246.11198902130127,True,13002.239465713501,0.0,19503.35919857025,0.0,24379.198998212814,0.0
gb300,NVIDIA GB300,T2048_L8_E256_EL32_base_rows,base_rows,32,8,256,2048,8,eager,prefill_reuse,212.16000616550446,78.04799824953079,171.77599668502808,-34.73124172956089,-36.651426260246055,134.11200791597366,True,8486.400246620178,-34.73124172956089,12729.600369930267,-34.73124172956089,15912.000462412834,-34.73124172956089
gb300,NVIDIA GB300,T2048_L8_E256_EL32_base_rows,base_rows,32,8,256,2048,8,eager,cross_layer_memo,213.3760005235672,78.23999971151352,79.19599860906601,-34.35715406219582,-70.79362859422638,135.13600081205368,True,3264.7359892725945,-74.89097168313504,4829.535983502865,-75.23741456878409,6003.135979175568,-75.37599172304371
gb300,NVIDIA GB300,T2048_L8_E256_EL32_base_rows,base_rows,32,8,256,2048,8,cuda_graph,current_sgl,79.3600007891655,10.239999741315842,76.2920007109642,0.0,0.0,69.12000104784966,True,3174.40003156662,0.0,4761.60004734993,0.0,5952.000059187412,0.0
gb300,NVIDIA GB300,T2048_L8_E256_EL32_base_rows,base_rows,32,8,256,2048,8,cuda_graph,prefill_reuse,38.784001022577286,10.495999827980995,36.320000886917114,-51.12903145551353,-52.39343502798265,28.28800119459629,True,1551.3600409030914,-51.12903145551353,2327.040061354637,-51.12903145551353,2908.8000766932964,-51.12903145551353
gb300,NVIDIA GB300,T2048_L8_E256_EL32_base_rows,base_rows,32,8,256,2048,8,cuda_graph,cross_layer_memo,40.12800008058548,11.04000024497509,9.771999903023243,-49.43548427224324,-87.19131781581541,29.08799983561039,True,470.688009634614,-85.17237887619596,691.4880145341158,-85.47782241981949,857.0880182087421,-85.5999998372689
h200,NVIDIA H200,T1_L1_E32_EL32_iid,iid,32,1,32,1,8,eager,current_sgl,169.66399550437927,47.90399968624115,148.56399595737457,0.0,0.0,121.75999581813812,False,6786.559820175171,0.0,10179.839730262756,0.0,12724.799662828445,0.0
h200,NVIDIA H200,T1_L1_E32_EL32_iid,iid,32,1,32,1,8,eager,legacy_merged,111.58400028944016,48.128001391887665,90.52799642086029,-34.232363231973984,-39.06464629099351,63.45599889755249,False,4463.360011577606,-34.232363231973984,6695.040017366409,-34.232363231973984,8368.800021708012,-34.232363231973984
h200,NVIDIA H200,T1_L1_E32_EL32_iid,iid,32,1,32,1,8,eager,prefill_reuse,116.22399836778641,48.25599864125252,96.69200330972672,-31.49754724196242,-34.915587934596736,67.96799972653389,False,4648.959934711456,-31.49754724196242,6973.439902067184,-31.49754724196242,8716.79987758398,-31.49754724196242
h200,NVIDIA H200,T1_L1_E32_EL32_iid,iid,32,1,32,1,8,eager,cross_layer_memo,116.83200299739838,48.73599857091904,49.81200024485588,-31.13918916616415,-66.47101478130155,68.09600442647934,False,2017.5359472632408,-70.27159561364972,2992.2559186816216,-70.60606062602139,3723.295897245407,-70.73984663097006
h200,NVIDIA H200,T1_L1_E32_EL32_iid,iid,32,1,32,1,8,cuda_graph,current_sgl,19.519999623298645,10.784000158309937,16.48399978876114,0.0,0.0,8.735999464988708,False,780.7999849319458,0.0,1171.1999773979187,0.0,1463.9999717473984,0.0
h200,NVIDIA H200,T1_L1_E32_EL32_iid,iid,32,1,32,1,8,cuda_graph,legacy_merged,15.00799972563982,10.71999967098236,11.388000100851059,-23.11475402014558,-30.914825001299462,4.288000054657459,False,600.3199890255928,-23.11475402014558,900.4799835383892,-23.11475402014558,1125.5999794229865,-23.11475402014558
h200,NVIDIA H200,T1_L1_E32_EL32_iid,iid,32,1,32,1,8,cuda_graph,prefill_reuse,13.98400031030178,10.65600011497736,10.847999714314938,-28.360652765531903,-34.19073129501524,3.328000195324421,False,559.3600124120712,-28.360652765531903,839.0400186181068,-28.360652765531903,1048.8000232726336,-28.360652765531903
h200,NVIDIA H200,T1_L1_E32_EL32_iid,iid,32,1,32,1,8,cuda_graph,cross_layer_memo,14.208000153303146,10.816000401973724,5.888000130653381,-27.213112564076138,-64.28051318789846,3.391999751329422,False,436.0320158302784,-44.155734599779386,652.3520238697529,-44.30054333512727,814.5920298993587,-44.35846682926643
h200,NVIDIA H200,T1_L1_E256_EL32_iid,iid,32,1,256,1,8,eager,current_sgl,171.2000072002411,46.112000942230225,151.97999775409698,0.0,0.0,125.08800625801086,False,6848.000288009644,0.0,10272.000432014465,0.0,12840.000540018082,0.0
h200,NVIDIA H200,T1_L1_E256_EL32_iid,iid,32,1,256,1,8,eager,legacy_merged,110.23999750614166,46.04800045490265,89.35199677944183,-35.60748080039426,-41.20805494153711,64.19199705123901,False,4409.5999002456665,-35.60748080039426,6614.3998503685,-35.60748080039426,8267.999812960625,-35.60748080039426
h200,NVIDIA H200,T1_L1_E256_EL32_iid,iid,32,1,256,1,8,eager,prefill_reuse,116.19199812412262,46.65600135922432,99.07999634742737,-32.130845071623924,-34.80721291512426,69.5359967648983,False,4647.679924964905,-32.130845071623924,6971.519887447357,-32.130845071623924,8714.399859309196,-32.130845071623924
h200,NVIDIA H200,T1_L1_E256_EL32_iid,iid,32,1,256,1,8,eager,cross_layer_memo,116.35199934244156,46.751998364925385,49.41200092434883,-32.03738641999443,-67.4878262570465,69.60000097751617,False,1939.6799355745316,-71.67523577692057,2874.7199028730392,-72.01402081415927,3575.99987834692,-72.14953482905473
h200,NVIDIA H200,T1_L1_E256_EL32_iid,iid,32,1,256,1,8,cuda_graph,current_sgl,18.303999677300453,10.847999714314938,15.475999563932419,0.0,0.0,7.455999962985516,False,732.1599870920181,0.0,1098.2399806380272,0.0,1372.799975797534,0.0
h200,NVIDIA H200,T1_L1_E256_EL32_iid,iid,32,1,256,1,8,cuda_graph,legacy_merged,14.911999925971031,10.847999714314938,11.376000009477139,-18.53146749961967,-26.492631623036043,4.064000211656094,False,596.4799970388412,-18.53146749961967,894.7199955582619,-18.53146749961967,1118.3999944478273,-18.53146749961967
h200,NVIDIA H200,T1_L1_E256_EL32_iid,iid,32,1,256,1,8,cuda_graph,prefill_reuse,13.472000136971474,10.879999957978725,10.320000350475311,-26.398599352694163,-33.31609820843765,2.5920001789927483,False,538.880005478859,-26.398599352694163,808.3200082182884,-26.398599352694163,1010.4000102728605,-26.398599352694163
h200,NVIDIA H200,T1_L1_E256_EL32_iid,iid,32,1,256,1,8,cuda_graph,cross_layer_memo,13.663999736309052,10.847999714314938,5.840000230818987,-25.34965047418384,-62.26414838864822,2.816000021994114,False,436.7359885945916,-40.34965085579001,653.6959828808904,-40.47785598725673,816.4159785956144,-40.52913803984342
h200,NVIDIA H200,T1_L8_E32_EL32_iid,iid,32,8,32,1,8,eager,current_sgl,207.5520008802414,45.66400125622749,186.8640035390854,0.0,0.0,161.8879996240139,False,8302.080035209656,0.0,12453.120052814484,0.0,15566.400066018105,0.0
h200,NVIDIA H200,T1_L8_E32_EL32_iid,iid,32,8,32,1,8,eager,legacy_merged,111.10399663448334,45.88799923658371,90.69199860095978,-46.46932038077969,-51.466308714727816,65.21599739789963,False,4444.1598653793335,-46.46932038077969,6666.239798069,-46.46932038077969,8332.79974758625,-46.46932038077969
h200,NVIDIA H200,T1_L8_E32_EL32_iid,iid,32,8,32,1,8,eager,prefill_reuse,133.85599851608276,46.08000069856644,116.0999983549118,-35.50724736529117,-37.86925456157865,87.77599781751633,False,5354.239940643311,-35.50724736529117,8031.359910964966,-35.50724736529117,10039.199888706207,-35.50724736529117
h200,NVIDIA H200,T1_L8_E32_EL32_iid,iid,32,8,32,1,8,eager,cross_layer_memo,134.07999277114868,46.14400118589401,51.62400007247925,-35.39932537267442,-72.37349136550993,87.93599158525467,False,1933.6960390210152,-76.70829441754252,2856.5760627388954,-77.06136252903713,3548.7360805273056,-77.20258977363497
h200,NVIDIA H200,T1_L8_E32_EL32_iid,iid,32,8,32,1,8,cuda_graph,current_sgl,19.487999379634857,10.623999871313572,17.287999391555786,0.0,0.0,8.863999508321285,False,779.5199751853943,0.0,1169.2799627780914,0.0,1461.5999534726143,0.0
h200,NVIDIA H200,T1_L8_E32_EL32_iid,iid,32,8,32,1,8,cuda_graph,legacy_merged,15.296000055968761,10.751999914646149,11.579999700188637,-21.510670449049663,-33.01712107969639,4.544000141322613,False,611.8400022387505,-21.510670449049663,917.7600033581257,-21.510670449049663,1147.200004197657,-21.510670449049663
h200,NVIDIA H200,T1_L8_E32_EL32_iid,iid,32,8,32,1,8,cuda_graph,prefill_reuse,14.431999996304512,10.65600011497736,11.491999961435795,-25.94416843328675,-33.52614318664895,3.7759998813271523,False,577.2799998521805,-25.94416843328675,865.9199997782707,-25.94416843328675,1082.3999997228384,-25.94416843328675
h200,NVIDIA H200,T1_L8_E32_EL32_iid,iid,32,8,32,1,8,cuda_graph,cross_layer_memo,14.495999552309513,10.623999871313572,5.98399993032217,-25.615763476173093,-65.38639437224288,3.871999680995941,False,428.8319945335388,-44.9876836791066,641.3119919598103,-45.153255646653044,800.6719900295138,-45.21948443367162
h200,NVIDIA H200,T1_L8_E256_EL32_iid,iid,32,8,256,1,8,eager,current_sgl,206.01600408554077,46.23999819159508,186.90000474452972,0.0,0.0,159.7760058939457,False,8240.64016342163,0.0,12360.960245132446,0.0,15451.200306415558,0.0
h200,NVIDIA H200,T1_L8_E256_EL32_iid,iid,32,8,256,1,8,eager,prefill_reuse,132.64000415802002,45.53600028157234,115.24800211191177,-35.616650392390866,-38.33707908705395,87.10400387644768,False,5305.600166320801,-35.616650392390866,7958.400249481201,-35.616650392390866,9948.000311851501,-35.616650392390866
h200,NVIDIA H200,T1_L8_E256_EL32_iid,iid,32,8,256,1,8,eager,cross_layer_memo,131.96800649166107,45.9199994802475,51.2240007519722,-35.94283751039745,-72.59283068398561,86.04800701141357,False,1922.8479862213135,-76.66627897725218,2841.2479758262634,-77.014342579533,3530.047968029976,-77.1535680204453
h200,NVIDIA H200,T1_L8_E256_EL32_iid,iid,32,8,256,1,8,cuda_graph,current_sgl,20.767999812960625,10.71999967098236,18.26000027358532,0.0,0.0,10.048000141978264,False,830.719992518425,0.0,1246.0799887776375,0.0,1557.5999859720469,0.0
h200,NVIDIA H200,T1_L8_E256_EL32_iid,iid,32,8,256,1,8,cuda_graph,prefill_reuse,15.200000256299973,10.784000158309937,12.03600037842989,-26.810475764670638,-34.085431554779255,4.416000097990036,False,608.0000102519989,-26.810475764670638,912.0000153779984,-26.810475764670638,1140.000019222498,-26.810475764670638
h200,NVIDIA H200,T1_L8_E256_EL32_iid,iid,32,8,256,1,8,cuda_graph,cross_layer_memo,14.911999925971031,10.784000158309937,5.859999917447567,-28.197226212102798,-67.90799655176036,4.127999767661095,False,435.48800610005856,-47.57704039602735,651.1680092662573,-47.742679833496794,812.9280116409063,-47.80893560848457
h200,NVIDIA H200,T32_L1_E32_EL32_iid,iid,32,1,32,32,8,eager,current_sgl,165.72800278663635,46.52800038456917,149.74400401115417,0.0,0.0,119.20000240206718,False,6629.120111465454,0.0,9943.680167198181,0.0,12429.600208997726,0.0
h200,NVIDIA H200,T32_L1_E32_EL32_iid,iid,32,1,32,32,8,eager,legacy_merged,109.79200154542923,46.52800038456917,91.64000302553177,-33.75168969677439,-38.80222207848425,63.26400116086006,False,4391.680061817169,-33.75168969677439,6587.520092725754,-33.75168969677439,8234.400115907192,-33.75168969677439
h200,NVIDIA H200,T32_L1_E32_EL32_iid,iid,32,1,32,32,8,eager,prefill_reuse,114.04799669981003,46.720001846551895,97.49600291252136,-31.18362933110396,-34.89154804137663,67.32799485325813,False,4561.919867992401,-31.18362933110396,6842.879801988602,-31.18362933110396,8553.599752485752,-31.18362933110396
h200,NVIDIA H200,T32_L1_E32_EL32_iid,iid,32,1,32,32,8,eager,cross_layer_memo,112.15999722480774,46.592000871896744,49.511998891830444,-32.322845060043235,-66.93557166526523,65.567996352911,False,1929.2480312287807,-70.89737402868847,2861.0880486667156,-71.22707085748031,3559.968061745167,-71.35894958899705
h200,NVIDIA H200,T32_L1_E32_EL32_iid,iid,32,1,32,32,8,cuda_graph,current_sgl,23.48800003528595,10.71999967098236,20.692000165581703,0.0,0.0,12.768000364303589,False,939.520001411438,0.0,1409.280002117157,0.0,1761.6000026464462,0.0
h200,NVIDIA H200,T32_L1_E32_EL32_iid,iid,32,1,32,32,8,cuda_graph,legacy_merged,15.647999942302704,10.847999714314938,12.107999995350838,-33.37874693973619,-41.48463223245653,4.800000227987766,False,625.9199976921082,-33.37874693973619,938.8799965381622,-33.37874693973619,1173.5999956727028,-33.37874693973619
h200,NVIDIA H200,T32_L1_E32_EL32_iid,iid,32,1,32,32,8,cuda_graph,prefill_reuse,15.936000272631645,10.591999627649784,12.860000133514404,-32.152587497057894,-37.85037680936594,5.344000644981861,False,637.4400109052658,-32.152587497057894,956.1600163578987,-32.152587497057894,1195.2000204473734,-32.152587497057894
h200,NVIDIA H200,T32_L1_E32_EL32_iid,iid,32,1,32,32,8,cuda_graph,cross_layer_memo,16.1920003592968,10.591999627649784,6.436000112444162,-31.062668873588184,-68.89619147041395,5.600000731647015,False,429.2799858376384,-54.308584682313054,641.1199783906341,-54.507267723413264,799.9999728053808,-54.58674093985335
h200,NVIDIA H200,T32_L1_E256_EL32_iid,iid,32,1,256,32,8,eager,current_sgl,171.4559942483902,46.1760014295578,153.69999408721924,0.0,0.0,125.2799928188324,False,6858.239769935608,0.0,10287.359654903412,0.0,12859.199568629265,0.0
h200,NVIDIA H200,T32_L1_E256_EL32_iid,iid,32,1,256,32,8,eager,legacy_merged,111.13599687814713,46.46399989724159,90.56799858808517,-35.181037347027264,-41.074819731813996,64.67199698090553,False,4445.439875125885,-35.181037347027264,6668.1598126888275,-35.181037347027264,8335.199765861034,-35.181037347027264
h200,NVIDIA H200,T32_L1_E256_EL32_iid,iid,32,1,256,32,8,eager,prefill_reuse,116.12799763679504,45.98399996757507,100.41599720716476,-32.26950265234873,-34.66753346120346,70.14399766921997,False,4645.119905471802,-32.26950265234873,6967.679858207703,-32.26950265234873,8709.599822759628,-32.26950265234873
h200,NVIDIA H200,T32_L1_E256_EL32_iid,iid,32,1,256,32,8,eager,cross_layer_memo,116.89600348472595,46.08000069856644,50.08799955248833,-31.821570895108277,-67.41184028669176,70.81600278615952,False,1914.016030728817,-72.0917306052893,2835.6160447001457,-72.43592000452162,3526.8160551786423,-72.57359576421453
h200,NVIDIA H200,T32_L1_E256_EL32_iid,iid,32,1,256,32,8,cuda_graph,current_sgl,19.1040001809597,10.65600011497736,16.53200015425682,0.0,0.0,8.448000065982342,False,764.1600072383881,0.0,1146.240010857582,0.0,1432.8000135719776,0.0
h200,NVIDIA H200,T32_L1_E256_EL32_iid,iid,32,1,256,32,8,cuda_graph,legacy_merged,15.48799965530634,10.623999871313572,11.983999982476234,-18.927975771573248,-27.51028386973202,4.863999783992767,False,619.5199862122536,-18.927975771573248,929.2799793183804,-18.927975771573248,1161.5999741479754,-18.927975771573248
h200,NVIDIA H200,T32_L1_E256_EL32_iid,iid,32,1,256,32,8,cuda_graph,prefill_reuse,13.728000223636627,10.623999871313572,10.804000310599804,-28.14070302763684,-34.647954211288315,3.1040003523230553,False,549.1200089454651,-28.14070302763684,823.6800134181976,-28.14070302763684,1029.600016772747,-28.14070302763684
h200,NVIDIA H200,T32_L1_E256_EL32_iid,iid,32,1,256,32,8,cuda_graph,cross_layer_memo,13.824000023305416,10.528000071644783,6.051999982446432,-27.638191518217635,-63.39220949687625,3.295999951660633,False,424.41600281745195,-44.45979915237166,634.9760042503476,-44.6035735765952,792.8960053250194,-44.66108334628461
h200,NVIDIA H200,T32_L8_E32_EL32_iid,iid,32,8,32,32,8,eager,current_sgl,203.71200144290924,45.66400125622749,185.64799427986145,0.0,0.0,158.04800018668175,False,8148.48005771637,0.0,12222.720086574554,0.0,15278.400108218193,0.0
h200,NVIDIA H200,T32_L8_E32_EL32_iid,iid,32,8,32,32,8,eager,legacy_merged,109.8560020327568,45.66400125622749,90.66399931907654,-46.07288659743289,-51.16349106233705,64.19200077652931,False,4394.240081310272,-46.07288659743289,6591.360121965408,-46.07288659743289,8239.20015245676,-46.07288659743289
h200,NVIDIA H200,T32_L8_E32_EL32_iid,iid,32,8,32,32,8,eager,prefill_reuse,132.7359974384308,45.43999955058098,115.66799879074097,-34.84134636238879,-37.69499140595439,87.29599788784981,False,5309.439897537231,-34.84134636238879,7964.159846305847,-34.84134636238879,9955.199807882309,-34.84134636238879
h200,NVIDIA H200,T32_L8_E32_EL32_iid,iid,32,8,32,32,8,eager,cross_layer_memo,132.86399841308594,45.88799923658371,51.93600058555603,-34.7785120797994,-72.02447525112319,86.97599917650223,False,1922.4959686398506,-76.40669235216077,2840.255953371525,-76.76248876474506,3528.5759419202805,-76.90480732977876
h200,NVIDIA H200,T32_L8_E32_EL32_iid,iid,32,8,32,32,8,cuda_graph,current_sgl,20.767999812960625,11.487999930977821,18.492000177502632,0.0,0.0,9.279999881982803,False,830.719992518425,0.0,1246.0799887776375,0.0,1557.5999859720469,0.0
h200,NVIDIA H200,T32_L8_E32_EL32_iid,iid,32,8,32,32,8,cuda_graph,legacy_merged,17.472000792622566,11.552000418305397,13.7320002540946,-15.870565533620306,-25.740860251553787,5.920000374317169,False,698.8800317049026,-15.870565533620306,1048.320047557354,-15.870565533620306,1310.4000594466925,-15.870565533620306
h200,NVIDIA H200,T32_L8_E32_EL32_iid,iid,32,8,32,32,8,cuda_graph,prefill_reuse,15.104000456631184,10.688000358641148,12.323999777436256,-27.272724419010853,-33.35496615217626,4.416000097990036,False,604.1600182652473,-27.272724419010853,906.240027397871,-27.272724419010853,1132.8000342473388,-27.272724419010853
h200,NVIDIA H200,T32_L8_E32_EL32_iid,iid,32,8,32,32,8,cuda_graph,cross_layer_memo,15.359999611973763,10.688000358641148,6.591999903321266,-26.04006283557412,-64.35215314706144,4.671999253332615,False,432.1920135989785,-47.973803749595845,645.9520207718015,-48.16127162065585,806.2720261514187,-48.23625876907987
h200,NVIDIA H200,T32_L8_E256_EL32_iid,iid,32,8,256,32,8,eager,current_sgl,203.5519927740097,46.39999940991402,187.7720057964325,0.0,0.0,157.1519933640957,False,8142.079710960388,0.0,12213.119566440582,0.0,15266.399458050728,0.0
h200,NVIDIA H200,T32_L8_E256_EL32_iid,iid,32,8,256,32,8,eager,prefill_reuse,132.28799402713776,46.14400118589401,115.74400216341019,-35.01021914631494,-38.35928754529541,86.14399284124374,False,5291.51976108551,-35.01021914631494,7937.279641628265,-35.01021914631494,9921.599552035332,-35.01021914631494
h200,NVIDIA H200,T32_L8_E256_EL32_iid,iid,32,8,256,32,8,eager,cross_layer_memo,132.03200697898865,46.01600021123886,51.37199908494949,-35.135979176791935,-72.64128970287354,86.01600676774979,False,1926.6560152173042,-76.33705289541992,2846.9760194420815,-76.68919882463895,3537.2160226106644,-76.83005719632656
h200,NVIDIA H200,T32_L8_E256_EL32_iid,iid,32,8,256,32,8,cuda_graph,current_sgl,22.624000906944275,10.623999871313572,20.3000009059906,0.0,0.0,12.000001035630703,False,904.960036277771,0.0,1357.4400544166565,0.0,1696.8000680208206,0.0
h200,NVIDIA H200,T32_L8_E256_EL32_iid,iid,32,8,256,32,8,cuda_graph,prefill_reuse,16.063999384641647,10.591999627649784,12.984000146389008,-28.99576228486219,-36.039411000433084,5.471999756991863,False,642.5599753856659,-28.99576228486219,963.8399630784988,-28.99576228486219,1204.7999538481236,-28.99576228486219
h200,NVIDIA H200,T32_L8_E256_EL32_iid,iid,32,8,256,32,8,cuda_graph,cross_layer_memo,15.680000185966492,10.688000358641148,6.391999777406454,-30.693071263298844,-68.51231777275363,4.991999827325344,False,432.51201417297125,-52.20650671471034,646.2720213457942,-52.390382231389076,806.5920267254114,-52.46393243806058
h200,NVIDIA H200,T256_L1_E32_EL32_iid,iid,32,1,32,256,8,eager,current_sgl,169.47199404239655,46.62400111556053,152.44799852371216,0.0,0.0,122.84799292683601,False,6778.879761695862,0.0,10168.319642543793,0.0,12710.39955317974,0.0
h200,NVIDIA H200,T256_L1_E32_EL32_iid,iid,32,1,32,256,8,eager,legacy_merged,108.31999778747559,46.560000628232956,90.2239978313446,-36.08383591664276,-40.81654157151107,61.75999715924263,False,4332.799911499023,-36.08383591664276,6499.199867248535,-36.08383591664276,8123.999834060669,-36.08383591664276
h200,NVIDIA H200,T256_L1_E32_EL32_iid,iid,32,1,32,256,8,eager,prefill_reuse,114.23999816179276,45.72800174355507,99.29999709129333,-32.59063315605202,-34.86303654170445,68.51199641823769,False,4569.59992647171,-32.59063315605202,6854.399889707565,-32.59063315605202,8567.999862134457,-32.59063315605202
h200,NVIDIA H200,T256_L1_E32_EL32_iid,iid,32,1,32,256,8,eager,cross_layer_memo,114.43199962377548,46.49600014090538,49.52799901366234,-32.47733923804059,-67.51154525262028,67.9359994828701,False,1927.7760051190853,-71.56202687039817,2857.696007937193,-71.89608402964909,3555.1360100507736,-72.02970689334947
h200,NVIDIA H200,T256_L1_E32_EL32_iid,iid,32,1,32,256,8,cuda_graph,current_sgl,20.38400061428547,11.264000087976456,17.75199919939041,0.0,0.0,9.120000526309013,False,815.3600245714188,0.0,1223.0400368571281,0.0,1528.8000460714102,0.0
h200,NVIDIA H200,T256_L1_E32_EL32_iid,iid,32,1,32,256,8,cuda_graph,legacy_merged,19.1040001809597,11.359999887645245,15.731999650597572,-6.279436787441616,-11.378997520809964,7.744000293314457,False,764.1600072383881,-6.279436787441616,1146.240010857582,-6.279436787441616,1432.8000135719776,-6.279436787441616
h200,NVIDIA H200,T256_L1_E32_EL32_iid,iid,32,1,32,256,8,cuda_graph,prefill_reuse,14.911999925971031,10.65600011497736,11.591999791562557,-26.844586555200365,-34.70031368658118,4.255999810993671,False,596.4799970388412,-26.844586555200365,894.7199955582619,-26.844586555200365,1118.3999944478273,-26.844586555200365
h200,NVIDIA H200,T256_L1_E32_EL32_iid,iid,32,1,32,256,8,cuda_graph,cross_layer_memo,15.00799972563982,10.623999871313572,6.531999912112951,-26.37362993836476,-63.20414484731807,4.383999854326248,False,429.3439947068691,-47.34301636475898,641.8239921331406,-47.522241889770896,801.1839902028441,-47.59393209977566
h200,NVIDIA H200,T256_L1_E256_EL32_iid,iid,32,1,256,256,8,eager,current_sgl,174.40000176429749,48.767998814582825,287.13199496269226,0.0,0.0,125.63200294971466,False,6976.000070571899,0.0,10464.00010585785,0.0,13080.000132322311,0.0
h200,NVIDIA H200,T256_L1_E256_EL32_iid,iid,32,1,256,256,8,eager,legacy_merged,112.47999966144562,48.19199815392494,173.14399778842926,-35.50458800254892,-39.69881419487011,64.28800150752068,False,4499.199986457825,-35.50458800254892,6748.799979686737,-35.50458800254892,8435.999974608421,-35.50458800254892
h200,NVIDIA H200,T256_L1_E256_EL32_iid,iid,32,1,256,256,8,eager,prefill_reuse,118.23999881744385,47.68000170588493,186.51600182056427,-32.201836226328815,-35.04172119697119,70.55999711155891,False,4729.599952697754,-32.201836226328815,7094.399929046631,-32.201836226328815,8867.999911308289,-32.201836226328815
h200,NVIDIA H200,T256_L1_E256_EL32_iid,iid,32,1,256,256,8,eager,cross_layer_memo,117.95199662446976,48.54400083422661,93.03999692201614,-32.36697509677637,-67.59678525755896,69.40799579024315,False,2011.1680291593075,-71.1701833598974,2982.0480458438396,-71.50183471257363,3710.2080583572388,-71.63449525364413
h200,NVIDIA H200,T256_L1_E256_EL32_iid,iid,32,1,256,256,8,cuda_graph,current_sgl,24.12799932062626,11.90400030463934,19.899999722838402,0.0,0.0,12.22399901598692,False,965.1199728250504,0.0,1447.6799592375755,0.0,1809.5999490469694,0.0
h200,NVIDIA H200,T256_L1_E256_EL32_iid,iid,32,1,256,256,8,cuda_graph,legacy_merged,19.58400011062622,11.839999817311764,14.2639996483922,-18.832888502759193,-28.321608808757915,7.744000293314457,False,783.3600044250488,-18.832888502759193,1175.0400066375732,-18.832888502759193,1468.8000082969666,-18.832888502759193
h200,NVIDIA H200,T256_L1_E256_EL32_iid,iid,32,1,256,256,8,cuda_graph,prefill_reuse,18.592000007629395,11.872000060975552,12.835999950766563,-22.94429488094487,-35.497486786217294,6.719999946653843,False,743.6800003051758,-22.94429488094487,1115.5200004577637,-22.94429488094487,1394.4000005722046,-22.94429488094487
h200,NVIDIA H200,T256_L1_E256_EL32_iid,iid,32,1,256,256,8,cuda_graph,cross_layer_memo,18.559999763965607,11.711999773979187,6.684000138193369,-23.076921889253978,-66.41205913926511,6.84799998998642,False,475.3279909491539,-50.74933642106713,709.5679864287376,-50.985852784586896,885.2479830384254,-51.08045932999481
h200,NVIDIA H200,T256_L8_E32_EL32_iid,iid,32,8,32,256,8,eager,current_sgl,208.12800526618958,46.14400118589401,188.4559988975525,0.0,0.0,161.98400408029556,False,8325.120210647583,0.0,12487.680315971375,0.0,15609.600394964218,0.0
h200,NVIDIA H200,T256_L8_E32_EL32_iid,iid,32,8,32,256,8,eager,legacy_merged,111.32799834012985,46.112000942230225,91.23200178146362,-46.50984224936734,-51.589759776732436,65.21599739789963,False,4453.119933605194,-46.50984224936734,6679.679900407791,-46.50984224936734,8349.599875509739,-46.50984224936734
h200,NVIDIA H200,T256_L8_E32_EL32_iid,iid,32,8,32,256,8,eager,prefill_reuse,135.55200397968292,45.343998819589615,117.85600334405899,-34.8708484442947,-37.46232328315148,90.20800516009331,False,5422.080159187317,-34.8708484442947,8133.120238780975,-34.8708484442947,10166.40029847622,-34.8708484442947
h200,NVIDIA H200,T256_L8_E32_EL32_iid,iid,32,8,32,256,8,eager,cross_layer_memo,135.04000008106232,45.69600149989128,52.639998495578766,-35.116852771278836,-72.06775119735262,89.34399858117104,False,1917.1840585768223,-76.97109459002405,2831.104088574648,-77.32882315257743,3516.544111073017,-77.47191457759878
h200,NVIDIA H200,T256_L8_E32_EL32_iid,iid,32,8,32,256,8,cuda_graph,current_sgl,21.695999428629875,11.008000001311302,19.447999075055122,0.0,0.0,10.687999427318573,False,867.839977145195,0.0,1301.7599657177925,0.0,1627.1999571472406,0.0
h200,NVIDIA H200,T256_L8_E32_EL32_iid,iid,32,8,32,256,8,cuda_graph,legacy_merged,22.495999932289124,11.42400037497282,18.78800056874752,3.6873180527631,-3.3936576393308493,11.071999557316303,False,899.8399972915649,3.6873180527631,1349.7599959373474,3.6873180527631,1687.1999949216843,3.6873180527631
h200,NVIDIA H200,T256_L8_E32_EL32_iid,iid,32,8,32,256,8,cuda_graph,prefill_reuse,16.1920003592968,11.58399973064661,12.911999598145485,-25.368727941935887,-33.60756781037183,4.6080006286501884,False,647.680014371872,-25.368727941935887,971.5200215578079,-25.368727941935887,1214.40002694726,-25.368727941935887
h200,NVIDIA H200,T256_L8_E32_EL32_iid,iid,32,8,32,256,8,cuda_graph,cross_layer_memo,15.936000272631645,11.392000131309032,6.752000190317631,-26.548669375412036,-65.28177441669025,4.544000141322613,False,460.2240053936839,-46.969024530580526,688.0640080198646,-47.14355748062471,858.9440099895,-47.213370660642376
h200,NVIDIA H200,T256_L8_E256_EL32_iid,iid,32,8,256,256,8,eager,current_sgl,208.80000293254852,48.767998814582825,191.45600497722626,0.0,0.0,160.0320041179657,False,8352.000117301941,0.0,12528.000175952911,0.0,15660.00021994114,0.0
h200,NVIDIA H200,T256_L8_E256_EL32_iid,iid,32,8,256,256,8,eager,prefill_reuse,136.00000739097595,47.93599992990494,119.58000063896179,-34.86589775819597,-37.5417863476333,88.06400746107101,False,5440.000295639038,-34.86589775819597,8160.000443458557,-34.86589775819597,10200.000554323196,-34.86589775819597
h200,NVIDIA H200,T256_L8_E256_EL32_iid,iid,32,8,256,256,8,eager,cross_layer_memo,135.42400300502777,48.48000034689903,53.42400074005127,-35.141761923836945,-72.09593883127037,86.94400265812874,False,2026.14401653409,-75.74061316957186,2995.7440234720707,-76.08761189816788,3722.944028675556,-76.2264113896063
h200,NVIDIA H200,T256_L8_E256_EL32_iid,iid,32,8,256,256,8,cuda_graph,current_sgl,36.67199984192848,12.032000347971916,33.78799930214882,0.0,0.0,24.639999493956566,False,1466.8799936771393,0.0,2200.319990515709,0.0,2750.399988144636,0.0
h200,NVIDIA H200,T256_L8_E256_EL32_iid,iid,32,8,256,256,8,cuda_graph,prefill_reuse,23.77600036561489,12.223999947309494,20.268000662326813,-35.165792789868824,-40.01420302788444,11.552000418305397,False,951.0400146245956,-35.165792789868824,1426.5600219368935,-35.165792789868824,1783.2000274211168,-35.165792789868824
h200,NVIDIA H200,T256_L8_E256_EL32_iid,iid,32,8,256,256,8,cuda_graph,cross_layer_memo,23.93599972128868,12.000000104308128,7.511999923735857,-34.729494370465865,-77.76725441314272,11.935999616980553,False,491.9360037893057,-66.46378668263569,731.9360058754683,-66.73501995026106,911.9360074400902,-66.84351325731122
h200,NVIDIA H200,T2048_L1_E32_EL32_iid,iid,32,1,32,2048,8,eager,current_sgl,174.17599260807037,58.75200033187866,156.4120054244995,0.0,0.0,115.42399227619171,True,6967.039704322815,0.0,10450.559556484222,0.0,13063.199445605278,0.0
h200,NVIDIA H200,T2048_L1_E32_EL32_iid,iid,32,1,32,2048,8,eager,legacy_merged,116.41599982976913,58.400001376867294,96.41200304031372,-33.16185652994806,-38.36022830942344,58.01599845290184,True,4656.639993190765,-33.16185652994806,6984.959989786148,-33.16185652994806,8731.199987232685,-33.16185652994806
h200,NVIDIA H200,T2048_L1_E32_EL32_iid,iid,32,1,32,2048,8,eager,prefill_reuse,118.46400052309036,58.52799862623215,102.11600363254547,-31.98603392509022,-34.71344903774849,59.936001896858215,True,4738.5600209236145,-31.98603392509022,7107.840031385422,-31.98603392509022,8884.800039231777,-31.98603392509022
h200,NVIDIA H200,T2048_L1_E32_EL32_iid,iid,32,1,32,2048,8,eager,cross_layer_memo,118.07999759912491,58.33600088953972,51.07999965548515,-32.20650226760716,-67.34266048385807,59.74399670958519,True,2393.184032291174,-65.64991540372185,3559.9040500819683,-65.93575654163737,4434.944063425064,-66.05009299680357
h200,NVIDIA H200,T2048_L1_E32_EL32_iid,iid,32,1,32,2048,8,cuda_graph,current_sgl,33.59999880194664,14.783999882638454,30.028000473976135,0.0,0.0,18.815998919308186,True,1343.9999520778656,0.0,2015.9999281167984,0.0,2519.999910145998,0.0
h200,NVIDIA H200,T2048_L1_E32_EL32_iid,iid,32,1,32,2048,8,cuda_graph,legacy_merged,40.832001715898514,14.911999925971031,37.12800145149231,21.523818963746155,23.644601256981513,25.920001789927483,True,1633.2800686359406,21.523818963746155,2449.920102953911,21.523818963746155,3062.4001286923885,21.523818963746155
h200,NVIDIA H200,T2048_L1_E32_EL32_iid,iid,32,1,32,2048,8,cuda_graph,prefill_reuse,22.52800017595291,14.816000126302242,18.15599948167801,-32.9523780380381,-39.536435343362385,7.712000049650669,True,901.1200070381165,-32.9523780380381,1351.6800105571747,-32.9523780380381,1689.6000131964684,-32.9523780380381
h200,NVIDIA H200,T2048_L1_E32_EL32_iid,iid,32,1,32,2048,8,cuda_graph,cross_layer_memo,22.752000018954277,14.879999682307243,8.383999578654766,-32.28571181485839,-72.07939441082402,7.872000336647034,True,603.0719876289368,-55.12857074908606,900.6719812750816,-55.323808859635015,1123.8719765096903,-55.40190410385459
h200,NVIDIA H200,T2048_L1_E256_EL32_iid,iid,32,1,256,2048,8,eager,current_sgl,176.57600343227386,58.20799991488457,156.7319929599762,0.0,0.0,118.3680035173893,True,7063.040137290955,0.0,10594.560205936432,0.0,13243.20025742054,0.0
h200,NVIDIA H200,T2048_L1_E256_EL32_iid,iid,32,1,256,2048,8,eager,legacy_merged,117.37599968910217,58.46399813890457,96.89199924468994,-33.526641555163515,-38.17982058747078,58.9120015501976,True,4695.039987564087,-33.526641555163515,7042.55998134613,-33.526641555163515,8803.199976682663,-33.526641555163515
h200,NVIDIA H200,T2048_L1_E256_EL32_iid,iid,32,1,256,2048,8,eager,prefill_reuse,118.59200149774551,58.559998869895935,102.21999883651733,-32.83798523436864,-34.78038726744149,60.03200262784958,True,4743.680059909821,-32.83798523436864,7115.520089864731,-32.83798523436864,8894.400112330914,-32.83798523436864
h200,NVIDIA H200,T2048_L1_E256_EL32_iid,iid,32,1,256,2048,8,eager,cross_layer_memo,118.04799735546112,59.29600074887276,51.27599835395813,-33.146070212910494,-67.28428102930319,58.751996606588364,True,2430.5920265614986,-65.58716955707747,3616.512041538954,-65.86444391044643,4505.952052772045,-65.975353651794
h200,NVIDIA H200,T2048_L1_E256_EL32_iid,iid,32,1,256,2048,8,cuda_graph,current_sgl,48.287998884916306,14.879999682307243,45.1119989156723,0.0,0.0,33.40799920260906,True,1931.5199553966522,0.0,2897.2799330949783,0.0,3621.599916368723,0.0
h200,NVIDIA H200,T2048_L1_E256_EL32_iid,iid,32,1,256,2048,8,cuda_graph,legacy_merged,34.97600182890892,14.84800036996603,31.044000759720802,-27.56792031853208,-31.184603861710404,20.12800145894289,True,1399.0400731563568,-27.56792031853208,2098.560109734535,-27.56792031853208,2623.200137168169,-27.56792031853208
h200,NVIDIA H200,T2048_L1_E256_EL32_iid,iid,32,1,256,2048,8,cuda_graph,prefill_reuse,29.24799919128418,14.976000413298607,25.380000472068787,-39.43008642584201,-43.740022428375354,14.271998777985573,True,1169.9199676513672,-39.43008642584201,1754.8799514770508,-39.43008642584201,2193.5999393463135,-39.43008642584201
h200,NVIDIA H200,T2048_L1_E256_EL32_iid,iid,32,1,256,2048,8,cuda_graph,cross_layer_memo,29.7279991209507,14.976000413298607,8.25599953532219,-38.43605076325327,-81.69888337079654,14.751998707652092,True,613.7920152395964,-68.22233114782655,913.3120235055685,-68.4769147408571,1137.9520297050476,-68.5787481780693
h200,NVIDIA H200,T2048_L8_E32_EL32_iid,iid,32,8,32,2048,8,eager,current_sgl,206.94400370121002,56.32000043988228,188.75600397586823,0.0,0.0,150.62400326132774,True,8277.7601480484,0.0,12416.640222072601,0.0,15520.800277590752,0.0
h200,NVIDIA H200,T2048_L8_E32_EL32_iid,iid,32,8,32,2048,8,eager,legacy_merged,114.59200084209442,56.19199946522713,94.51600164175034,-44.626566224385655,-49.926889926196004,58.400001376867294,True,4583.680033683777,-44.626566224385655,6875.520050525665,-44.626566224385655,8594.400063157082,-44.626566224385655
h200,NVIDIA H200,T2048_L8_E32_EL32_iid,iid,32,8,32,2048,8,eager,prefill_reuse,134.39999520778656,56.223999708890915,117.3200011253357,-35.05489755487865,-37.84568508860008,78.17599549889565,True,5375.999808311462,-35.05489755487865,8063.999712467194,-35.05489755487865,10079.999640583992,-35.05489755487865
h200,NVIDIA H200,T2048_L8_E32_EL32_iid,iid,32,8,32,2048,8,eager,cross_layer_memo,133.15199315547943,55.67999929189682,52.17200145125389,-35.65796023366447,-72.36008373120471,77.47199386358261,True,2304.6719655394554,-72.15826595213906,3418.271951377392,-72.47023437708329,4253.471940755844,-72.59502174706098
h200,NVIDIA H200,T2048_L8_E32_EL32_iid,iid,32,8,32,2048,8,cuda_graph,current_sgl,31.456001102924347,11.615999974310398,29.34800088405609,0.0,0.0,19.84000112861395,True,1258.2400441169739,0.0,1887.3600661754608,0.0,2359.200082719326,0.0
h200,NVIDIA H200,T2048_L8_E32_EL32_iid,iid,32,8,32,2048,8,cuda_graph,legacy_merged,38.68800029158592,11.615999974310398,35.468000918626785,22.990840968622805,20.853209248387028,27.072000317275524,True,1547.520011663437,22.990840968622805,2321.2800174951553,22.990840968622805,2901.600021868944,22.990840968622805
h200,NVIDIA H200,T2048_L8_E32_EL32_iid,iid,32,8,32,2048,8,cuda_graph,prefill_reuse,22.08000048995018,11.487999930977821,18.75999942421913,-29.806715043961884,-36.077419724997725,10.592000558972359,True,883.2000195980072,-29.806715043961884,1324.8000293970108,-29.806715043961884,1656.0000367462635,-29.806715043961884
h200,NVIDIA H200,T2048_L8_E32_EL32_iid,iid,32,8,32,2048,8,cuda_graph,cross_layer_memo,22.016000002622604,11.680000461637974,8.431999944150448,-30.010175385656822,-71.2689120548197,10.33599954098463,True,477.5360180065036,-62.04730407053323,711.1360272392631,-62.32112568322449,886.3360341638327,-62.430654328300996
h200,NVIDIA H200,T2048_L8_E256_EL32_iid,iid,32,8,256,2048,8,eager,current_sgl,203.5519927740097,48.22399839758873,187.15600669384003,0.0,0.0,155.32799437642097,True,8142.079710960388,0.0,12213.119566440582,0.0,15266.399458050728,0.0
h200,NVIDIA H200,T2048_L8_E256_EL32_iid,iid,32,8,256,2048,8,eager,prefill_reuse,132.03200697898865,47.488000243902206,116.3799986243248,-35.135979176791935,-37.81658377937849,84.54400673508644,True,5281.280279159546,-35.135979176791935,7921.920418739319,-35.135979176791935,9902.400523424149,-35.135979176791935
h200,NVIDIA H200,T2048_L8_E256_EL32_iid,iid,32,8,256,2048,8,eager,cross_layer_memo,131.55199587345123,46.879999339580536,51.67999863624573,-35.37179662028428,-72.38667379733813,84.6719965338707,True,1959.8719701170921,-75.92909871075288,2897.471956908703,-76.27574231836373,3600.671947002411,-76.41439976140806
h200,NVIDIA H200,T2048_L8_E256_EL32_iid,iid,32,8,256,2048,8,cuda_graph,current_sgl,79.99999821186066,11.42400037497282,78.05600017309189,0.0,0.0,68.57599783688784,True,3199.9999284744263,0.0,4799.999892711639,0.0,5999.999865889549,0.0
h200,NVIDIA H200,T2048_L8_E256_EL32_iid,iid,32,8,256,2048,8,cuda_graph,prefill_reuse,39.96799886226654,10.71999967098236,37.0279997587204,-50.04000030547382,-52.56226340497909,29.24799919128418,True,1598.7199544906616,-50.04000030547382,2398.0799317359924,-50.04000030547382,2997.5999146699905,-50.04000030547382
h200,NVIDIA H200,T2048_L8_E256_EL32_iid,iid,32,8,256,2048,8,cuda_graph,cross_layer_memo,40.41599854826927,11.327999643981457,9.639999829232693,-49.480000685453426,-87.64989263111656,29.087998904287815,True,482.2079846635461,-84.93100014244578,708.7679775431752,-85.2340001378047,878.6879722028971,-85.35520013594827
h200,NVIDIA H200,T1_L1_E32_EL32_skew,skew,32,1,32,1,8,eager,current_sgl,162.1759980916977,48.00000041723251,144.82800662517548,0.0,0.0,114.17599767446518,False,6487.039923667908,0.0,9730.559885501862,0.0,12163.199856877327,0.0
h200,NVIDIA H200,T1_L1_E32_EL32_skew,skew,32,1,32,1,8,eager,legacy_merged,108.25599730014801,48.22399839758873,88.66400271654129,-33.247830397850976,-38.77979488731788,60.03199890255928,False,4330.23989200592,-33.247830397850976,6495.359838008881,-33.247830397850976,8119.199797511101,-33.247830397850976
h200,NVIDIA H200,T1_L1_E32_EL32_skew,skew,32,1,32,1,8,eager,prefill_reuse,111.58400028944016,47.55200073122978,94.64000165462494,-31.195736975610757,-34.65352188436898,64.03199955821037,False,4463.360011577606,-31.195736975610757,6695.040017366409,-31.195736975610757,8368.800021708012,-31.195736975610757
h200,NVIDIA H200,T1_L1_E32_EL32_skew,skew,32,1,32,1,8,eager,cross_layer_memo,110.23999750614166,47.55200073122978,49.60399866104126,-32.02446798335124,-65.74971939687073,62.68799677491188,False,1964.7680260241032,-69.71241045001643,2915.808040648699,-70.03452961639819,3629.0880516171455,-70.16337728295089
h200,NVIDIA H200,T1_L1_E32_EL32_skew,skew,32,1,32,1,8,cuda_graph,current_sgl,19.58400011062622,10.879999957978725,16.55600033700466,0.0,0.0,8.704000152647495,False,783.3600044250488,0.0,1175.0400066375732,0.0,1468.8000082969666,0.0
h200,NVIDIA H200,T1_L1_E32_EL32_skew,skew,32,1,32,1,8,cuda_graph,legacy_merged,15.072000212967396,10.816000401973724,11.300000362098217,-23.039215033555006,-31.74679794587011,4.255999810993671,False,602.8800085186958,-23.039215033555006,904.3200127780437,-23.039215033555006,1130.4000159725547,-23.039215033555006
h200,NVIDIA H200,T1_L1_E32_EL32_skew,skew,32,1,32,1,8,cuda_graph,prefill_reuse,14.14399966597557,10.784000158309937,10.904000140726566,-27.7777798913457,-34.13868133141549,3.359999507665634,False,565.7599866390228,-27.7777798913457,848.6399799585342,-27.7777798913457,1060.7999749481678,-27.7777798913457
h200,NVIDIA H200,T1_L1_E32_EL32_skew,skew,32,1,32,1,8,cuda_graph,cross_layer_memo,14.08000010997057,10.879999957978725,5.8559998869895935,-28.104575007989286,-64.62913887540383,3.200000151991844,False,438.39999847114086,-44.03594822371525,655.9999976307154,-44.17211380675564,819.1999970003963,-44.22658003997179
h200,NVIDIA H200,T1_L1_E256_EL32_skew,skew,32,1,256,1,8,eager,current_sgl,167.64800250530243,46.78399860858917,151.70800685882568,0.0,0.0,120.86400389671326,False,6705.920100212097,0.0,10058.880150318146,0.0,12573.600187897682,0.0
h200,NVIDIA H200,T1_L1_E256_EL32_skew,skew,32,1,256,1,8,eager,legacy_merged,108.73600095510483,47.040000557899475,89.4559994339943,-35.14029434877061,-41.0340948469259,61.69600039720535,False,4349.440038204193,-35.14029434877061,6524.16005730629,-35.14029434877061,8155.200071632862,-35.14029434877061
h200,NVIDIA H200,T1_L1_E256_EL32_skew,skew,32,1,256,1,8,eager,prefill_reuse,113.53600025177002,46.68800160288811,98.7360030412674,-32.27715299012939,-34.91707848146225,66.84799864888191,False,4541.440010070801,-32.27715299012939,6812.160015106201,-32.27715299012939,8515.200018882751,-32.27715299012939
h200,NVIDIA H200,T1_L1_E256_EL32_skew,skew,32,1,256,1,8,eager,cross_layer_memo,113.50400000810623,46.560000628232956,50.65599828958511,-32.29624074732635,-66.6095420153243,66.94399937987328,False,1929.3440245091915,-71.22924228625733,2860.5440370738506,-71.56200298317128,3558.944046497345,-71.69510726193687
h200,NVIDIA H200,T1_L1_E256_EL32_skew,skew,32,1,256,1,8,cuda_graph,current_sgl,18.49599927663803,10.688000358641148,15.584000386297703,0.0,0.0,7.807998917996883,False,739.8399710655212,0.0,1109.7599565982819,0.0,1387.1999457478523,0.0
h200,NVIDIA H200,T1_L1_E256_EL32_skew,skew,32,1,256,1,8,cuda_graph,legacy_merged,14.976000413298607,10.912000201642513,11.408000253140926,-19.03113646736282,-26.79671476926131,4.064000211656094,False,599.0400165319443,-19.03113646736282,898.5600247979164,-19.03113646736282,1123.2000309973955,-19.03113646736282
h200,NVIDIA H200,T1_L1_E256_EL32_skew,skew,32,1,256,1,8,cuda_graph,prefill_reuse,13.439999893307686,10.944000445306301,10.412000119686127,-27.335637873410214,-33.187885898405646,2.4959994480013847,False,537.5999957323074,-27.335637873410214,806.3999935984612,-27.335637873410214,1007.9999919980764,-27.335637873410214
h200,NVIDIA H200,T1_L1_E256_EL32_skew,skew,32,1,256,1,8,cuda_graph,cross_layer_memo,13.567999936640263,10.751999914646149,5.807999987155199,-26.64359608957293,-62.731007166414685,2.816000021994114,False,432.89599660784006,-41.4878874434993,647.935994900763,-41.61476172857559,809.2159936204553,-41.6655114426061
h200,NVIDIA H200,T1_L8_E32_EL32_skew,skew,32,8,32,1,8,eager,current_sgl,203.61599326133728,46.52800038456917,181.92000687122345,0.0,0.0,157.0879928767681,False,8144.639730453491,0.0,12216.959595680237,0.0,15271.199494600296,0.0
h200,NVIDIA H200,T1_L8_E32_EL32_skew,skew,32,8,32,1,8,eager,legacy_merged,108.83200168609619,46.431999653577805,88.32000195980072,-46.55036672565678,-51.45118809152189,62.40000203251839,False,4353.280067443848,-46.55036672565678,6529.9201011657715,-46.55036672565678,8162.400126457214,-46.55036672565678
h200,NVIDIA H200,T1_L8_E32_EL32_skew,skew,32,8,32,1,8,eager,prefill_reuse,132.76800513267517,46.271998435258865,113.72800171375275,-34.79490338351273,-37.484610038379174,86.4960066974163,False,5310.720205307007,-34.79490338351273,7966.08030796051,-34.79490338351273,9957.600384950638,-34.79490338351273
h200,NVIDIA H200,T1_L8_E32_EL32_skew,skew,32,8,32,1,8,eager,cross_layer_memo,131.6480040550232,46.911999583244324,52.055999636650085,-35.34495893647437,-71.3852255549335,84.73600447177887,False,1961.2159878015518,-75.92016279776746,2899.4559794664383,-76.26695941196655,3603.135973215103,-76.40567805764617
h200,NVIDIA H200,T1_L8_E32_EL32_skew,skew,32,8,32,1,8,cuda_graph,current_sgl,19.680000841617584,10.784000158309937,17.480000853538513,0.0,0.0,8.896000683307648,False,787.2000336647034,0.0,1180.800050497055,0.0,1476.0000631213188,0.0
h200,NVIDIA H200,T1_L8_E32_EL32_skew,skew,32,8,32,1,8,cuda_graph,legacy_merged,15.231999568641186,10.816000401973724,11.739999987185001,-22.60163151807466,-32.83753195693667,4.415999166667461,False,609.2799827456474,-22.60163151807466,913.9199741184711,-22.60163151807466,1142.399967648089,-22.60163151807466
h200,NVIDIA H200,T1_L8_E32_EL32_skew,skew,32,8,32,1,8,cuda_graph,prefill_reuse,14.431999996304512,10.65600011497736,11.579999700188637,-26.666669821553302,-33.752865361877404,3.7759998813271523,False,577.2799998521805,-26.666669821553302,865.9199997782707,-26.666669821553302,1082.3999997228384,-26.666669821553302
h200,NVIDIA H200,T1_L8_E32_EL32_skew,skew,32,8,32,1,8,cuda_graph,cross_layer_memo,14.336000196635723,10.65600011497736,5.991999991238117,-27.15447366079795,-65.72082552258489,3.6800000816583633,False,429.92000468075275,-45.38618060274741,643.0400069803,-45.54200715780679,802.8800087049603,-45.60433777983056
h200,NVIDIA H200,T1_L8_E256_EL32_skew,skew,32,8,256,1,8,eager,current_sgl,198.04799556732178,45.823998749256134,179.5240044593811,0.0,0.0,152.22399681806564,False,7921.919822692871,0.0,11882.879734039307,0.0,14853.599667549133,0.0
h200,NVIDIA H200,T1_L8_E256_EL32_skew,skew,32,8,256,1,8,eager,prefill_reuse,130.0799995660782,45.98399996757507,112.19999939203262,-34.31895173013224,-37.501394462589055,84.09599959850311,False,5203.199982643127,-34.31895173013224,7804.799973964691,-34.31895173013224,9755.999967455864,-34.31895173013224
h200,NVIDIA H200,T1_L8_E256_EL32_skew,skew,32,8,256,1,8,eager,cross_layer_memo,128.7039965391159,45.53600028157234,50.859998911619186,-35.01373433725766,-71.66952739006737,83.16799625754356,False,1904.6080075204372,-75.95774698369758,2815.328013151884,-76.3076958097355,3498.368017375469,-76.4476753401507
h200,NVIDIA H200,T1_L8_E256_EL32_skew,skew,32,8,256,1,8,cuda_graph,current_sgl,21.344000473618507,10.591999627649784,18.936000764369965,0.0,0.0,10.752000845968723,False,853.7600189447403,0.0,1280.6400284171104,0.0,1600.800035521388,0.0
h200,NVIDIA H200,T1_L8_E256_EL32_skew,skew,32,8,256,1,8,cuda_graph,prefill_reuse,15.584000386297703,10.623999871313572,12.347999960184097,-26.98650655691396,-34.790877367209816,4.960000514984131,False,623.3600154519081,-26.98650655691396,935.0400231778622,-26.98650655691396,1168.8000289723277,-26.98650655691396
h200,NVIDIA H200,T1_L8_E256_EL32_skew,skew,32,8,256,1,8,cuda_graph,cross_layer_memo,15.072000212967396,10.71999967098236,5.919999908655882,-29.38530791546502,-68.73679937848878,4.352000541985035,False,433.15198738127947,-49.26536992014904,647.5519808009267,-49.43528498001813,808.3519758656621,-49.50325100396577
h200,NVIDIA H200,T32_L1_E32_EL32_skew,skew,32,1,32,32,8,eager,current_sgl,162.81600296497345,45.66400125622749,142.5119936466217,0.0,0.0,117.15200170874596,False,6512.640118598938,0.0,9768.960177898407,0.0,12211.200222373009,0.0
h200,NVIDIA H200,T32_L1_E32_EL32_skew,skew,32,1,32,32,8,eager,legacy_merged,107.45599865913391,46.08000069856644,86.61200106143951,-34.00157435246037,-39.22476358291218,61.375997960567474,False,4298.239946365356,-34.00157435246037,6447.359919548035,-34.00157435246037,8059.199899435043,-34.00157435246037
h200,NVIDIA H200,T32_L1_E32_EL32_skew,skew,32,1,32,32,8,eager,prefill_reuse,111.48799955844879,45.66400125622749,93.5320034623146,-31.525158750867277,-34.36903023457787,65.8239983022213,False,4459.519982337952,-31.525158750867277,6689.2799735069275,-31.525158750867277,8361.59996688366,-31.525158750867277
h200,NVIDIA H200,T32_L1_E32_EL32_skew,skew,32,1,32,32,8,eager,cross_layer_memo,112.09599673748016,46.1760014295578,48.79999905824661,-31.15173281732304,-65.75726869750136,65.91999530792236,False,1912.9600524902344,-70.62696513773021,2836.4800810813904,-70.96436028576788,3529.1201025247574,-71.09931834498295
h200,NVIDIA H200,T32_L1_E32_EL32_skew,skew,32,1,32,32,8,cuda_graph,current_sgl,23.711999878287315,10.847999714314938,20.872000604867935,0.0,0.0,12.864000163972378,False,948.4799951314926,0.0,1422.719992697239,0.0,1778.3999908715487,0.0
h200,NVIDIA H200,T32_L1_E32_EL32_skew,skew,32,1,32,32,8,cuda_graph,legacy_merged,15.584000386297703,10.784000158309937,12.095999903976917,-34.27800073258387,-42.046763350726465,4.800000227987766,False,623.3600154519081,-34.27800073258387,935.0400231778622,-34.27800073258387,1168.8000289723277,-34.27800073258387
h200,NVIDIA H200,T32_L1_E32_EL32_skew,skew,32,1,32,32,8,cuda_graph,prefill_reuse,15.904000028967857,10.71999967098236,12.943999841809273,-32.92847456729751,-37.983904433241676,5.1840003579854965,False,636.1600011587143,-32.92847456729751,954.2400017380714,-32.92847456729751,1192.8000021725893,-32.92847456729751
h200,NVIDIA H200,T32_L1_E32_EL32_skew,skew,32,1,32,32,8,cuda_graph,cross_layer_memo,16.224000602960587,10.688000358641148,6.3599999994039536,-31.57894447436872,-69.52855588783078,5.536000244319439,False,433.05601458996534,-54.34210349055084,646.8160217627883,-54.53666040521906,807.1360271424055,-54.61448317108635
h200,NVIDIA H200,T32_L1_E256_EL32_skew,skew,32,1,256,32,8,eager,current_sgl,166.33599996566772,46.52800038456917,149.24000203609467,0.0,0.0,119.80799958109856,False,6653.439998626709,0.0,9980.159997940063,0.0,12475.19999742508,0.0
h200,NVIDIA H200,T32_L1_E256_EL32_skew,skew,32,1,256,32,8,eager,legacy_merged,107.2319969534874,45.72800174355507,88.34800124168396,-35.53289908641519,-40.80139370387008,61.50399520993233,False,4289.279878139496,-35.53289908641519,6433.919817209244,-35.53289908641519,8042.399771511555,-35.53289908641519
h200,NVIDIA H200,T32_L1_E256_EL32_skew,skew,32,1,256,32,8,eager,prefill_reuse,113.47199976444244,45.3759990632534,96.90400213003159,-31.78145453307557,-35.068345746474385,68.09600070118904,False,4538.879990577698,-31.78145453307557,6808.319985866547,-31.78145453307557,8510.399982333183,-31.78145453307557
h200,NVIDIA H200,T32_L1_E256_EL32_skew,skew,32,1,256,32,8,eager,cross_layer_memo,112.67200112342834,45.791998505592346,49.240000545978546,-32.262407929321256,-67.00616465143874,66.880002617836,False,1898.5599428415298,-71.46498738647378,2814.3999129533768,-71.80005216815886,3501.279890537262,-71.93407808083288
h200,NVIDIA H200,T32_L1_E256_EL32_skew,skew,32,1,256,32,8,cuda_graph,current_sgl,18.97599920630455,10.816000401973724,16.43200032413006,0.0,0.0,8.159998804330826,False,759.039968252182,0.0,1138.559952378273,0.0,1423.1999404728413,0.0
h200,NVIDIA H200,T32_L1_E256_EL32_skew,skew,32,1,256,32,8,cuda_graph,legacy_merged,15.39199985563755,10.65600011497736,11.9439996778965,-18.88701254517474,-27.31256425088442,4.735999740660191,False,615.679994225502,-18.88701254517474,923.519991338253,-18.88701254517474,1154.3999891728163,-18.88701254517474
h200,NVIDIA H200,T32_L1_E256_EL32_skew,skew,32,1,256,32,8,cuda_graph,prefill_reuse,13.728000223636627,10.623999871313572,10.739999823272228,-27.655982304870342,-34.63972972602273,3.1040003523230553,False,549.1200089454651,-27.655982304870342,823.6800134181976,-27.655982304870342,1029.600016772747,-27.655982304870342
h200,NVIDIA H200,T32_L1_E256_EL32_skew,skew,32,1,256,32,8,cuda_graph,cross_layer_memo,13.728000223636627,10.688000358641148,6.051999982446432,-27.655982304870342,-63.169426344526094,3.0399998649954796,False,430.5600142106414,-43.27571245002043,644.3200213834643,-43.409214417072995,804.6400267630816,-43.46261520389402
h200,NVIDIA H200,T32_L8_E32_EL32_skew,skew,32,8,32,32,8,eager,current_sgl,201.60000026226044,47.040000557899475,183.55999886989594,0.0,0.0,154.55999970436096,False,8064.0000104904175,0.0,12096.000015735626,0.0,15120.000019669533,0.0
h200,NVIDIA H200,T32_L8_E32_EL32_skew,skew,32,8,32,32,8,eager,legacy_merged,108.22399705648422,46.30399867892265,89.65999633073807,-46.31746184737293,-51.15493741406727,61.91999837756157,False,4328.959882259369,-46.31746184737293,6493.439823389053,-46.31746184737293,8116.799779236317,-46.31746184737293
h200,NVIDIA H200,T32_L8_E32_EL32_skew,skew,32,8,32,32,8,eager,prefill_reuse,130.78400492668152,46.1760014295578,114.12400007247925,-35.12698176758667,-37.82741295756473,84.60800349712372,False,5231.360197067261,-35.12698176758667,7847.040295600891,-35.12698176758667,9808.800369501114,-35.12698176758667
h200,NVIDIA H200,T32_L8_E32_EL32_skew,skew,32,8,32,32,8,eager,cross_layer_memo,129.88799810409546,46.04800045490265,52.191998809576035,-35.57142959567222,-71.56679062382824,83.83999764919281,False,1925.7600158452988,-76.11904745361994,2846.7200249433517,-76.46560829001267,3537.4400317668915,-76.60423262456976
h200,NVIDIA H200,T32_L8_E32_EL32_skew,skew,32,8,32,32,8,cuda_graph,current_sgl,20.767999812960625,11.487999930977821,18.564000725746155,0.0,0.0,9.279999881982803,False,830.719992518425,0.0,1246.0799887776375,0.0,1557.5999859720469,0.0
h200,NVIDIA H200,T32_L8_E32_EL32_skew,skew,32,8,32,32,8,cuda_graph,legacy_merged,17.40800030529499,11.42400037497282,13.704000040888786,-16.17873429278812,-26.179705315983426,5.98399993032217,False,696.3200122117996,-16.17873429278812,1044.4800183176994,-16.17873429278812,1305.6000228971243,-16.17873429278812
h200,NVIDIA H200,T32_L8_E32_EL32_skew,skew,32,8,32,32,8,cuda_graph,prefill_reuse,15.200000256299973,10.688000358641148,12.252000160515308,-26.810475764670638,-34.00129454033484,4.511999897658825,False,608.0000102519989,-26.810475764670638,912.0000153779984,-26.810475764670638,1140.000019222498,-26.810475764670638
h200,NVIDIA H200,T32_L8_E32_EL32_skew,skew,32,8,32,32,8,cuda_graph,cross_layer_memo,15.231999568641186,10.623999871313572,6.591999903321266,-26.65639586949824,-64.4904134582428,4.607999697327614,False,429.5679945498705,-48.28967661563257,642.0479919761419,-48.474576451069616,801.4079900458455,-48.54853638524443
h200,NVIDIA H200,T32_L8_E256_EL32_skew,skew,32,8,256,32,8,eager,current_sgl,197.56799936294556,46.720001846551895,180.62399327754974,0.0,0.0,150.84799751639366,False,7902.719974517822,0.0,11854.079961776733,0.0,14817.599952220917,0.0
h200,NVIDIA H200,T32_L8_E256_EL32_skew,skew,32,8,256,32,8,eager,prefill_reuse,128.51199507713318,46.39999940991402,111.39199882745743,-34.95303111256995,-38.32934550600336,82.11199566721916,False,5140.479803085327,-34.95303111256995,7710.719704627991,-34.95303111256995,9638.399630784988,-34.95303111256995
h200,NVIDIA H200,T32_L8_E256_EL32_skew,skew,32,8,256,32,8,eager,cross_layer_memo,127.42400169372559,46.271998435258865,50.98000168800354,-35.50372423438919,-71.7756203021894,81.15200325846672,False,1932.0319406688213,-75.55231683649903,2857.4719093739986,-75.89461249976493,3551.5518859028816,-76.03153076507128
h200,NVIDIA H200,T32_L8_E256_EL32_skew,skew,32,8,256,32,8,cuda_graph,current_sgl,22.624000906944275,10.71999967098236,20.212000235915184,0.0,0.0,11.904001235961914,False,904.960036277771,0.0,1357.4400544166565,0.0,1696.8000680208206,0.0
h200,NVIDIA H200,T32_L8_E256_EL32_skew,skew,32,8,256,32,8,cuda_graph,prefill_reuse,16.16000011563301,10.847999714314938,13.07199988514185,-28.571430923728368,-35.32555050185532,5.312000401318073,False,646.4000046253204,-28.571430923728368,969.6000069379807,-28.571430923728368,1212.0000086724758,-28.571430923728368
h200,NVIDIA H200,T32_L8_E256_EL32_skew,skew,32,8,256,32,8,cuda_graph,cross_layer_memo,16.063999384641647,10.623999871313572,6.448000203818083,-28.99576228486219,-68.09815887316051,5.439999513328075,False,430.39999436587095,-52.439889374986414,642.8799917921424,-52.64026652960286,802.239989861846,-52.72041739144944
h200,NVIDIA H200,T256_L1_E32_EL32_skew,skew,32,1,32,256,8,eager,current_sgl,168.2240068912506,46.62400111556053,148.1039971113205,0.0,0.0,121.60000577569008,False,6728.960275650024,0.0,10093.440413475037,0.0,12616.800516843796,0.0
h200,NVIDIA H200,T256_L1_E32_EL32_skew,skew,32,1,32,256,8,eager,legacy_merged,107.10400342941284,46.49600014090538,87.09999918937683,-36.33250960509409,-41.18997401271404,60.60800328850746,False,4284.160137176514,-36.33250960509409,6426.2402057647705,-36.33250960509409,8032.800257205963,-36.33250960509409
h200,NVIDIA H200,T256_L1_E32_EL32_skew,skew,32,1,32,256,8,eager,prefill_reuse,114.75200206041336,45.791998505592346,95.8079993724823,-31.786191411672014,-35.31032163806529,68.96000355482101,False,4590.080082416534,-31.786191411672014,6885.120123624802,-31.786191411672014,8606.400154531002,-31.786191411672014
h200,NVIDIA H200,T256_L1_E32_EL32_skew,skew,32,1,32,256,8,eager,cross_layer_memo,112.67200112342834,46.94399982690811,49.247998744249344,-33.02263856057963,-66.74769101118,65.72800129652023,False,1943.4879943728447,-71.11755880911184,2882.367990911007,-71.44315641807364,3586.5279883146286,-71.57339546165838
h200,NVIDIA H200,T256_L1_E32_EL32_skew,skew,32,1,32,256,8,cuda_graph,current_sgl,20.416000857949257,11.071999557316303,17.852000892162323,0.0,0.0,9.344001300632954,False,816.6400343179703,0.0,1224.9600514769554,0.0,1531.2000643461943,0.0
h200,NVIDIA H200,T256_L1_E32_EL32_skew,skew,32,1,32,256,8,cuda_graph,legacy_merged,18.592000007629395,11.008000001311302,15.13999979943037,-8.934173068520723,-15.191580535505233,7.584000006318092,False,743.6800003051758,-8.934173068520723,1115.5200004577637,-8.934173068520723,1394.4000005722046,-8.934173068520723
h200,NVIDIA H200,T256_L1_E32_EL32_skew,skew,32,1,32,256,8,cuda_graph,prefill_reuse,14.84800036996603,10.816000401973724,11.55999954789877,-27.27272851683511,-35.2453564296312,4.031999967992306,False,593.9200147986412,-27.27272851683511,890.8800221979618,-27.27272851683511,1113.6000277474523,-27.27272851683511
h200,NVIDIA H200,T256_L1_E32_EL32_skew,skew,32,1,32,256,8,cuda_graph,cross_layer_memo,14.879999682307243,10.71999967098236,6.471999920904636,-27.11599207974412,-63.746361206232734,4.1600000113248825,False,432.9599868506193,-46.98276245883382,647.3599802702665,-47.15256391506536,808.159975335002,-47.22048449755797
h200,NVIDIA H200,T256_L1_E256_EL32_skew,skew,32,1,256,256,8,eager,current_sgl,290.2719974517822,46.14400118589401,281.9199860095978,0.0,0.0,244.1279962658882,False,11610.879898071289,0.0,17416.319847106934,0.0,21770.399808883667,0.0
h200,NVIDIA H200,T256_L1_E256_EL32_skew,skew,32,1,256,256,8,eager,legacy_merged,187.58399784564972,47.10400104522705,169.44000124931335,-35.37647465398045,-39.89783993407801,140.47999680042267,False,7503.359913825989,-35.37647465398045,11255.039870738983,-35.37647465398045,14068.799838423729,-35.37647465398045
h200,NVIDIA H200,T256_L1_E256_EL32_skew,skew,32,1,256,256,8,eager,prefill_reuse,180.16000092029572,47.231998294591904,184.2159926891327,-37.9340747637145,-34.65663953216102,132.9280026257038,False,7206.400036811829,-37.9340747637145,10809.600055217743,-37.9340747637145,13512.000069022179,-37.9340747637145
h200,NVIDIA H200,T256_L1_E256_EL32_skew,skew,32,1,256,256,8,eager,cross_layer_memo,195.13599574565887,47.13600128889084,92.2200009226799,-32.77477763659466,-67.28859055791088,147.99999445676804,False,2033.4400460124016,-82.48677047852178,2976.1600717902184,-82.91165930623056,3683.200091123581,-83.08161483731406
h200,NVIDIA H200,T256_L1_E256_EL32_skew,skew,32,1,256,256,8,cuda_graph,current_sgl,23.16799946129322,10.879999957978725,18.567999824881554,0.0,0.0,12.287999503314495,False,926.7199784517288,0.0,1390.0799676775932,0.0,1737.5999595969915,0.0
h200,NVIDIA H200,T256_L1_E256_EL32_skew,skew,32,1,256,256,8,cuda_graph,legacy_merged,19.90400068461895,10.751999914646149,14.312000013887882,-14.088392837402441,-22.92115387296876,9.152000769972801,False,796.160027384758,-14.088392837402441,1194.240041077137,-14.088392837402441,1492.8000513464212,-14.088392837402441
h200,NVIDIA H200,T256_L1_E256_EL32_skew,skew,32,1,256,256,8,cuda_graph,prefill_reuse,18.33599992096424,10.816000401973724,12.07599975168705,-20.856352092038854,-34.963378578316615,7.519999518990517,False,733.4399968385696,-20.856352092038854,1100.1599952578545,-20.856352092038854,1375.199994072318,-20.856352092038854
h200,NVIDIA H200,T256_L1_E256_EL32_skew,skew,32,1,256,256,8,cuda_graph,cross_layer_memo,17.952000722289085,11.04000024497509,6.428000051528215,-22.51380723535713,-65.3813005592851,6.912000477313995,False,448.5120102763176,-51.60220771050532,669.3120151758194,-51.85082651798522,834.9120188504457,-51.95027404097717
h200,NVIDIA H200,T256_L8_E32_EL32_skew,skew,32,8,32,256,8,eager,current_sgl,202.01599597930908,46.04800045490265,184.4239979982376,0.0,0.0,155.96799552440643,False,8080.639839172363,0.0,12120.959758758545,0.0,15151.199698448181,0.0
h200,NVIDIA H200,T256_L8_E32_EL32_skew,skew,32,8,32,256,8,eager,legacy_merged,108.47999900579453,45.471999794244766,88.68800103664398,-46.30128249007307,-51.910813126667236,63.00799921154976,False,4339.199960231781,-46.30128249007307,6508.7999403476715,-46.30128249007307,8135.999925434589,-46.30128249007307
h200,NVIDIA H200,T256_L8_E32_EL32_skew,skew,32,8,32,256,8,eager,prefill_reuse,131.32800161838531,45.88799923658371,115.11600017547607,-34.991285723811586,-37.580791315143195,85.4400023818016,False,5253.120064735413,-34.991285723811586,7879.680097103119,-34.991285723811586,9849.600121378899,-34.991285723811586
h200,NVIDIA H200,T256_L8_E32_EL32_skew,skew,32,8,32,256,8,eager,cross_layer_memo,130.78400492668152,45.40799930691719,52.028000354766846,-35.26056969267092,-71.78892068305338,85.37600561976433,False,1901.695977896452,-76.4660222984121,2809.8559640347958,-76.81820565401674,3490.9759536385536,-76.95907899625858
h200,NVIDIA H200,T256_L8_E32_EL32_skew,skew,32,8,32,256,8,cuda_graph,current_sgl,21.727999672293663,11.19999960064888,19.500000402331352,0.0,0.0,10.528000071644783,False,869.1199868917465,0.0,1303.6799803376198,0.0,1629.5999754220247,0.0
h200,NVIDIA H200,T256_L8_E32_EL32_skew,skew,32,8,32,256,8,cuda_graph,legacy_merged,22.463999688625336,11.58399973064661,18.7120009213686,3.387334441422052,-4.041022895920266,10.879999957978725,False,898.5599875450134,3.387334441422052,1347.8399813175201,3.387334441422052,1684.7999766469002,3.387334441422052
h200,NVIDIA H200,T256_L8_E32_EL32_skew,skew,32,8,32,256,8,cuda_graph,prefill_reuse,16.224000602960587,11.487999930977821,12.892000377178192,-25.331365760058755,-33.887178916996994,4.736000671982765,False,648.9600241184235,-25.331365760058755,973.4400361776352,-25.331365760058755,1216.800045222044,-25.331365760058755
h200,NVIDIA H200,T256_L8_E32_EL32_skew,skew,32,8,32,256,8,cuda_graph,cross_layer_memo,15.968000516295433,11.392000131309032,6.756000220775604,-26.50956941675151,-65.35384573649608,4.576000384986401,False,460.2560056373477,-47.04344479714801,688.0960082635283,-47.21894800552747,858.9760102331638,-47.28914928887925
h200,NVIDIA H200,T256_L8_E256_EL32_skew,skew,32,8,256,256,8,eager,current_sgl,203.96800339221954,49.12000149488449,183.74399840831757,0.0,0.0,154.84800189733505,False,8158.720135688782,0.0,12238.080203533173,0.0,15297.600254416466,0.0
h200,NVIDIA H200,T256_L8_E256_EL32_skew,skew,32,8,256,256,8,eager,prefill_reuse,133.44000279903412,48.54400083422661,113.76799643039703,-34.577972731126785,-38.083421817358754,84.89600196480751,False,5337.600111961365,-34.577972731126785,8006.400167942047,-34.577972731126785,10008.000209927559,-34.577972731126785
h200,NVIDIA H200,T256_L8_E256_EL32_skew,skew,32,8,256,256,8,eager,cross_layer_memo,132.83200562000275,49.375999718904495,51.7439991235733,-34.87605731739506,-71.83908069280864,83.45600590109825,False,2058.495994657278,-74.76937607342633,3046.015989035368,-75.11034460980267,3786.6559848189354,-75.2467320243532
h200,NVIDIA H200,T256_L8_E256_EL32_skew,skew,32,8,256,256,8,cuda_graph,current_sgl,32.416000962257385,12.160000391304493,30.23199923336506,0.0,0.0,20.256000570952892,False,1296.6400384902954,0.0,1944.9600577354431,0.0,2431.200072169304,0.0
h200,NVIDIA H200,T256_L8_E256_EL32_skew,skew,32,8,256,256,8,cuda_graph,prefill_reuse,22.5600004196167,12.160000391304493,19.58400011062622,-30.40473917222618,-35.22095591676037,10.400000028312206,False,902.400016784668,-30.40473917222618,1353.600025177002,-30.40473917222618,1692.0000314712524,-30.40473917222618
h200,NVIDIA H200,T256_L8_E256_EL32_skew,skew,32,8,256,256,8,cuda_graph,cross_layer_memo,22.592000663280487,12.095999903976917,7.395999971777201,-30.30602174035959,-75.53585551955584,10.49600075930357,False,494.33599691838026,-61.87561834864008,736.2559949979186,-62.14544396067667,917.6959935575724,-62.253374205491305
h200,NVIDIA H200,T2048_L1_E32_EL32_skew,skew,32,1,32,2048,8,eager,current_sgl,168.5120016336441,47.32799902558327,148.42399954795837,0.0,0.0,121.18400260806084,True,6740.480065345764,0.0,10110.720098018646,0.0,12638.400122523308,0.0
h200,NVIDIA H200,T2048_L1_E32_EL32_skew,skew,32,1,32,2048,8,eager,legacy_merged,111.13599687814713,47.42399975657463,91.60000085830688,-34.04861624054297,-38.284912724839124,63.711997121572495,True,4445.439875125885,-34.04861624054297,6668.1598126888275,-34.04861624054297,8335.199765861034,-34.04861624054297
h200,NVIDIA H200,T2048_L1_E32_EL32_skew,skew,32,1,32,2048,8,eager,prefill_reuse,113.79200220108032,47.39199951291084,96.731998026371,-32.47246421743216,-34.827252788646746,66.40000268816948,True,4551.680088043213,-32.47246421743216,6827.520132064819,-32.47246421743216,8534.400165081024,-32.47246421743216
h200,NVIDIA H200,T2048_L1_E32_EL32_skew,skew,32,1,32,2048,8,eager,cross_layer_memo,114.3999993801117,47.55200073122978,49.70800131559372,-32.11166072976533,-66.50945839824765,66.84799864888191,True,1968.9280278980732,-70.78949854001128,2919.968042522669,-71.12007835035526,3633.2480534911156,-71.25231027449286
h200,NVIDIA H200,T2048_L1_E32_EL32_skew,skew,32,1,32,2048,8,cuda_graph,current_sgl,32.416000962257385,11.807999573647976,29.575999826192856,0.0,0.0,20.60800138860941,True,1296.6400384902954,0.0,1944.9600577354431,0.0,2431.200072169304,0.0
h200,NVIDIA H200,T2048_L1_E32_EL32_skew,skew,32,1,32,2048,8,cuda_graph,legacy_merged,40.063999593257904,11.807999573647976,36.83999925851822,23.593282341968226,24.560452647461407,28.256000019609928,True,1602.5599837303162,23.593282341968226,2403.8399755954742,23.593282341968226,3004.799969494343,23.593282341968226
h200,NVIDIA H200,T2048_L1_E32_EL32_skew,skew,32,1,32,2048,8,cuda_graph,prefill_reuse,21.43999934196472,11.744000017642975,17.91599951684475,-33.85982630328846,-39.42385845912087,9.695999324321747,True,857.5999736785889,-33.85982630328846,1286.3999605178833,-33.85982630328846,1607.9999506473541,-33.85982630328846
h200,NVIDIA H200,T2048_L1_E32_EL32_skew,skew,32,1,32,2048,8,cuda_graph,cross_layer_memo,21.695999428629875,11.615999974310398,8.271999657154083,-33.07009259442282,-72.03137778683546,10.079999454319477,True,474.7199984267354,-63.38845135620973,707.0399979129434,-63.647582627678,881.2799975275993,-63.75123513626531
h200,NVIDIA H200,T2048_L1_E256_EL32_skew,skew,32,1,256,2048,8,eager,current_sgl,168.19199919700623,45.951999723911285,152.3360013961792,0.0,0.0,122.23999947309494,True,6727.679967880249,0.0,10091.519951820374,0.0,12614.399939775467,0.0
h200,NVIDIA H200,T2048_L1_E256_EL32_skew,skew,32,1,256,2048,8,eager,legacy_merged,112.31999844312668,45.951999723911285,93.76399964094162,-33.219178689014626,-38.44921831899064,66.3679987192154,True,4492.799937725067,-33.219178689014626,6739.199906587601,-33.219178689014626,8423.9998832345,-33.219178689014626
h200,NVIDIA H200,T2048_L1_E256_EL32_skew,skew,32,1,256,2048,8,eager,prefill_reuse,114.656001329422,46.1760014295578,98.88000041246414,-31.8302880774231,-35.090852125422664,68.4799998998642,True,4586.24005317688,-31.8302880774231,6879.36007976532,-31.8302880774231,8599.20009970665,-31.8302880774231
h200,NVIDIA H200,T2048_L1_E256_EL32_skew,skew,32,1,256,2048,8,eager,cross_layer_memo,114.30399864912033,46.20800167322159,49.988001585006714,-32.03957429911154,-67.18569404023987,68.09599697589874,True,1916.4160639047623,-71.51445857926882,2840.576097369194,-71.8518507526035,3533.696122467518,-71.98680762193736
h200,NVIDIA H200,T2048_L1_E256_EL32_skew,skew,32,1,256,2048,8,cuda_graph,current_sgl,36.959998309612274,11.231999844312668,34.32000055909157,0.0,0.0,25.727998465299606,True,1478.399932384491,0.0,2217.5998985767365,0.0,2771.9998732209206,0.0
h200,NVIDIA H200,T2048_L1_E256_EL32_skew,skew,32,1,256,2048,8,cuda_graph,legacy_merged,37.151999771595,11.455999687314034,33.80800038576126,0.5194844988204217,-1.4918419725802545,25.696000084280968,True,1486.0799908638,0.5194844988204217,2229.1199862957,0.5194844988204217,2786.399982869625,0.5194844988204217
h200,NVIDIA H200,T2048_L1_E256_EL32_skew,skew,32,1,256,2048,8,cuda_graph,prefill_reuse,23.296000435948372,11.42400037497282,19.92800086736679,-36.969692907454146,-41.934730353354425,11.872000060975552,True,931.8400174379349,-36.969692907454146,1397.7600261569023,-36.969692907454146,1747.200032696128,-36.969692907454146
h200,NVIDIA H200,T2048_L1_E256_EL32_skew,skew,32,1,256,2048,8,cuda_graph,cross_layer_memo,23.360000923275948,11.392000131309032,7.720000110566616,-36.79653140784735,-77.50582755010608,11.968000791966915,True,467.6480060443282,-68.3679635124127,695.4880086705089,-68.63780481245172,866.3680106401443,-68.74574133246732
h200,NVIDIA H200,T2048_L8_E32_EL32_skew,skew,32,8,32,2048,8,eager,current_sgl,202.91200280189514,46.112000942230225,185.1319968700409,0.0,0.0,156.80000185966492,True,8116.480112075806,0.0,12174.720168113708,0.0,15218.400210142136,0.0
h200,NVIDIA H200,T2048_L8_E32_EL32_skew,skew,32,8,32,2048,8,eager,legacy_merged,112.31999844312668,45.72800174355507,93.48399937152863,-44.64595642832143,-49.5041370740723,66.59199669957161,True,4492.799937725067,-44.64595642832143,6739.199906587601,-44.64595642832143,8423.9998832345,-44.64595642832143
h200,NVIDIA H200,T2048_L8_E32_EL32_skew,skew,32,8,32,2048,8,eager,prefill_reuse,131.55199587345123,46.33599892258644,115.63599854707718,-35.167957510188955,-37.53862082076961,85.21599695086479,True,5262.079834938049,-35.167957510188955,7893.119752407074,-35.167957510188955,9866.399690508842,-35.167957510188955
h200,NVIDIA H200,T2048_L8_E32_EL32_skew,skew,32,8,32,2048,8,eager,cross_layer_memo,131.99999928474426,46.1760014295578,52.37999930977821,-34.94717046698461,-71.70667405129976,85.82399785518646,True,1932.8640550374985,-76.18593246890659,2856.3840836286545,-76.53840052020506,3549.0241050720215,-76.67938774072447
h200,NVIDIA H200,T2048_L8_E32_EL32_skew,skew,32,8,32,2048,8,cuda_graph,current_sgl,31.007999554276466,11.839999817311764,29.079999774694443,0.0,0.0,19.167999736964703,True,1240.3199821710587,0.0,1860.479973256588,0.0,2325.599966570735,0.0
h200,NVIDIA H200,T2048_L8_E32_EL32_skew,skew,32,8,32,2048,8,cuda_graph,legacy_merged,38.336001336574554,11.711999773979187,35.151999443769455,23.632617026684155,20.880329147591304,26.624001562595367,True,1533.4400534629822,23.632617026684155,2300.1600801944733,23.632617026684155,2875.2001002430916,23.632617026684155
h200,NVIDIA H200,T2048_L8_E32_EL32_skew,skew,32,8,32,2048,8,cuda_graph,prefill_reuse,21.663999184966087,11.680000461637974,18.535999581217766,-30.134160550907584,-36.25859792011455,9.983998723328114,True,866.5599673986435,-30.134160550907584,1299.8399510979652,-30.134160550907584,1624.7999388724566,-30.134160550907584
h200,NVIDIA H200,T2048_L8_E32_EL32_skew,skew,32,8,32,2048,8,cuda_graph,cross_layer_memo,21.663999184966087,11.776000261306763,8.332000114023685,-30.134160550907584,-71.34800488797035,9.887998923659325,True,480.92800937592983,-61.225488882787126,716.4480146020651,-61.49122673177756,893.0880185216665,-61.59752187137373
h200,NVIDIA H200,T2048_L8_E256_EL32_skew,skew,32,8,256,2048,8,eager,current_sgl,199.74400103092194,47.200001776218414,183.20000171661377,0.0,0.0,152.54399925470352,True,7989.760041236877,0.0,11984.640061855316,0.0,14980.800077319145,0.0
h200,NVIDIA H200,T2048_L8_E256_EL32_skew,skew,32,8,256,2048,8,eager,prefill_reuse,128.51199507713318,46.39999940991402,114.1199991106987,-35.6616497046945,-37.707424649904056,82.11199566721916,True,5140.479803085327,-35.6616497046945,7710.719704627991,-35.6616497046945,9638.399630784988,-35.6616497046945
h200,NVIDIA H200,T2048_L8_E256_EL32_skew,skew,32,8,256,2048,8,eager,cross_layer_memo,128.86400520801544,47.00800031423569,52.1400012075901,-35.48541906494289,-71.53930091756013,81.85600489377975,True,1962.1760174632072,-75.4413648553149,2902.336023747921,-75.782868665489,3607.4560284614563,-75.91947018955865
h200,NVIDIA H200,T2048_L8_E256_EL32_skew,skew,32,8,256,2048,8,cuda_graph,current_sgl,57.760000228881836,11.58399973064661,55.57600036263466,0.0,0.0,46.176000498235226,True,2310.4000091552734,0.0,3465.60001373291,0.0,4332.000017166138,0.0
h200,NVIDIA H200,T2048_L8_E256_EL32_skew,skew,32,8,256,2048,8,cuda_graph,prefill_reuse,31.039999797940254,11.487999930977821,28.07999961078167,-46.26038837441128,-49.474594379662015,19.551999866962433,True,1241.5999919176102,-46.26038837441128,1862.3999878764153,-46.26038837441128,2327.999984845519,-46.26038837441128
h200,NVIDIA H200,T2048_L8_E256_EL32_skew,skew,32,8,256,2048,8,cuda_graph,cross_layer_memo,31.55200183391571,11.615999974310398,9.015999734401703,-45.37395826023784,-83.77717058519487,19.936001859605312,True,484.57600083202124,-79.02631583657276,716.8960003182292,-79.31394282440468,891.1359999328852,-79.42899361953745
h200,NVIDIA H200,T1_L1_E32_EL32_base_rows,base_rows,32,1,32,1,8,eager,current_sgl,175.26400089263916,50.71999877691269,153.33999693393707,0.0,0.0,124.54400211572647,False,7010.560035705566,0.0,10515.84005355835,0.0,13144.800066947937,0.0
h200,NVIDIA H200,T1_L1_E32_EL32_base_rows,base_rows,32,1,32,1,8,eager,legacy_merged,116.31999909877777,50.144001841545105,93.53599697351456,-33.63155097090845,-39.00091375780297,66.17599725723267,False,4652.799963951111,-33.63155097090845,6979.199945926666,-33.63155097090845,8723.999932408333,-33.63155097090845
h200,NVIDIA H200,T1_L1_E32_EL32_base_rows,base_rows,32,1,32,1,8,eager,prefill_reuse,118.9119964838028,50.04800111055374,99.73199665546417,-32.15264065742497,-34.960220001549004,68.86399537324905,False,4756.479859352112,-32.15264065742497,7134.719789028168,-32.15264065742497,8918.39973628521,-32.15264065742497
h200,NVIDIA H200,T1_L1_E32_EL32_base_rows,base_rows,32,1,32,1,8,eager,cross_layer_memo,118.59200149774551,50.783999264240265,51.38799920678139,-32.33521950101379,-66.48754386703118,67.80800223350525,False,2099.167972803116,-70.05705732335478,3114.847958087921,-70.3794661936312,3876.607947051525,-70.50842974174178
h200,NVIDIA H200,T1_L1_E32_EL32_base_rows,base_rows,32,1,32,1,8,cuda_graph,current_sgl,19.13600042462349,11.231999844312668,16.208000481128693,0.0,0.0,7.9040005803108215,False,765.4400169849396,0.0,1148.1600254774094,0.0,1435.2000318467617,0.0
h200,NVIDIA H200,T1_L1_E32_EL32_base_rows,base_rows,32,1,32,1,8,cuda_graph,legacy_merged,14.08000010997057,11.008000001311302,10.324000380933285,-26.42140574028755,-36.30305975771824,3.0720001086592674,False,563.2000043988228,-26.42140574028755,844.8000065982342,-26.42140574028755,1056.0000082477927,-26.42140574028755
h200,NVIDIA H200,T1_L1_E32_EL32_base_rows,base_rows,32,1,32,1,8,cuda_graph,prefill_reuse,13.919999822974205,11.136000044643879,10.54800022393465,-27.25752762284396,-34.92102720372014,2.783999778330326,False,556.7999929189682,-27.25752762284396,835.1999893784523,-27.25752762284396,1043.9999867230654,-27.25752762284396
h200,NVIDIA H200,T1_L1_E32_EL32_base_rows,base_rows,32,1,32,1,8,cuda_graph,cross_layer_memo,13.919999822974205,11.008000001311302,5.375999957323074,-27.25752762284396,-66.83119571977765,2.911999821662903,False,443.231999874115,-42.09448290670753,663.391999900341,-42.221294490330294,828.5119999200106,-42.2720191237794
h200,NVIDIA H200,T1_L1_E256_EL32_base_rows,base_rows,32,1,256,1,8,eager,current_sgl,176.7680048942566,49.27999898791313,156.5600037574768,0.0,0.0,127.48800590634346,False,7070.720195770264,0.0,10606.080293655396,0.0,13257.600367069244,0.0
h200,NVIDIA H200,T1_L1_E256_EL32_base_rows,base_rows,32,1,256,1,8,eager,legacy_merged,112.67200112342834,49.27999898791313,92.12400019168854,-36.25995768248376,-41.157385040437575,63.39200213551521,False,4506.880044937134,-36.25995768248376,6760.320067405701,-36.25995768248376,8450.400084257126,-36.25995768248376
h200,NVIDIA H200,T1_L1_E256_EL32_base_rows,base_rows,32,1,256,1,8,eager,prefill_reuse,119.74400281906128,49.47200044989586,101.75999999046326,-32.25923272105001,-35.00255649706222,70.27200236916542,False,4789.760112762451,-32.25923272105001,7184.640169143677,-32.25923272105001,8980.800211429596,-32.25923272105001
h200,NVIDIA H200,T1_L1_E256_EL32_base_rows,base_rows,32,1,256,1,8,eager,cross_layer_memo,119.9679970741272,48.99200052022934,50.69600045681,-32.13251620625995,-67.61880477766088,70.97599655389786,False,2030.6560173630714,-71.28077535046828,3010.4960277676582,-71.61537585597432,3745.3760355710983,-71.74921605817674
h200,NVIDIA H200,T1_L1_E256_EL32_base_rows,base_rows,32,1,256,1,8,cuda_graph,current_sgl,18.112000077962875,10.912000201642513,15.22000040858984,0.0,0.0,7.199999876320362,False,724.480003118515,0.0,1086.7200046777725,0.0,1358.4000058472157,0.0
h200,NVIDIA H200,T1_L1_E256_EL32_base_rows,base_rows,32,1,256,1,8,cuda_graph,legacy_merged,14.047999866306782,11.103999800980091,10.30800025910139,-22.438163616180738,-32.27332468871828,2.9440000653266907,False,561.9199946522713,-22.438163616180738,842.8799919784069,-22.438163616180738,1053.5999899730086,-22.438163616180738
h200,NVIDIA H200,T1_L1_E256_EL32_base_rows,base_rows,32,1,256,1,8,cuda_graph,prefill_reuse,13.279999606311321,11.04000024497509,10.060000233352184,-26.678447718928165,-33.90275976816311,2.2399993613362312,False,531.1999842524529,-26.678447718928165,796.7999763786793,-26.678447718928165,995.9999704733491,-26.678447718928165
h200,NVIDIA H200,T1_L1_E256_EL32_base_rows,base_rows,32,1,256,1,8,cuda_graph,cross_layer_memo,13.439999893307686,11.04000024497509,5.3519997745752335,-25.795053912017572,-64.83574486926635,2.399999648332596,False,444.0000094473362,-38.71466327073987,664.800014346838,-38.82508728235289,830.4000180214643,-38.869256886998095
h200,NVIDIA H200,T1_L8_E32_EL32_base_rows,base_rows,32,8,32,1,8,eager,current_sgl,212.79999613761902,48.86399954557419,190.97599387168884,0.0,0.0,163.93599659204483,False,8511.99984550476,0.0,12767.999768257141,0.0,15959.999710321426,0.0
h200,NVIDIA H200,T1_L8_E32_EL32_base_rows,base_rows,32,8,32,1,8,eager,legacy_merged,114.62400108575821,48.576001077890396,92.6320031285286,-46.13533685798087,-51.495472676652064,66.04800000786781,False,4584.960043430328,-46.13533685798087,6877.440065145493,-46.13533685798087,8596.800081431866,-46.13533685798087
h200,NVIDIA H200,T1_L8_E32_EL32_base_rows,base_rows,32,8,32,1,8,eager,prefill_reuse,137.53600418567657,49.18399825692177,119.18400228023529,-35.36841791259656,-37.59215498032097,88.3520059287548,False,5501.440167427063,-35.36841791259656,8252.160251140594,-35.36841791259656,10315.200313925743,-35.36841791259656
h200,NVIDIA H200,T1_L8_E32_EL32_base_rows,base_rows,32,8,32,1,8,eager,cross_layer_memo,138.49599659442902,48.928000032901764,52.94400081038475,-34.91729365217524,-72.27714345816874,89.56799656152725,False,2046.6879978775978,-75.9552627464101,3025.247998535633,-76.3060146190104,3759.1679990291595,-76.44631536805052
h200,NVIDIA H200,T1_L8_E32_EL32_base_rows,base_rows,32,8,32,1,8,cuda_graph,current_sgl,19.360000267624855,10.879999957978725,17.11600087583065,0.0,0.0,8.48000030964613,False,774.4000107049942,0.0,1161.6000160574913,0.0,1452.0000200718641,0.0
h200,NVIDIA H200,T1_L8_E32_EL32_base_rows,base_rows,32,8,32,1,8,cuda_graph,legacy_merged,14.240000396966934,10.751999914646149,10.332000441849232,-26.446279958063545,-39.63542934588794,3.4880004823207855,False,569.6000158786774,-26.446279958063545,854.400023818016,-26.446279958063545,1068.00002977252,-26.446279958063545
h200,NVIDIA H200,T1_L8_E32_EL32_base_rows,base_rows,32,8,32,1,8,cuda_graph,prefill_reuse,14.208000153303146,10.847999714314938,11.284000240266323,-26.611570470570932,-34.073383600953434,3.3600004389882088,False,568.3200061321259,-26.611570470570932,852.4800091981888,-26.611570470570932,1065.600011497736,-26.611570470570932
h200,NVIDIA H200,T1_L8_E32_EL32_base_rows,base_rows,32,8,32,1,8,cuda_graph,cross_layer_memo,14.112000353634357,10.912000201642513,5.683999974280596,-27.107437197542662,-66.79130822955892,3.200000151991844,False,439.6800082176924,-43.2231402195593,657.9200122505426,-43.36088127102952,821.6000152751803,-43.41597769161761
h200,NVIDIA H200,T1_L8_E256_EL32_base_rows,base_rows,32,8,256,1,8,eager,current_sgl,211.39200031757355,49.247998744249344,191.07599556446075,0.0,0.0,162.1440015733242,False,8455.680012702942,0.0,12683.520019054413,0.0,15854.400023818016,0.0
h200,NVIDIA H200,T1_L8_E256_EL32_base_rows,base_rows,32,8,256,1,8,eager,prefill_reuse,136.9599997997284,49.984000623226166,118.59600245952606,-35.21041496652011,-37.932547670794726,86.97599917650223,False,5478.399991989136,-35.21041496652011,8217.599987983704,-35.21041496652011,10271.99998497963,-35.21041496652011
h200,NVIDIA H200,T1_L8_E256_EL32_base_rows,base_rows,32,8,256,1,8,eager,cross_layer_memo,135.93600690364838,49.8879998922348,52.80400067567825,-35.69481971908486,-72.36492186279648,86.04800701141357,False,2081.5680027008057,-75.3826067262045,3079.3280005455017,-75.7218185809662,3827.6479989290237,-75.85750332287088
h200,NVIDIA H200,T1_L8_E256_EL32_base_rows,base_rows,32,8,256,1,8,cuda_graph,current_sgl,20.576000213623047,10.912000201642513,17.931999638676643,0.0,0.0,9.664000011980534,False,823.0400085449219,0.0,1234.5600128173828,0.0,1543.2000160217285,0.0
h200,NVIDIA H200,T1_L8_E256_EL32_base_rows,base_rows,32,8,256,1,8,cuda_graph,prefill_reuse,14.944000169634819,11.103999800980091,11.748000048100948,-27.37169510845635,-34.48583378976727,3.840000368654728,False,597.7600067853928,-27.37169510845635,896.6400101780891,-27.37169510845635,1120.8000127226114,-27.37169510845635
h200,NVIDIA H200,T1_L8_E256_EL32_base_rows,base_rows,32,8,256,1,8,cuda_graph,cross_layer_memo,14.4640002399683,11.136000044643879,5.5599999614059925,-29.70450967242938,-68.99397683784298,3.328000195324421,False,448.7680019810796,-45.47433936116052,671.4880028739572,-45.609124230294974,838.5280035436153,-45.663038177948756
h200,NVIDIA H200,T32_L1_E32_EL32_base_rows,base_rows,32,1,32,32,8,eager,current_sgl,169.0240055322647,48.54400083422661,154.48400378227234,0.0,0.0,120.4800046980381,False,6760.960221290588,0.0,10141.440331935883,0.0,12676.800414919853,0.0
h200,NVIDIA H200,T32_L1_E32_EL32_base_rows,base_rows,32,1,32,32,8,eager,legacy_merged,113.0559965968132,48.79999905824661,94.53199803829193,-33.11246160520545,-38.80790520452587,64.25599753856659,False,4522.239863872528,-33.11246160520545,6783.359795808792,-33.11246160520545,8479.19974476099,-33.11246160520545
h200,NVIDIA H200,T32_L1_E32_EL32_base_rows,base_rows,32,1,32,32,8,eager,prefill_reuse,116.95999652147293,48.767998814582825,101.14400088787079,-30.802730562939693,-34.52784857232094,68.1919977068901,False,4678.399860858917,-30.802730562939693,7017.599791288376,-30.802730562939693,8771.99973911047,-30.802730562939693
h200,NVIDIA H200,T32_L1_E32_EL32_base_rows,base_rows,32,1,32,32,8,eager,cross_layer_memo,117.88800358772278,48.64000156521797,51.43199861049652,-30.253691943645645,-66.70723353145087,69.2480020225048,False,2014.8480646312237,-70.19878835721633,2987.648095935583,-70.5401994376742,3717.2481194138527,-70.67676386985735
h200,NVIDIA H200,T32_L1_E32_EL32_base_rows,base_rows,32,1,32,32,8,cuda_graph,current_sgl,23.903999477624893,11.071999557316303,20.932000130414963,0.0,0.0,12.83199992030859,False,956.1599791049957,0.0,1434.2399686574936,0.0,1792.799960821867,0.0
h200,NVIDIA H200,T32_L1_E32_EL32_base_rows,base_rows,32,1,32,32,8,cuda_graph,legacy_merged,16.095999628305435,11.455999687314034,12.191999703645706,-32.66398937394581,-41.754253641866335,4.639999940991402,False,643.8399851322174,-32.66398937394581,965.7599776983261,-32.66398937394581,1207.1999721229076,-32.66398937394581
h200,NVIDIA H200,T32_L1_E32_EL32_base_rows,base_rows,32,1,32,32,8,cuda_graph,prefill_reuse,16.416000202298164,10.912000201642513,12.911999598145485,-31.325298857773976,-38.31454463167198,5.504000000655651,False,656.6400080919266,-31.325298857773976,984.9600121378899,-31.325298857773976,1231.2000151723623,-31.325298857773976
h200,NVIDIA H200,T32_L1_E32_EL32_base_rows,base_rows,32,1,32,32,8,cuda_graph,cross_layer_memo,16.51199907064438,10.944000445306301,6.380000151693821,-30.9236971574557,-69.5203510799551,5.5679986253380775,False,443.3280164375901,-53.634535420258544,662.2080253437161,-53.82864514900045,826.3680320233107,-53.906289040497214
h200,NVIDIA H200,T32_L1_E256_EL32_base_rows,base_rows,32,1,256,32,8,eager,current_sgl,176.2239933013916,49.12000149488449,158.1439971923828,0.0,0.0,127.10399180650711,False,7048.959732055664,0.0,10573.439598083496,0.0,13216.79949760437,0.0
h200,NVIDIA H200,T32_L1_E256_EL32_base_rows,base_rows,32,1,256,32,8,eager,legacy_merged,112.5119999051094,49.72799867391586,93.65200251340866,-36.153983463146886,-40.78055179073245,62.78400123119354,False,4500.479996204376,-36.153983463146886,6750.719994306564,-36.153983463146886,8438.399992883205,-36.153983463146886
h200,NVIDIA H200,T32_L1_E256_EL32_base_rows,base_rows,32,1,256,32,8,eager,prefill_reuse,119.32799965143204,49.40799996256828,103.29200327396393,-32.286178847764354,-34.684840962816445,69.91999968886375,False,4773.1199860572815,-32.286178847764354,7159.679979085922,-32.286178847764354,8949.599973857403,-32.286178847764354
h200,NVIDIA H200,T32_L1_E256_EL32_base_rows,base_rows,32,1,256,32,8,eager,cross_layer_memo,121.72800302505493,49.44000020623207,51.020000129938126,-30.924273849096984,-67.73826320586036,72.28800281882286,False,2049.8880110681057,-70.9192832845095,3038.688015192747,-71.26112097199166,3780.288018286228,-71.39785604698451
h200,NVIDIA H200,T32_L1_E256_EL32_base_rows,base_rows,32,1,256,32,8,cuda_graph,current_sgl,19.392000511288643,11.04000024497509,16.61200076341629,0.0,0.0,8.352000266313553,False,775.6800204515457,0.0,1163.5200306773186,0.0,1454.4000383466482,0.0
h200,NVIDIA H200,T32_L1_E256_EL32_base_rows,base_rows,32,1,256,32,8,cuda_graph,legacy_merged,15.936000272631645,11.04000024497509,12.051999568939209,-17.821782939027663,-27.450042047429502,4.896000027656555,False,637.4400109052658,-17.821782939027663,956.1600163578987,-17.821782939027663,1195.2000204473734,-17.821782939027663
h200,NVIDIA H200,T32_L1_E256_EL32_base_rows,base_rows,32,1,256,32,8,cuda_graph,prefill_reuse,14.271999709308147,11.103999800980091,10.831999592483044,-26.402643703520923,-34.79413017884173,3.1679999083280563,False,570.8799883723259,-26.402643703520923,856.3199825584888,-26.402643703520923,1070.399978198111,-26.402643703520923
h200,NVIDIA H200,T32_L1_E256_EL32_base_rows,base_rows,32,1,256,32,8,cuda_graph,cross_layer_memo,14.336000196635723,10.879999957978725,6.060000043362379,-26.07260819588818,-63.52034815271627,3.4560002386569977,False,438.655998557806,-43.448846561440156,656.2559977173805,-43.59736141926538,819.4559970870614,-43.65676736239548
h200,NVIDIA H200,T32_L8_E32_EL32_base_rows,base_rows,32,8,32,32,8,eager,current_sgl,213.72799575328827,48.73599857091904,190.50399959087372,0.0,0.0,164.99199718236923,False,8549.11983013153,0.0,12823.679745197296,0.0,16029.59968149662,0.0
h200,NVIDIA H200,T32_L8_E32_EL32_base_rows,base_rows,32,8,32,32,8,eager,legacy_merged,113.50400000810623,48.767998814582825,93.03600341081619,-46.893246433131374,-51.16322827309649,64.7360011935234,False,4540.160000324249,-46.893246433131374,6810.240000486374,-46.893246433131374,8512.800000607967,-46.893246433131374
h200,NVIDIA H200,T32_L8_E32_EL32_base_rows,base_rows,32,8,32,32,8,eager,prefill_reuse,138.08000087738037,48.8319993019104,119.1440001130104,-35.39451844354089,-37.45853086083022,89.24800157546997,False,5523.200035095215,-35.39451844354089,8284.800052642822,-35.39451844354089,10356.000065803528,-35.39451844354089
h200,NVIDIA H200,T32_L8_E32_EL32_base_rows,base_rows,32,8,32,32,8,eager,cross_layer_memo,138.08000087738037,48.86399954557419,52.83999815583229,-35.39451844354089,-72.26305050323802,89.21600133180618,False,2043.7759831547737,-76.09372632780924,3021.0559740662575,-76.44158280545255,3754.0159672498703,-76.58072539650989
h200,NVIDIA H200,T32_L8_E32_EL32_base_rows,base_rows,32,8,32,32,8,cuda_graph,current_sgl,20.896000787615776,11.648000217974186,18.50000023841858,0.0,0.0,9.24800056964159,False,835.840031504631,0.0,1253.7600472569466,0.0,1567.2000590711832,0.0
h200,NVIDIA H200,T32_L8_E32_EL32_base_rows,base_rows,32,8,32,32,8,cuda_graph,legacy_merged,17.664000391960144,11.552000418305397,13.683999888598919,-15.467076348748554,-26.032433987856763,6.111999973654747,False,706.5600156784058,-15.467076348748554,1059.8400235176086,-15.467076348748554,1324.8000293970108,-15.467076348748554
h200,NVIDIA H200,T32_L8_E32_EL32_base_rows,base_rows,32,8,32,32,8,cuda_graph,prefill_reuse,15.296000055968761,10.944000445306301,12.292000465095043,-26.799389933818873,-33.5567550990162,4.35199961066246,False,611.8400022387505,-26.799389933818873,917.7600033581257,-26.799389933818873,1147.200004197657,-26.799389933818873
h200,NVIDIA H200,T32_L8_E32_EL32_base_rows,base_rows,32,8,32,32,8,cuda_graph,cross_layer_memo,15.296000055968761,10.847999714314938,6.519999820739031,-26.799389933818873,-64.75675817993192,4.448000341653824,False,438.3679889142513,-47.553602078004495,655.3279832005501,-47.73098850658729,818.0479789152741,-47.8019430780204
h200,NVIDIA H200,T32_L8_E256_EL32_base_rows,base_rows,32,8,256,32,8,eager,current_sgl,209.50399339199066,48.99200052022934,190.81200659275055,0.0,0.0,160.51199287176132,False,8380.159735679626,0.0,12570.23960351944,0.0,15712.7995043993,0.0
h200,NVIDIA H200,T32_L8_E256_EL32_base_rows,base_rows,32,8,256,32,8,eager,prefill_reuse,135.8720064163208,48.48000034689903,118.16400289535522,-35.1458632284404,-38.07307778721059,87.39200606942177,False,5434.880256652832,-35.1458632284404,8152.320384979248,-35.1458632284404,10190.40048122406,-35.1458632284404
h200,NVIDIA H200,T32_L8_E256_EL32_base_rows,base_rows,32,8,256,32,8,eager,cross_layer_memo,136.25599443912506,49.34399947524071,52.400000393390656,-34.96257888307434,-72.53841551741144,86.91199496388435,False,2060.6719739735126,-75.41011103642892,3047.551963478327,-75.75581643944903,3787.7119556069374,-75.89409860065707
h200,NVIDIA H200,T32_L8_E256_EL32_base_rows,base_rows,32,8,256,32,8,cuda_graph,current_sgl,22.975999861955643,11.19999960064888,20.284000784158707,0.0,0.0,11.776000261306763,False,919.0399944782257,0.0,1378.5599917173386,0.0,1723.1999896466732,0.0
h200,NVIDIA H200,T32_L8_E256_EL32_base_rows,base_rows,32,8,256,32,8,cuda_graph,prefill_reuse,16.1920003592968,10.944000445306301,12.988000176846981,-29.526460408332422,-35.96923844042502,5.247999913990498,False,647.680014371872,-29.526460408332422,971.5200215578079,-29.526460408332422,1214.40002694726,-29.526460408332422
h200,NVIDIA H200,T32_L8_E256_EL32_base_rows,base_rows,32,8,256,32,8,cuda_graph,cross_layer_memo,15.87199978530407,10.975999757647514,6.428000051528215,-30.91922057509494,-68.30999899907162,4.896000027656555,False,443.93599033355713,-51.69568321282942,663.4559854865074,-51.87325981657074,828.0959818512201,-51.94429045806728
h200,NVIDIA H200,T256_L1_E32_EL32_base_rows,base_rows,32,1,32,256,8,eager,current_sgl,175.1679927110672,48.96000027656555,156.02000057697296,0.0,0.0,126.20799243450165,False,7006.719708442688,0.0,10510.079562664032,0.0,13137.59945333004,0.0
h200,NVIDIA H200,T256_L1_E32_EL32_base_rows,base_rows,32,1,32,256,8,eager,legacy_merged,113.27999830245972,49.72799867391586,92.38400310277939,-35.33065227886085,-40.78707680993665,63.551999628543854,False,4531.199932098389,-35.33065227886085,6796.799898147583,-35.33065227886085,8495.999872684479,-35.33065227886085
h200,NVIDIA H200,T256_L1_E32_EL32_base_rows,base_rows,32,1,32,256,8,eager,prefill_reuse,119.64800208806992,49.47200044989586,101.08000040054321,-31.695282776103596,-35.21343415796549,70.17600163817406,False,4785.920083522797,-31.695282776103596,7178.880125284195,-31.695282776103596,8973.600156605244,-31.695282776103596
h200,NVIDIA H200,T256_L1_E32_EL32_base_rows,base_rows,32,1,32,256,8,eager,cross_layer_memo,118.30399930477142,50.40000006556511,50.58399960398674,-32.46254782407122,-67.57851594864535,67.90399923920631,False,2083.9040018618107,-70.2584934380802,3091.904003173113,-70.58153570828539,3847.9040041565895,-70.71075261636747
h200,NVIDIA H200,T256_L1_E32_EL32_base_rows,base_rows,32,1,32,256,8,cuda_graph,current_sgl,20.800000056624413,11.327999643981457,18.15200038254261,0.0,0.0,9.472000412642956,False,832.0000022649765,0.0,1248.0000033974648,0.0,1560.000004246831,0.0
h200,NVIDIA H200,T256_L1_E32_EL32_base_rows,base_rows,32,1,32,256,8,cuda_graph,legacy_merged,19.168000668287277,11.327999643981457,15.359999611973763,-7.846150884107206,-15.38122913028367,7.8400010243058205,False,766.7200267314911,-7.846150884107206,1150.0800400972366,-7.846150884107206,1437.6000501215458,-7.846150884107206
h200,NVIDIA H200,T256_L1_E32_EL32_base_rows,base_rows,32,1,32,256,8,cuda_graph,prefill_reuse,15.359999611973763,11.136000044643879,11.800000444054604,-26.15384822039032,-34.99338808188291,4.223999567329884,False,614.3999844789505,-26.15384822039032,921.5999767184258,-26.15384822039032,1151.9999708980322,-26.15384822039032
h200,NVIDIA H200,T256_L1_E32_EL32_base_rows,base_rows,32,1,32,256,8,cuda_graph,cross_layer_memo,15.48799965530634,11.071999557316303,6.519999820739031,-25.538463398351286,-64.0810947370322,4.416000097990036,False,447.29598239064217,-46.2384638013274,668.7359735369682,-46.41538688169472,834.8159668967128,-46.486156113841645
h200,NVIDIA H200,T256_L1_E256_EL32_base_rows,base_rows,32,1,256,256,8,eager,current_sgl,175.48799514770508,49.375999718904495,156.05999529361725,0.0,0.0,126.11199542880058,False,7019.519805908203,0.0,10529.279708862305,0.0,13161.59963607788,0.0
h200,NVIDIA H200,T256_L1_E256_EL32_base_rows,base_rows,32,1,256,256,8,eager,legacy_merged,113.37599903345108,48.70399832725525,91.82800352573395,-35.39387184973847,-41.158524737255554,64.67200070619583,False,4535.039961338043,-35.39387184973847,6802.559942007065,-35.39387184973847,8503.199927508831,-35.39387184973847
h200,NVIDIA H200,T256_L1_E256_EL32_base_rows,base_rows,32,1,256,256,8,eager,prefill_reuse,117.47200042009354,49.60000142455101,101.99999809265137,-33.05980826710142,-34.64052212692646,67.87199899554253,False,4698.8800168037415,-33.05980826710142,7048.320025205612,-33.05980826710142,8810.400031507015,-33.05980826710142
h200,NVIDIA H200,T256_L1_E256_EL32_base_rows,base_rows,32,1,256,256,8,eager,cross_layer_memo,119.77600306272507,49.18399825692177,50.87999999523163,-31.746896440459203,-67.397153960242,70.5920048058033,False,2037.951935082674,-70.96735971358943,3021.6319002211094,-71.30257734840251,3759.391874074936,-71.43666440232775
h200,NVIDIA H200,T256_L1_E256_EL32_base_rows,base_rows,32,1,256,256,8,cuda_graph,current_sgl,22.304000332951546,10.847999714314938,19.592000171542168,0.0,0.0,11.456000618636608,False,892.1600133180618,0.0,1338.2400199770927,0.0,1672.800024971366,0.0
h200,NVIDIA H200,T256_L1_E256_EL32_base_rows,base_rows,32,1,256,256,8,cuda_graph,legacy_merged,17.72800087928772,10.751999914646149,13.915999792516232,-20.51649652687336,-28.971010255861763,6.976000964641571,False,709.1200351715088,-20.51649652687336,1063.6800527572632,-20.51649652687336,1329.600065946579,-20.51649652687336
h200,NVIDIA H200,T256_L1_E256_EL32_base_rows,base_rows,32,1,256,256,8,cuda_graph,prefill_reuse,16.03199914097786,10.751999914646149,12.488000094890594,-28.120521423717605,-36.259697909610566,5.279999226331711,False,641.2799656391144,-28.120521423717605,961.9199484586716,-28.120521423717605,1202.3999355733395,-28.120521423717605
h200,NVIDIA H200,T256_L1_E256_EL32_base_rows,base_rows,32,1,256,256,8,cuda_graph,cross_layer_memo,15.936000272631645,10.975999757647514,6.275999825447798,-28.550932412388498,-67.96651811710458,4.960000514984131,False,443.9999908208847,-50.233143809080886,663.519985973835,-50.41846185520645,828.1599823385477,-50.49258907365668
h200,NVIDIA H200,T256_L8_E32_EL32_base_rows,base_rows,32,8,32,256,8,eager,current_sgl,212.8639966249466,48.767998814582825,192.5159990787506,0.0,0.0,164.09599781036377,False,8514.559864997864,0.0,12771.839797496796,0.0,15964.799746870995,0.0
h200,NVIDIA H200,T256_L8_E32_EL32_base_rows,base_rows,32,8,32,256,8,eager,legacy_merged,115.42399972677231,48.51200059056282,93.58000010251999,-45.77570582302729,-51.39105292529991,66.91199913620949,False,4616.959989070892,-45.77570582302729,6925.4399836063385,-45.77570582302729,8656.799979507923,-45.77570582302729
h200,NVIDIA H200,T256_L8_E32_EL32_base_rows,base_rows,32,8,32,256,8,eager,prefill_reuse,138.8159990310669,49.50400069355965,120.30799686908722,-34.7865297880072,-37.50753316877626,89.31199833750725,False,5552.639961242676,-34.7865297880072,8328.959941864014,-34.7865297880072,10411.199927330017,-34.7865297880072
h200,NVIDIA H200,T256_L8_E32_EL32_base_rows,base_rows,32,8,32,256,8,eager,cross_layer_memo,138.14400136470795,49.27999898791313,53.543999791145325,-35.10222322466806,-72.18724674968826,88.86400237679482,False,2060.06396189332,-75.80539693705192,3045.6639416515827,-76.15328731066204,3784.8639264702797,-76.2924434601061
h200,NVIDIA H200,T256_L8_E32_EL32_base_rows,base_rows,32,8,32,256,8,cuda_graph,current_sgl,22.207999601960182,10.944000445306301,19.912000745534897,0.0,0.0,11.263999156653881,False,888.3199840784073,0.0,1332.479976117611,0.0,1665.5999701470137,0.0
h200,NVIDIA H200,T256_L8_E32_EL32_base_rows,base_rows,32,8,32,256,8,cuda_graph,legacy_merged,21.856000646948814,11.455999687314034,17.920000478625298,-1.5850097321701062,-10.00401864366286,10.40000095963478,False,874.2400258779526,-1.5850097321701062,1311.3600388169289,-1.5850097321701062,1639.200048521161,-1.5850097321701062
h200,NVIDIA H200,T256_L8_E32_EL32_base_rows,base_rows,32,8,32,256,8,cuda_graph,prefill_reuse,16.416000202298164,11.296000331640244,13.051999732851982,-26.08068940685134,-34.45159077859724,5.119999870657921,False,656.6400080919266,-26.08068940685134,984.9600121378899,-26.08068940685134,1231.2000151723623,-26.08068940685134
h200,NVIDIA H200,T256_L8_E32_EL32_base_rows,base_rows,32,8,32,256,8,cuda_graph,cross_layer_memo,16.256000846624374,11.52000017464161,6.688000168651342,-26.801147613540376,-66.41221415105123,4.736000671982765,False,465.53600765764713,-47.59365814103348,695.9360111504793,-47.771371906225724,868.7360137701035,-47.84245741230262
h200,NVIDIA H200,T256_L8_E256_EL32_base_rows,base_rows,32,8,256,256,8,eager,current_sgl,211.42399311065674,58.6559996008873,191.56800210475922,0.0,0.0,152.76799350976944,False,8456.95972442627,0.0,12685.439586639404,0.0,15856.799483299255,0.0
h200,NVIDIA H200,T256_L8_E256_EL32_base_rows,base_rows,32,8,256,256,8,eager,prefill_reuse,138.62399756908417,58.43200162053108,119.88800019025803,-34.43317594681411,-37.417523347820314,80.19199594855309,False,5544.959902763367,-34.43317594681411,8317.43985414505,-34.43317594681411,10396.799817681313,-34.43317594681411
h200,NVIDIA H200,T256_L8_E256_EL32_base_rows,base_rows,32,8,256,256,8,eager,cross_layer_memo,138.14400136470795,59.07199904322624,53.51199954748154,-34.66020609477134,-72.0663164205166,79.0720023214817,False,2441.9519640505314,-71.12494272619708,3623.3919449150562,-71.43660714185029,4509.47193056345,-71.56127290811158
h200,NVIDIA H200,T256_L8_E256_EL32_base_rows,base_rows,32,8,256,256,8,cuda_graph,current_sgl,36.12799942493439,10.975999757647514,33.75200182199478,0.0,0.0,25.151999667286873,False,1445.1199769973755,0.0,2167.6799654960632,0.0,2709.599956870079,0.0
h200,NVIDIA H200,T256_L8_E256_EL32_base_rows,base_rows,32,8,256,256,8,cuda_graph,prefill_reuse,23.19999970495701,10.944000445306301,20.160000771284103,-35.78387933391875,-40.27020714917518,12.255999259650707,False,927.9999881982803,-35.78387933391875,1391.9999822974205,-35.78387933391875,1739.9999778717756,-35.78387933391875
h200,NVIDIA H200,T256_L8_E256_EL32_base_rows,base_rows,32,8,256,256,8,cuda_graph,cross_layer_memo,23.264000192284584,11.19999960064888,7.424000184983015,-35.606730063695366,-78.00426705314675,12.064000591635704,False,460.0639846175909,-68.16430525211497,684.0639766305685,-68.44257512552025,852.0639706403017,-68.55388307488238
h200,NVIDIA H200,T2048_L1_E32_EL32_base_rows,base_rows,32,1,32,2048,8,eager,current_sgl,211.07199788093567,58.88000130653381,156.15199506282806,0.0,0.0,152.19199657440186,True,8442.879915237427,0.0,12664.31987285614,0.0,15830.399841070175,0.0
h200,NVIDIA H200,T2048_L1_E32_EL32_base_rows,base_rows,32,1,32,2048,8,eager,legacy_merged,141.66399836540222,58.81600081920624,96.51199728250504,-32.883565898061974,-38.19355478380327,82.84799754619598,True,5666.559934616089,-32.883565898061974,8499.839901924133,-32.883565898061974,10624.799877405167,-32.883565898061974
h200,NVIDIA H200,T2048_L1_E32_EL32_base_rows,base_rows,32,1,32,2048,8,eager,prefill_reuse,143.0719941854477,59.7120001912117,102.07200050354004,-32.21649691961807,-34.63291937930657,83.35999399423599,True,5722.879767417908,-32.21649691961807,8584.319651126862,-32.21649691961807,10730.399563908577,-32.21649691961807
h200,NVIDIA H200,T2048_L1_E32_EL32_base_rows,base_rows,32,1,32,2048,8,eager,cross_layer_memo,141.34399592876434,58.59199911355972,50.98000168800354,-33.03517408856121,-67.3523212639764,82.75199681520462,True,2426.4319613575935,-71.26061266158186,3598.271943628788,-71.58732581177861,4477.151930332184,-71.71801107185732
h200,NVIDIA H200,T2048_L1_E32_EL32_base_rows,base_rows,32,1,32,2048,8,cuda_graph,current_sgl,36.479998379945755,11.807999573647976,32.868001610040665,0.0,0.0,24.67199880629778,True,1459.1999351978302,0.0,2188.7999027967453,0.0,2735.9998784959316,0.0
h200,NVIDIA H200,T2048_L1_E32_EL32_base_rows,base_rows,32,1,32,2048,8,cuda_graph,legacy_merged,39.99999910593033,11.807999573647976,36.03599965572357,9.649125225618516,9.638547798765874,28.191999532282352,True,1599.9999642372131,9.649125225618516,2399.9999463558197,9.649125225618516,2999.9999329447746,9.649125225618516
h200,NVIDIA H200,T2048_L1_E32_EL32_base_rows,base_rows,32,1,32,2048,8,cuda_graph,prefill_reuse,24.064000695943832,11.744000017642975,19.387999549508095,-34.03508288209629,-41.01253924855182,12.320000678300858,True,962.5600278377533,-34.03508288209629,1443.84004175663,-34.03508288209629,1804.8000521957874,-34.03508288209629
h200,NVIDIA H200,T2048_L1_E32_EL32_base_rows,base_rows,32,1,32,2048,8,cuda_graph,cross_layer_memo,24.191999807953835,11.776000261306763,8.124000392854214,-33.68420810771481,-75.28294999726282,12.415999546647072,True,483.4560099989176,-66.86841889604571,718.9760152250528,-67.1520446292793,895.6160191446543,-67.26549492257274
h200,NVIDIA H200,T2048_L1_E256_EL32_base_rows,base_rows,32,1,256,2048,8,eager,current_sgl,173.567995429039,48.608001321554184,158.15599262714386,0.0,0.0,124.95999410748482,True,6942.71981716156,0.0,10414.07972574234,0.0,13017.599657177925,0.0
h200,NVIDIA H200,T2048_L1_E256_EL32_base_rows,base_rows,32,1,256,2048,8,eager,legacy_merged,115.9679964184761,48.96000027656555,96.2039977312088,-33.18584101186553,-39.171449571302816,67.00799614191055,True,4638.719856739044,-33.18584101186553,6958.079785108566,-33.18584101186553,8697.599731385708,-33.18584101186553
h200,NVIDIA H200,T2048_L1_E256_EL32_base_rows,base_rows,32,1,256,2048,8,eager,prefill_reuse,119.00799721479416,49.247998744249344,102.76000201702118,-31.434365580693125,-35.026172382048095,69.75999847054482,True,4760.319888591766,-31.434365580693125,7140.4798328876495,-31.434365580693125,8925.599791109562,-31.434365580693125
h200,NVIDIA H200,T2048_L1_E256_EL32_base_rows,base_rows,32,1,256,2048,8,eager,cross_layer_memo,119.99999731779099,49.40799996256828,51.05999857187271,-30.862831582996876,-67.71541961596881,70.5919973552227,True,2046.911995857954,-70.5171453009203,3035.0719951093197,-70.85607105919316,3776.191994547844,-70.9916413625023
h200,NVIDIA H200,T2048_L1_E256_EL32_base_rows,base_rows,32,1,256,2048,8,cuda_graph,current_sgl,48.06400090456009,11.04000024497509,45.607998967170715,0.0,0.0,37.024000659585,True,1922.5600361824036,0.0,2883.8400542736053,0.0,3604.8000678420067,0.0
h200,NVIDIA H200,T2048_L1_E256_EL32_base_rows,base_rows,32,1,256,2048,8,cuda_graph,legacy_merged,33.824000507593155,11.071999557316303,30.49599938094616,-29.627164049957212,-33.13453764350063,22.75200095027685,True,1352.9600203037262,-29.627164049957212,2029.4400304555893,-29.627164049957212,2536.8000380694866,-29.627164049957212
h200,NVIDIA H200,T2048_L1_E256_EL32_base_rows,base_rows,32,1,256,2048,8,cuda_graph,prefill_reuse,28.991999104619026,11.455999687314034,25.50400048494339,-39.68042909663727,-44.079983637735275,17.535999417304993,True,1159.679964184761,-39.68042909663727,1739.5199462771416,-39.68042909663727,2174.399932846427,-39.68042909663727
h200,NVIDIA H200,T2048_L1_E256_EL32_base_rows,base_rows,32,1,256,2048,8,cuda_graph,cross_layer_memo,29.37600016593933,11.327999643981457,8.17199982702732,-38.88149214987162,-82.08209083474668,18.048000521957874,True,471.16798628121614,-75.4926776062189,697.7279791608453,-75.80559372123041,867.6479738205671,-75.93076016723502
h200,NVIDIA H200,T2048_L8_E32_EL32_base_rows,base_rows,32,8,32,2048,8,eager,current_sgl,210.30400693416595,57.66399949789047,192.44399666786194,0.0,0.0,152.64000743627548,True,8412.160277366638,0.0,12618.240416049957,0.0,15772.800520062447,0.0
h200,NVIDIA H200,T2048_L8_E32_EL32_base_rows,base_rows,32,8,32,2048,8,eager,legacy_merged,117.0559972524643,58.88000130653381,97.06400334835052,-44.33962578320833,-49.56246750795101,58.17599594593048,True,4682.239890098572,-44.33962578320833,7023.359835147858,-44.33962578320833,8779.199793934822,-44.33962578320833
h200,NVIDIA H200,T2048_L8_E32_EL32_base_rows,base_rows,32,8,32,2048,8,eager,prefill_reuse,137.34400272369385,58.720000088214874,120.899997651577,-34.69263628120585,-37.17652940858548,78.62400263547897,True,5493.760108947754,-34.69263628120585,8240.64016342163,-34.69263628120585,10300.800204277039,-34.69263628120585
h200,NVIDIA H200,T2048_L8_E32_EL32_base_rows,base_rows,32,8,32,2048,8,eager,cross_layer_memo,137.92000710964203,57.98399820923805,53.412001579999924,-34.41874497768518,-72.24543113590423,79.93600890040398,True,2399.295937269926,-71.4782427086493,3558.975901454687,-71.79499055250369,4428.735874593258,-71.92168969004545
h200,NVIDIA H200,T2048_L8_E32_EL32_base_rows,base_rows,32,8,32,2048,8,cuda_graph,current_sgl,36.19199991226196,11.776000261306763,34.22800078988075,0.0,0.0,24.4159996509552,True,1447.6799964904785,0.0,2171.519994735718,0.0,2714.399993419647,0.0
h200,NVIDIA H200,T2048_L8_E32_EL32_base_rows,base_rows,32,8,32,2048,8,cuda_graph,legacy_merged,37.79200091958046,11.935999616980553,34.623999148607254,4.420869283812112,1.1569427065210691,25.856001302599907,True,1511.6800367832184,4.420869283812112,2267.5200551748276,4.420869283812112,2834.4000689685345,4.420869283812112
h200,NVIDIA H200,T2048_L8_E32_EL32_base_rows,base_rows,32,8,32,2048,8,cuda_graph,prefill_reuse,23.96799996495247,11.776000261306763,20.927999168634415,-33.77541991861015,-38.857079917967,12.191999703645706,True,958.7199985980988,-33.77541991861015,1438.0799978971481,-33.77541991861015,1797.5999973714352,-33.77541991861015
h200,NVIDIA H200,T2048_L8_E32_EL32_base_rows,base_rows,32,8,32,2048,8,cuda_graph,cross_layer_memo,24.12799932062626,11.807999573647976,8.4239998832345,-33.33333504885532,-75.38857166987974,12.319999746978283,True,484.6399826928973,-66.52298962009698,720.7999741658568,-66.80666188138964,897.9199677705765,-66.92013078590671
h200,NVIDIA H200,T2048_L8_E256_EL32_base_rows,base_rows,32,8,256,2048,8,eager,current_sgl,210.07999777793884,49.27999898791313,191.47999584674835,0.0,0.0,160.7999987900257,True,8403.199911117554,0.0,12604.79986667633,0.0,15755.999833345413,0.0
h200,NVIDIA H200,T2048_L8_E256_EL32_base_rows,base_rows,32,8,256,2048,8,eager,prefill_reuse,137.60000467300415,49.18399825692177,120.31999975442886,-34.501139504746334,-37.16314896375527,88.41600641608238,True,5504.000186920166,-34.501139504746334,8256.000280380249,-34.501139504746334,10320.000350475311,-34.501139504746334
h200,NVIDIA H200,T2048_L8_E256_EL32_base_rows,base_rows,32,8,256,2048,8,eager,cross_layer_memo,136.35200262069702,48.96000027656555,53.05999889969826,-35.09519989388738,-72.28953412858594,87.39200234413147,True,2045.7920134067535,-75.65460735141929,3024.9920189380646,-76.00126895362041,3759.392023086548,-76.13993359450086
h200,NVIDIA H200,T2048_L8_E256_EL32_base_rows,base_rows,32,8,256,2048,8,cuda_graph,current_sgl,82.14399963617325,11.648000217974186,80.17999678850174,0.0,0.0,70.49599941819906,True,3285.75998544693,0.0,4928.639978170395,0.0,6160.799972712994,0.0
h200,NVIDIA H200,T2048_L8_E256_EL32_base_rows,base_rows,32,8,256,2048,8,cuda_graph,prefill_reuse,40.73600098490715,11.008000001311302,37.92399913072586,-50.40903636865464,-52.70142099062247,29.728000983595848,True,1629.440039396286,-50.40903636865464,2444.160059094429,-50.40903636865464,3055.2000738680363,-50.40903636865464
h200,NVIDIA H200,T2048_L8_E256_EL32_base_rows,base_rows,32,8,256,2048,8,cuda_graph,cross_layer_memo,41.31200164556503,11.19999960064888,9.739999659359455,-49.70782792590887,-87.85233219071888,30.112002044916153,True,478.11198607087135,-85.44896802601245,702.111978083849,-85.75444785592788,870.1119720935822,-85.87663978789404
