/usr/local/lib/python3.12/dist-packages/torch/cuda/__init__.py:61: FutureWarning: The pynvml package is deprecated. Please install nvidia-ml-py instead. If you did not install pynvml directly, please report this to the maintainers of the package that installed pynvml for you.
  import pynvml  # type: ignore[import]
T=1 R=16 gate_a/indexed/bf16 K0/eager/hot: p50=46.752us
T=1 R=16 gate_a/indexed/bf16 K0/eager/cold: p50=20.496us
T=1 R=16 gate_a/indexed/bf16 K0/cuda_graph/hot: p50=13.072us
T=1 R=16 gate_a/indexed/bf16 K0/cuda_graph/cold: p50=19.200us
T=1 R=16 gate_a/aligned/bf16 K0/eager/hot: p50=55.776us
T=1 R=16 gate_a/aligned/bf16 K0/eager/cold: p50=13.008us
T=1 R=16 gate_a/aligned/bf16 K0/cuda_graph/hot: p50=10.480us
T=1 R=16 gate_a/aligned/bf16 K0/cuda_graph/cold: p50=13.056us
T=1 R=16 gate_a/segmented/bf16 K0/eager/hot: p50=55.792us
T=1 R=16 gate_a/segmented/bf16 K0/eager/cold: p50=21.536us
T=1 R=16 gate_a/segmented/bf16 K0/cuda_graph/hot: p50=13.776us
T=1 R=16 gate_a/segmented/bf16 K0/cuda_graph/cold: p50=21.264us
T=1 R=16 gate_a/bmm/bf16 K0/eager/hot: p50=147.056us
T=1 R=16 gate_a/bmm/bf16 K0/eager/cold: p50=75.280us
T=1 R=16 gate_a/bmm/bf16 K0/cuda_graph/hot: p50=15.872us
T=1 R=16 gate_a/bmm/bf16 K0/cuda_graph/cold: p50=20.192us
T=1 R=16 gate_consumer/indexed/bf16 K0/eager/hot: p50=76.560us
T=1 R=16 gate_consumer/indexed/bf16 K0/eager/cold: p50=16.384us
T=1 R=16 gate_consumer/indexed/bf16 K0/cuda_graph/hot: p50=13.568us
T=1 R=16 gate_consumer/indexed/bf16 K0/cuda_graph/cold: p50=15.120us
T=1 R=16 gate_consumer/aligned/bf16 K0/eager/hot: p50=78.352us
T=1 R=16 gate_consumer/aligned/bf16 K0/eager/cold: p50=15.776us
T=1 R=16 gate_consumer/aligned/bf16 K0/cuda_graph/hot: p50=11.072us
T=1 R=16 gate_consumer/aligned/bf16 K0/cuda_graph/cold: p50=13.056us
T=1 R=16 gate_consumer/segmented/bf16 K0/eager/hot: p50=58.992us
T=1 R=16 gate_consumer/segmented/bf16 K0/eager/cold: p50=13.728us
T=1 R=16 gate_consumer/segmented/bf16 K0/cuda_graph/hot: p50=10.720us
T=1 R=16 gate_consumer/segmented/bf16 K0/cuda_graph/cold: p50=13.040us
T=1 R=16 gate_consumer/bmm/bf16 K0/eager/hot: p50=421.824us
T=1 R=16 gate_consumer/bmm/bf16 K0/eager/cold: p50=350.512us
T=1 R=16 gate_consumer/bmm/bf16 K0/cuda_graph/hot: p50=40.416us
T=1 R=16 gate_consumer/bmm/bf16 K0/cuda_graph/cold: p50=47.888us
T=1 R=16 down_a/indexed/bf16 K0/eager/hot: p50=52.384us
T=1 R=16 down_a/indexed/bf16 K0/eager/cold: p50=11.264us
T=1 R=16 down_a/indexed/bf16 K0/cuda_graph/hot: p50=10.736us
T=1 R=16 down_a/indexed/bf16 K0/cuda_graph/cold: p50=11.056us
T=1 R=16 down_a/aligned/bf16 K0/eager/hot: p50=53.360us
T=1 R=16 down_a/aligned/bf16 K0/eager/cold: p50=11.264us
T=1 R=16 down_a/aligned/bf16 K0/cuda_graph/hot: p50=10.960us
T=1 R=16 down_a/aligned/bf16 K0/cuda_graph/cold: p50=9.056us
T=1 R=16 down_a/segmented/bf16 K0/eager/hot: p50=43.856us
T=1 R=16 down_a/segmented/bf16 K0/eager/cold: p50=13.312us
T=1 R=16 down_a/segmented/bf16 K0/cuda_graph/hot: p50=10.368us
T=1 R=16 down_a/segmented/bf16 K0/cuda_graph/cold: p50=13.088us
T=1 R=16 down_a/bmm/bf16 K0/eager/hot: p50=123.824us
T=1 R=16 down_a/bmm/bf16 K0/eager/cold: p50=55.520us
T=1 R=16 down_a/bmm/bf16 K0/cuda_graph/hot: p50=13.792us
T=1 R=16 down_a/bmm/bf16 K0/cuda_graph/cold: p50=15.120us
T=1 R=16 down_finalize/indexed/bf16 K0/eager/hot: p50=38.736us
T=1 R=16 down_finalize/indexed/bf16 K0/eager/cold: p50=8.624us
T=1 R=16 down_finalize/indexed/bf16 K0/cuda_graph/hot: p50=10.800us
T=1 R=16 down_finalize/indexed/bf16 K0/cuda_graph/cold: p50=11.008us
T=1 R=16 down_finalize/aligned/bf16 K0/eager/hot: p50=82.592us
T=1 R=16 down_finalize/aligned/bf16 K0/eager/cold: p50=16.832us
T=1 R=16 down_finalize/aligned/bf16 K0/cuda_graph/hot: p50=10.592us
T=1 R=16 down_finalize/aligned/bf16 K0/cuda_graph/cold: p50=11.120us
T=1 R=16 down_finalize/segmented/bf16 K0/eager/hot: p50=77.920us
T=1 R=16 down_finalize/segmented/bf16 K0/eager/cold: p50=15.792us
T=1 R=16 down_finalize/segmented/bf16 K0/cuda_graph/hot: p50=10.464us
T=1 R=16 down_finalize/segmented/bf16 K0/cuda_graph/cold: p50=13.104us
T=1 R=16 down_finalize/bmm/bf16 K0/eager/hot: p50=178.224us
T=1 R=16 down_finalize/bmm/bf16 K0/eager/cold: p50=109.760us
T=1 R=16 down_finalize/bmm/bf16 K0/cuda_graph/hot: p50=17.888us
T=1 R=16 down_finalize/bmm/bf16 K0/cuda_graph/cold: p50=19.232us
T=1 R=16 down_finalize/one_shot_bf16/bf16 K0/eager/hot: p50=79.520us
T=1 R=16 down_finalize/one_shot_bf16/bf16 K0/eager/cold: p50=17.248us
T=1 R=16 down_finalize/one_shot_bf16/bf16 K0/cuda_graph/hot: p50=11.552us
T=1 R=16 down_finalize/one_shot_bf16/bf16 K0/cuda_graph/cold: p50=15.136us
T=1 R=16 down_finalize/one_shot_fp32/bf16 K0/eager/hot: p50=65.712us
T=1 R=16 down_finalize/one_shot_fp32/bf16 K0/eager/cold: p50=17.408us
T=1 R=16 down_finalize/one_shot_fp32/bf16 K0/cuda_graph/hot: p50=11.744us
T=1 R=16 down_finalize/one_shot_fp32/bf16 K0/cuda_graph/cold: p50=15.904us
T=1 R=32 gate_a/indexed/bf16 K0/eager/hot: p50=45.808us
T=1 R=32 gate_a/indexed/bf16 K0/eager/cold: p50=21.504us
T=1 R=32 gate_a/indexed/bf16 K0/cuda_graph/hot: p50=13.696us
T=1 R=32 gate_a/indexed/bf16 K0/cuda_graph/cold: p50=21.312us
T=1 R=32 gate_a/aligned/bf16 K0/eager/hot: p50=54.928us
T=1 R=32 gate_a/aligned/bf16 K0/eager/cold: p50=13.312us
T=1 R=32 gate_a/aligned/bf16 K0/cuda_graph/hot: p50=10.352us
T=1 R=32 gate_a/aligned/bf16 K0/cuda_graph/cold: p50=13.088us
T=1 R=32 gate_a/segmented/bf16 K0/eager/hot: p50=53.488us
T=1 R=32 gate_a/segmented/bf16 K0/eager/cold: p50=23.552us
T=1 R=32 gate_a/segmented/bf16 K0/cuda_graph/hot: p50=14.224us
T=1 R=32 gate_a/segmented/bf16 K0/cuda_graph/cold: p50=23.312us
T=1 R=32 gate_a/bmm/bf16 K0/eager/hot: p50=155.552us
T=1 R=32 gate_a/bmm/bf16 K0/eager/cold: p50=84.928us
T=1 R=32 gate_a/bmm/bf16 K0/cuda_graph/hot: p50=17.888us
T=1 R=32 gate_a/bmm/bf16 K0/cuda_graph/cold: p50=21.408us
T=1 R=32 gate_consumer/indexed/bf16 K0/eager/hot: p50=63.680us
T=1 R=32 gate_consumer/indexed/bf16 K0/eager/cold: p50=16.432us
T=1 R=32 gate_consumer/indexed/bf16 K0/cuda_graph/hot: p50=13.296us
T=1 R=32 gate_consumer/indexed/bf16 K0/cuda_graph/cold: p50=15.136us
T=1 R=32 gate_consumer/aligned/bf16 K0/eager/hot: p50=70.768us
T=1 R=32 gate_consumer/aligned/bf16 K0/eager/cold: p50=14.336us
T=1 R=32 gate_consumer/aligned/bf16 K0/cuda_graph/hot: p50=10.240us
T=1 R=32 gate_consumer/aligned/bf16 K0/cuda_graph/cold: p50=13.056us
T=1 R=32 gate_consumer/segmented/bf16 K0/eager/hot: p50=54.912us
T=1 R=32 gate_consumer/segmented/bf16 K0/eager/cold: p50=12.368us
T=1 R=32 gate_consumer/segmented/bf16 K0/cuda_graph/hot: p50=10.224us
T=1 R=32 gate_consumer/segmented/bf16 K0/cuda_graph/cold: p50=10.976us
T=1 R=32 gate_consumer/bmm/bf16 K0/eager/hot: p50=398.048us
T=1 R=32 gate_consumer/bmm/bf16 K0/eager/cold: p50=325.952us
T=1 R=32 gate_consumer/bmm/bf16 K0/cuda_graph/hot: p50=40.720us
T=1 R=32 gate_consumer/bmm/bf16 K0/cuda_graph/cold: p50=47.872us
T=1 R=32 down_a/indexed/bf16 K0/eager/hot: p50=48.128us
T=1 R=32 down_a/indexed/bf16 K0/eager/cold: p50=11.264us
T=1 R=32 down_a/indexed/bf16 K0/cuda_graph/hot: p50=10.080us
T=1 R=32 down_a/indexed/bf16 K0/cuda_graph/cold: p50=11.024us
T=1 R=32 down_a/aligned/bf16 K0/eager/hot: p50=70.976us
T=1 R=32 down_a/aligned/bf16 K0/eager/cold: p50=11.680us
T=1 R=32 down_a/aligned/bf16 K0/cuda_graph/hot: p50=12.896us
T=1 R=32 down_a/aligned/bf16 K0/cuda_graph/cold: p50=9.696us
T=1 R=32 down_a/segmented/bf16 K0/eager/hot: p50=65.776us
T=1 R=32 down_a/segmented/bf16 K0/eager/cold: p50=13.728us
T=1 R=32 down_a/segmented/bf16 K0/cuda_graph/hot: p50=12.400us
T=1 R=32 down_a/segmented/bf16 K0/cuda_graph/cold: p50=13.040us
T=1 R=32 down_a/bmm/bf16 K0/eager/hot: p50=160.624us
T=1 R=32 down_a/bmm/bf16 K0/eager/cold: p50=92.848us
T=1 R=32 down_a/bmm/bf16 K0/cuda_graph/hot: p50=13.808us
T=1 R=32 down_a/bmm/bf16 K0/cuda_graph/cold: p50=16.032us
T=1 R=32 down_finalize/indexed/bf16 K0/eager/hot: p50=34.768us
T=1 R=32 down_finalize/indexed/bf16 K0/eager/cold: p50=10.992us
T=1 R=32 down_finalize/indexed/bf16 K0/cuda_graph/hot: p50=10.032us
T=1 R=32 down_finalize/indexed/bf16 K0/cuda_graph/cold: p50=11.488us
T=1 R=32 down_finalize/aligned/bf16 K0/eager/hot: p50=72.960us
T=1 R=32 down_finalize/aligned/bf16 K0/eager/cold: p50=15.776us
T=1 R=32 down_finalize/aligned/bf16 K0/cuda_graph/hot: p50=9.872us
T=1 R=32 down_finalize/aligned/bf16 K0/cuda_graph/cold: p50=13.072us
T=1 R=32 down_finalize/segmented/bf16 K0/eager/hot: p50=70.208us
T=1 R=32 down_finalize/segmented/bf16 K0/eager/cold: p50=16.432us
T=1 R=32 down_finalize/segmented/bf16 K0/cuda_graph/hot: p50=10.752us
T=1 R=32 down_finalize/segmented/bf16 K0/cuda_graph/cold: p50=13.120us
T=1 R=32 down_finalize/bmm/bf16 K0/eager/hot: p50=161.824us
T=1 R=32 down_finalize/bmm/bf16 K0/eager/cold: p50=89.984us
T=1 R=32 down_finalize/bmm/bf16 K0/cuda_graph/hot: p50=15.872us
T=1 R=32 down_finalize/bmm/bf16 K0/cuda_graph/cold: p50=19.280us
T=1 R=32 down_finalize/one_shot_bf16/bf16 K0/eager/hot: p50=71.344us
T=1 R=32 down_finalize/one_shot_bf16/bf16 K0/eager/cold: p50=20.480us
T=1 R=32 down_finalize/one_shot_bf16/bf16 K0/cuda_graph/hot: p50=12.720us
T=1 R=32 down_finalize/one_shot_bf16/bf16 K0/cuda_graph/cold: p50=17.168us
T=1 R=32 down_finalize/one_shot_fp32/bf16 K0/eager/hot: p50=81.600us
T=1 R=32 down_finalize/one_shot_fp32/bf16 K0/eager/cold: p50=20.704us
T=1 R=32 down_finalize/one_shot_fp32/bf16 K0/cuda_graph/hot: p50=12.240us
T=1 R=32 down_finalize/one_shot_fp32/bf16 K0/cuda_graph/cold: p50=17.024us
T=1 R=64 gate_a/indexed/bf16 K0/eager/hot: p50=52.432us
T=1 R=64 gate_a/indexed/bf16 K0/eager/cold: p50=21.472us
T=1 R=64 gate_a/indexed/bf16 K0/cuda_graph/hot: p50=13.744us
T=1 R=64 gate_a/indexed/bf16 K0/cuda_graph/cold: p50=21.280us
T=1 R=64 gate_a/aligned/bf16 K0/eager/hot: p50=57.200us
T=1 R=64 gate_a/aligned/bf16 K0/eager/cold: p50=13.344us
T=1 R=64 gate_a/aligned/bf16 K0/cuda_graph/hot: p50=10.384us
T=1 R=64 gate_a/aligned/bf16 K0/cuda_graph/cold: p50=13.488us
T=1 R=64 gate_a/segmented/bf16 K0/eager/hot: p50=52.944us
T=1 R=64 gate_a/segmented/bf16 K0/eager/cold: p50=23.568us
T=1 R=64 gate_a/segmented/bf16 K0/cuda_graph/hot: p50=15.808us
T=1 R=64 gate_a/segmented/bf16 K0/cuda_graph/cold: p50=23.328us
T=1 R=64 gate_a/bmm/bf16 K0/eager/hot: p50=159.264us
T=1 R=64 gate_a/bmm/bf16 K0/eager/cold: p50=88.048us
T=1 R=64 gate_a/bmm/bf16 K0/cuda_graph/hot: p50=19.936us
T=1 R=64 gate_a/bmm/bf16 K0/cuda_graph/cold: p50=23.328us
T=1 R=64 gate_consumer/indexed/bf16 K0/eager/hot: p50=77.792us
T=1 R=64 gate_consumer/indexed/bf16 K0/eager/cold: p50=17.856us
T=1 R=64 gate_consumer/indexed/bf16 K0/cuda_graph/hot: p50=13.776us
T=1 R=64 gate_consumer/indexed/bf16 K0/cuda_graph/cold: p50=17.152us
T=1 R=64 gate_consumer/aligned/bf16 K0/eager/hot: p50=83.136us
T=1 R=64 gate_consumer/aligned/bf16 K0/eager/cold: p50=14.448us
T=1 R=64 gate_consumer/aligned/bf16 K0/cuda_graph/hot: p50=10.336us
T=1 R=64 gate_consumer/aligned/bf16 K0/cuda_graph/cold: p50=13.072us
T=1 R=64 gate_consumer/segmented/bf16 K0/eager/hot: p50=58.736us
T=1 R=64 gate_consumer/segmented/bf16 K0/eager/cold: p50=13.296us
T=1 R=64 gate_consumer/segmented/bf16 K0/cuda_graph/hot: p50=10.064us
T=1 R=64 gate_consumer/segmented/bf16 K0/cuda_graph/cold: p50=13.088us
T=1 R=64 gate_consumer/bmm/bf16 K0/eager/hot: p50=425.584us
T=1 R=64 gate_consumer/bmm/bf16 K0/eager/cold: p50=351.616us
T=1 R=64 gate_consumer/bmm/bf16 K0/cuda_graph/hot: p50=42.496us
T=1 R=64 gate_consumer/bmm/bf16 K0/cuda_graph/cold: p50=47.904us
T=1 R=64 down_a/indexed/bf16 K0/eager/hot: p50=49.856us
T=1 R=64 down_a/indexed/bf16 K0/eager/cold: p50=12.672us
T=1 R=64 down_a/indexed/bf16 K0/cuda_graph/hot: p50=10.384us
T=1 R=64 down_a/indexed/bf16 K0/cuda_graph/cold: p50=13.056us
T=1 R=64 down_a/aligned/bf16 K0/eager/hot: p50=55.424us
T=1 R=64 down_a/aligned/bf16 K0/eager/cold: p50=11.680us
T=1 R=64 down_a/aligned/bf16 K0/cuda_graph/hot: p50=10.208us
T=1 R=64 down_a/aligned/bf16 K0/cuda_graph/cold: p50=11.024us
T=1 R=64 down_a/segmented/bf16 K0/eager/hot: p50=55.760us
T=1 R=64 down_a/segmented/bf16 K0/eager/cold: p50=13.264us
T=1 R=64 down_a/segmented/bf16 K0/cuda_graph/hot: p50=10.336us
T=1 R=64 down_a/segmented/bf16 K0/cuda_graph/cold: p50=13.120us
T=1 R=64 down_a/bmm/bf16 K0/eager/hot: p50=140.752us
T=1 R=64 down_a/bmm/bf16 K0/eager/cold: p50=72.544us
T=1 R=64 down_a/bmm/bf16 K0/cuda_graph/hot: p50=13.792us
T=1 R=64 down_a/bmm/bf16 K0/cuda_graph/cold: p50=17.248us
T=1 R=64 down_finalize/indexed/bf16 K0/eager/hot: p50=38.304us
T=1 R=64 down_finalize/indexed/bf16 K0/eager/cold: p50=13.280us
T=1 R=64 down_finalize/indexed/bf16 K0/cuda_graph/hot: p50=9.968us
T=1 R=64 down_finalize/indexed/bf16 K0/cuda_graph/cold: p50=14.592us
T=1 R=64 down_finalize/aligned/bf16 K0/eager/hot: p50=75.568us
T=1 R=64 down_finalize/aligned/bf16 K0/eager/cold: p50=16.608us
T=1 R=64 down_finalize/aligned/bf16 K0/cuda_graph/hot: p50=9.920us
T=1 R=64 down_finalize/aligned/bf16 K0/cuda_graph/cold: p50=13.104us
T=1 R=64 down_finalize/segmented/bf16 K0/eager/hot: p50=73.088us
T=1 R=64 down_finalize/segmented/bf16 K0/eager/cold: p50=16.352us
T=1 R=64 down_finalize/segmented/bf16 K0/cuda_graph/hot: p50=10.144us
T=1 R=64 down_finalize/segmented/bf16 K0/cuda_graph/cold: p50=13.072us
T=1 R=64 down_finalize/bmm/bf16 K0/eager/hot: p50=180.352us
T=1 R=64 down_finalize/bmm/bf16 K0/eager/cold: p50=113.360us
T=1 R=64 down_finalize/bmm/bf16 K0/cuda_graph/hot: p50=15.856us
T=1 R=64 down_finalize/bmm/bf16 K0/cuda_graph/cold: p50=21.328us
T=1 R=64 down_finalize/one_shot_bf16/bf16 K0/eager/hot: p50=83.392us
T=1 R=64 down_finalize/one_shot_bf16/bf16 K0/eager/cold: p50=26.480us
T=1 R=64 down_finalize/one_shot_bf16/bf16 K0/cuda_graph/hot: p50=15.792us
T=1 R=64 down_finalize/one_shot_bf16/bf16 K0/cuda_graph/cold: p50=23.360us
T=1 R=64 down_finalize/one_shot_fp32/bf16 K0/eager/hot: p50=81.648us
T=1 R=64 down_finalize/one_shot_fp32/bf16 K0/eager/cold: p50=25.472us
T=1 R=64 down_finalize/one_shot_fp32/bf16 K0/cuda_graph/hot: p50=15.808us
T=1 R=64 down_finalize/one_shot_fp32/bf16 K0/cuda_graph/cold: p50=23.344us
T=1 R=128 gate_a/indexed/bf16 K0/eager/hot: p50=52.560us
T=1 R=128 gate_a/indexed/bf16 K0/eager/cold: p50=21.504us
T=1 R=128 gate_a/indexed/bf16 K0/cuda_graph/hot: p50=12.944us
T=1 R=128 gate_a/indexed/bf16 K0/cuda_graph/cold: p50=21.280us
T=1 R=128 gate_a/aligned/bf16 K0/eager/hot: p50=56.784us
T=1 R=128 gate_a/aligned/bf16 K0/eager/cold: p50=15.328us
T=1 R=128 gate_a/aligned/bf16 K0/cuda_graph/hot: p50=11.952us
T=1 R=128 gate_a/aligned/bf16 K0/cuda_graph/cold: p50=15.136us
T=1 R=128 gate_a/segmented/bf16 K0/eager/hot: p50=54.752us
T=1 R=128 gate_a/segmented/bf16 K0/eager/cold: p50=23.536us
T=1 R=128 gate_a/segmented/bf16 K0/cuda_graph/hot: p50=15.808us
T=1 R=128 gate_a/segmented/bf16 K0/cuda_graph/cold: p50=23.728us
T=1 R=128 gate_a/bmm/bf16 K0/eager/hot: p50=167.248us
T=1 R=128 gate_a/bmm/bf16 K0/eager/cold: p50=99.280us
T=1 R=128 gate_a/bmm/bf16 K0/cuda_graph/hot: p50=19.968us
T=1 R=128 gate_a/bmm/bf16 K0/cuda_graph/cold: p50=25.360us
T=1 R=128 gate_consumer/indexed/bf16 K0/eager/hot: p50=70.560us
T=1 R=128 gate_consumer/indexed/bf16 K0/eager/cold: p50=18.160us
T=1 R=128 gate_consumer/indexed/bf16 K0/cuda_graph/hot: p50=15.760us
T=1 R=128 gate_consumer/indexed/bf16 K0/cuda_graph/cold: p50=17.200us
T=1 R=128 gate_consumer/aligned/bf16 K0/eager/hot: p50=74.576us
T=1 R=128 gate_consumer/aligned/bf16 K0/eager/cold: p50=14.352us
T=1 R=128 gate_consumer/aligned/bf16 K0/cuda_graph/hot: p50=10.000us
T=1 R=128 gate_consumer/aligned/bf16 K0/cuda_graph/cold: p50=13.152us
T=1 R=128 gate_consumer/segmented/bf16 K0/eager/hot: p50=58.064us
T=1 R=128 gate_consumer/segmented/bf16 K0/eager/cold: p50=14.272us
T=1 R=128 gate_consumer/segmented/bf16 K0/cuda_graph/hot: p50=10.384us
T=1 R=128 gate_consumer/segmented/bf16 K0/cuda_graph/cold: p50=13.136us
T=1 R=128 gate_consumer/bmm/bf16 K0/eager/hot: p50=425.424us
T=1 R=128 gate_consumer/bmm/bf16 K0/eager/cold: p50=344.816us
T=1 R=128 gate_consumer/bmm/bf16 K0/cuda_graph/hot: p50=42.496us
T=1 R=128 gate_consumer/bmm/bf16 K0/cuda_graph/cold: p50=51.664us
T=1 R=128 down_a/indexed/bf16 K0/eager/hot: p50=49.872us
T=1 R=128 down_a/indexed/bf16 K0/eager/cold: p50=12.304us
T=1 R=128 down_a/indexed/bf16 K0/cuda_graph/hot: p50=10.128us
T=1 R=128 down_a/indexed/bf16 K0/cuda_graph/cold: p50=10.992us
T=1 R=128 down_a/aligned/bf16 K0/eager/hot: p50=53.584us
T=1 R=128 down_a/aligned/bf16 K0/eager/cold: p50=11.280us
T=1 R=128 down_a/aligned/bf16 K0/cuda_graph/hot: p50=10.288us
T=1 R=128 down_a/aligned/bf16 K0/cuda_graph/cold: p50=10.992us
T=1 R=128 down_a/segmented/bf16 K0/eager/hot: p50=50.416us
T=1 R=128 down_a/segmented/bf16 K0/eager/cold: p50=13.344us
T=1 R=128 down_a/segmented/bf16 K0/cuda_graph/hot: p50=10.256us
T=1 R=128 down_a/segmented/bf16 K0/cuda_graph/cold: p50=13.040us
T=1 R=128 down_a/bmm/bf16 K0/eager/hot: p50=131.824us
T=1 R=128 down_a/bmm/bf16 K0/eager/cold: p50=65.392us
T=1 R=128 down_a/bmm/bf16 K0/cuda_graph/hot: p50=13.856us
T=1 R=128 down_a/bmm/bf16 K0/cuda_graph/cold: p50=17.952us
T=1 R=128 down_finalize/indexed/bf16 K0/eager/hot: p50=40.240us
T=1 R=128 down_finalize/indexed/bf16 K0/eager/cold: p50=13.216us
T=1 R=128 down_finalize/indexed/bf16 K0/cuda_graph/hot: p50=10.432us
T=1 R=128 down_finalize/indexed/bf16 K0/cuda_graph/cold: p50=15.088us
T=1 R=128 down_finalize/aligned/bf16 K0/eager/hot: p50=84.864us
T=1 R=128 down_finalize/aligned/bf16 K0/eager/cold: p50=21.392us
T=1 R=128 down_finalize/aligned/bf16 K0/cuda_graph/hot: p50=11.056us
T=1 R=128 down_finalize/aligned/bf16 K0/cuda_graph/cold: p50=13.280us
T=1 R=128 down_finalize/segmented/bf16 K0/eager/hot: p50=80.208us
T=1 R=128 down_finalize/segmented/bf16 K0/eager/cold: p50=15.984us
T=1 R=128 down_finalize/segmented/bf16 K0/cuda_graph/hot: p50=10.640us
T=1 R=128 down_finalize/segmented/bf16 K0/cuda_graph/cold: p50=13.120us
T=1 R=128 down_finalize/bmm/bf16 K0/eager/hot: p50=182.560us
T=1 R=128 down_finalize/bmm/bf16 K0/eager/cold: p50=120.160us
T=1 R=128 down_finalize/bmm/bf16 K0/cuda_graph/hot: p50=17.168us
T=1 R=128 down_finalize/bmm/bf16 K0/cuda_graph/cold: p50=21.360us
T=1 R=128 down_finalize/one_shot_bf16/bf16 K0/eager/hot: p50=68.592us
T=1 R=128 down_finalize/one_shot_bf16/bf16 K0/eager/cold: p50=27.712us
T=1 R=128 down_finalize/one_shot_bf16/bf16 K0/cuda_graph/hot: p50=17.808us
T=1 R=128 down_finalize/one_shot_bf16/bf16 K0/cuda_graph/cold: p50=24.352us
T=1 R=128 down_finalize/one_shot_fp32/bf16 K0/eager/hot: p50=79.936us
T=1 R=128 down_finalize/one_shot_fp32/bf16 K0/eager/cold: p50=27.712us
T=1 R=128 down_finalize/one_shot_fp32/bf16 K0/cuda_graph/hot: p50=17.920us
T=1 R=128 down_finalize/one_shot_fp32/bf16 K0/cuda_graph/cold: p50=25.344us
T=32 R=16 gate_a/indexed/bf16 K0/eager/hot: p50=54.176us
T=32 R=16 gate_a/indexed/bf16 K0/eager/cold: p50=20.688us
T=32 R=16 gate_a/indexed/bf16 K0/cuda_graph/hot: p50=15.744us
T=32 R=16 gate_a/indexed/bf16 K0/cuda_graph/cold: p50=21.248us
T=32 R=16 gate_a/aligned/bf16 K0/eager/hot: p50=60.976us
T=32 R=16 gate_a/aligned/bf16 K0/eager/cold: p50=14.304us
T=32 R=16 gate_a/aligned/bf16 K0/cuda_graph/hot: p50=10.960us
T=32 R=16 gate_a/aligned/bf16 K0/cuda_graph/cold: p50=13.136us
T=32 R=16 gate_a/segmented/bf16 K0/eager/hot: p50=58.672us
T=32 R=16 gate_a/segmented/bf16 K0/eager/cold: p50=23.520us
T=32 R=16 gate_a/segmented/bf16 K0/cuda_graph/hot: p50=14.800us
T=32 R=16 gate_a/segmented/bf16 K0/cuda_graph/cold: p50=21.376us
T=32 R=16 gate_a/bmm/bf16 K0/eager/hot: p50=171.520us
T=32 R=16 gate_a/bmm/bf16 K0/eager/cold: p50=102.800us
T=32 R=16 gate_a/bmm/bf16 K0/cuda_graph/hot: p50=20.000us
T=32 R=16 gate_a/bmm/bf16 K0/cuda_graph/cold: p50=25.376us
T=32 R=16 gate_consumer/indexed/bf16 K0/eager/hot: p50=79.776us
T=32 R=16 gate_consumer/indexed/bf16 K0/eager/cold: p50=17.840us
T=32 R=16 gate_consumer/indexed/bf16 K0/cuda_graph/hot: p50=15.856us
T=32 R=16 gate_consumer/indexed/bf16 K0/cuda_graph/cold: p50=17.216us
T=32 R=16 gate_consumer/aligned/bf16 K0/eager/hot: p50=82.064us
T=32 R=16 gate_consumer/aligned/bf16 K0/eager/cold: p50=17.872us
T=32 R=16 gate_consumer/aligned/bf16 K0/cuda_graph/hot: p50=12.464us
T=32 R=16 gate_consumer/aligned/bf16 K0/cuda_graph/cold: p50=15.120us
T=32 R=16 gate_consumer/segmented/bf16 K0/eager/hot: p50=52.512us
T=32 R=16 gate_consumer/segmented/bf16 K0/eager/cold: p50=14.752us
T=32 R=16 gate_consumer/segmented/bf16 K0/cuda_graph/hot: p50=12.320us
T=32 R=16 gate_consumer/segmented/bf16 K0/cuda_graph/cold: p50=15.152us
T=32 R=16 gate_consumer/bmm/bf16 K0/eager/hot: p50=386.016us
T=32 R=16 gate_consumer/bmm/bf16 K0/eager/cold: p50=330.560us
T=32 R=16 gate_consumer/bmm/bf16 K0/cuda_graph/hot: p50=46.592us
T=32 R=16 gate_consumer/bmm/bf16 K0/cuda_graph/cold: p50=54.048us
T=32 R=16 down_a/indexed/bf16 K0/eager/hot: p50=46.736us
T=32 R=16 down_a/indexed/bf16 K0/eager/cold: p50=12.480us
T=32 R=16 down_a/indexed/bf16 K0/cuda_graph/hot: p50=9.968us
T=32 R=16 down_a/indexed/bf16 K0/cuda_graph/cold: p50=13.056us
T=32 R=16 down_a/aligned/bf16 K0/eager/hot: p50=60.800us
T=32 R=16 down_a/aligned/bf16 K0/eager/cold: p50=12.256us
T=32 R=16 down_a/aligned/bf16 K0/cuda_graph/hot: p50=10.736us
T=32 R=16 down_a/aligned/bf16 K0/cuda_graph/cold: p50=11.040us
T=32 R=16 down_a/segmented/bf16 K0/eager/hot: p50=58.752us
T=32 R=16 down_a/segmented/bf16 K0/eager/cold: p50=13.536us
T=32 R=16 down_a/segmented/bf16 K0/cuda_graph/hot: p50=10.528us
T=32 R=16 down_a/segmented/bf16 K0/cuda_graph/cold: p50=13.120us
T=32 R=16 down_a/bmm/bf16 K0/eager/hot: p50=144.048us
T=32 R=16 down_a/bmm/bf16 K0/eager/cold: p50=81.856us
T=32 R=16 down_a/bmm/bf16 K0/cuda_graph/hot: p50=15.808us
T=32 R=16 down_a/bmm/bf16 K0/cuda_graph/cold: p50=19.232us
T=32 R=16 down_finalize/indexed/bf16 K0/eager/hot: p50=39.408us
T=32 R=16 down_finalize/indexed/bf16 K0/eager/cold: p50=10.688us
T=32 R=16 down_finalize/indexed/bf16 K0/cuda_graph/hot: p50=10.288us
T=32 R=16 down_finalize/indexed/bf16 K0/cuda_graph/cold: p50=11.024us
T=32 R=16 down_finalize/aligned/bf16 K0/eager/hot: p50=81.440us
T=32 R=16 down_finalize/aligned/bf16 K0/eager/cold: p50=21.088us
T=32 R=16 down_finalize/aligned/bf16 K0/cuda_graph/hot: p50=10.496us
T=32 R=16 down_finalize/aligned/bf16 K0/cuda_graph/cold: p50=13.088us
T=32 R=16 down_finalize/segmented/bf16 K0/eager/hot: p50=76.960us
T=32 R=16 down_finalize/segmented/bf16 K0/eager/cold: p50=18.448us
T=32 R=16 down_finalize/segmented/bf16 K0/cuda_graph/hot: p50=14.720us
T=32 R=16 down_finalize/segmented/bf16 K0/cuda_graph/cold: p50=17.184us
T=32 R=16 down_finalize/bmm/bf16 K0/eager/hot: p50=176.240us
T=32 R=16 down_finalize/bmm/bf16 K0/eager/cold: p50=112.160us
T=32 R=16 down_finalize/bmm/bf16 K0/cuda_graph/hot: p50=19.968us
T=32 R=16 down_finalize/bmm/bf16 K0/cuda_graph/cold: p50=23.280us
T=32 R=16 down_finalize/one_shot_bf16/bf16 K0/eager/hot: p50=93.296us
T=32 R=16 down_finalize/one_shot_bf16/bf16 K0/eager/cold: p50=57.344us
T=32 R=16 down_finalize/one_shot_bf16/bf16 K0/cuda_graph/hot: p50=52.736us
T=32 R=16 down_finalize/one_shot_bf16/bf16 K0/cuda_graph/cold: p50=54.080us
T=32 R=16 down_finalize/one_shot_fp32/bf16 K0/eager/hot: p50=88.512us
T=32 R=16 down_finalize/one_shot_fp32/bf16 K0/eager/cold: p50=55.296us
T=32 R=16 down_finalize/one_shot_fp32/bf16 K0/cuda_graph/hot: p50=50.736us
T=32 R=16 down_finalize/one_shot_fp32/bf16 K0/cuda_graph/cold: p50=52.144us
T=32 R=32 gate_a/indexed/bf16 K0/eager/hot: p50=53.984us
T=32 R=32 gate_a/indexed/bf16 K0/eager/cold: p50=21.504us
T=32 R=32 gate_a/indexed/bf16 K0/cuda_graph/hot: p50=15.840us
T=32 R=32 gate_a/indexed/bf16 K0/cuda_graph/cold: p50=21.280us
T=32 R=32 gate_a/aligned/bf16 K0/eager/hot: p50=57.584us
T=32 R=32 gate_a/aligned/bf16 K0/eager/cold: p50=15.792us
T=32 R=32 gate_a/aligned/bf16 K0/cuda_graph/hot: p50=10.432us
T=32 R=32 gate_a/aligned/bf16 K0/cuda_graph/cold: p50=15.056us
T=32 R=32 gate_a/segmented/bf16 K0/eager/hot: p50=56.240us
T=32 R=32 gate_a/segmented/bf16 K0/eager/cold: p50=23.552us
T=32 R=32 gate_a/segmented/bf16 K0/cuda_graph/hot: p50=13.840us
T=32 R=32 gate_a/segmented/bf16 K0/cuda_graph/cold: p50=23.296us
T=32 R=32 gate_a/bmm/bf16 K0/eager/hot: p50=166.192us
T=32 R=32 gate_a/bmm/bf16 K0/eager/cold: p50=89.936us
T=32 R=32 gate_a/bmm/bf16 K0/cuda_graph/hot: p50=23.952us
T=32 R=32 gate_a/bmm/bf16 K0/cuda_graph/cold: p50=25.344us
T=32 R=32 gate_consumer/indexed/bf16 K0/eager/hot: p50=75.264us
T=32 R=32 gate_consumer/indexed/bf16 K0/eager/cold: p50=18.512us
T=32 R=32 gate_consumer/indexed/bf16 K0/cuda_graph/hot: p50=15.840us
T=32 R=32 gate_consumer/indexed/bf16 K0/cuda_graph/cold: p50=19.200us
T=32 R=32 gate_consumer/aligned/bf16 K0/eager/hot: p50=83.024us
T=32 R=32 gate_consumer/aligned/bf16 K0/eager/cold: p50=15.824us
T=32 R=32 gate_consumer/aligned/bf16 K0/cuda_graph/hot: p50=10.640us
T=32 R=32 gate_consumer/aligned/bf16 K0/cuda_graph/cold: p50=15.104us
T=32 R=32 gate_consumer/segmented/bf16 K0/eager/hot: p50=57.680us
T=32 R=32 gate_consumer/segmented/bf16 K0/eager/cold: p50=12.992us
T=32 R=32 gate_consumer/segmented/bf16 K0/cuda_graph/hot: p50=10.368us
T=32 R=32 gate_consumer/segmented/bf16 K0/cuda_graph/cold: p50=13.104us
T=32 R=32 gate_consumer/bmm/bf16 K0/eager/hot: p50=424.336us
T=32 R=32 gate_consumer/bmm/bf16 K0/eager/cold: p50=344.256us
T=32 R=32 gate_consumer/bmm/bf16 K0/cuda_graph/hot: p50=46.592us
T=32 R=32 gate_consumer/bmm/bf16 K0/cuda_graph/cold: p50=56.064us
T=32 R=32 down_a/indexed/bf16 K0/eager/hot: p50=48.976us
T=32 R=32 down_a/indexed/bf16 K0/eager/cold: p50=12.256us
T=32 R=32 down_a/indexed/bf16 K0/cuda_graph/hot: p50=10.032us
T=32 R=32 down_a/indexed/bf16 K0/cuda_graph/cold: p50=13.104us
T=32 R=32 down_a/aligned/bf16 K0/eager/hot: p50=51.616us
T=32 R=32 down_a/aligned/bf16 K0/eager/cold: p50=11.232us
T=32 R=32 down_a/aligned/bf16 K0/cuda_graph/hot: p50=9.600us
T=32 R=32 down_a/aligned/bf16 K0/cuda_graph/cold: p50=11.008us
T=32 R=32 down_a/segmented/bf16 K0/eager/hot: p50=47.808us
T=32 R=32 down_a/segmented/bf16 K0/eager/cold: p50=13.248us
T=32 R=32 down_a/segmented/bf16 K0/cuda_graph/hot: p50=10.592us
T=32 R=32 down_a/segmented/bf16 K0/cuda_graph/cold: p50=13.072us
T=32 R=32 down_a/bmm/bf16 K0/eager/hot: p50=125.584us
T=32 R=32 down_a/bmm/bf16 K0/eager/cold: p50=64.496us
T=32 R=32 down_a/bmm/bf16 K0/cuda_graph/hot: p50=15.776us
T=32 R=32 down_a/bmm/bf16 K0/cuda_graph/cold: p50=19.248us
T=32 R=32 down_finalize/indexed/bf16 K0/eager/hot: p50=35.760us
T=32 R=32 down_finalize/indexed/bf16 K0/eager/cold: p50=12.512us
T=32 R=32 down_finalize/indexed/bf16 K0/cuda_graph/hot: p50=12.160us
T=32 R=32 down_finalize/indexed/bf16 K0/cuda_graph/cold: p50=13.088us
T=32 R=32 down_finalize/aligned/bf16 K0/eager/hot: p50=73.104us
T=32 R=32 down_finalize/aligned/bf16 K0/eager/cold: p50=15.808us
T=32 R=32 down_finalize/aligned/bf16 K0/cuda_graph/hot: p50=12.704us
T=32 R=32 down_finalize/aligned/bf16 K0/cuda_graph/cold: p50=15.120us
T=32 R=32 down_finalize/segmented/bf16 K0/eager/hot: p50=68.496us
T=32 R=32 down_finalize/segmented/bf16 K0/eager/cold: p50=18.464us
T=32 R=32 down_finalize/segmented/bf16 K0/cuda_graph/hot: p50=15.808us
T=32 R=32 down_finalize/segmented/bf16 K0/cuda_graph/cold: p50=16.336us
T=32 R=32 down_finalize/bmm/bf16 K0/eager/hot: p50=177.776us
T=32 R=32 down_finalize/bmm/bf16 K0/eager/cold: p50=104.592us
T=32 R=32 down_finalize/bmm/bf16 K0/cuda_graph/hot: p50=19.888us
T=32 R=32 down_finalize/bmm/bf16 K0/cuda_graph/cold: p50=23.296us
T=32 R=32 down_finalize/one_shot_bf16/bf16 K0/eager/hot: p50=86.608us
T=32 R=32 down_finalize/one_shot_bf16/bf16 K0/eager/cold: p50=72.752us
T=32 R=32 down_finalize/one_shot_bf16/bf16 K0/cuda_graph/hot: p50=69.120us
T=32 R=32 down_finalize/one_shot_bf16/bf16 K0/cuda_graph/cold: p50=70.384us
T=32 R=32 down_finalize/one_shot_fp32/bf16 K0/eager/hot: p50=90.064us
T=32 R=32 down_finalize/one_shot_fp32/bf16 K0/eager/cold: p50=71.680us
T=32 R=32 down_finalize/one_shot_fp32/bf16 K0/cuda_graph/hot: p50=67.072us
T=32 R=32 down_finalize/one_shot_fp32/bf16 K0/cuda_graph/cold: p50=68.400us
T=32 R=64 gate_a/indexed/bf16 K0/eager/hot: p50=57.200us
T=32 R=64 gate_a/indexed/bf16 K0/eager/cold: p50=23.552us
T=32 R=64 gate_a/indexed/bf16 K0/cuda_graph/hot: p50=22.000us
T=32 R=64 gate_a/indexed/bf16 K0/cuda_graph/cold: p50=23.312us
T=32 R=64 gate_a/aligned/bf16 K0/eager/hot: p50=55.216us
T=32 R=64 gate_a/aligned/bf16 K0/eager/cold: p50=15.408us
T=32 R=64 gate_a/aligned/bf16 K0/cuda_graph/hot: p50=12.176us
T=32 R=64 gate_a/aligned/bf16 K0/cuda_graph/cold: p50=15.136us
T=32 R=64 gate_a/segmented/bf16 K0/eager/hot: p50=52.288us
T=32 R=64 gate_a/segmented/bf16 K0/eager/cold: p50=25.648us
T=32 R=64 gate_a/segmented/bf16 K0/cuda_graph/hot: p50=15.792us
T=32 R=64 gate_a/segmented/bf16 K0/cuda_graph/cold: p50=25.376us
T=32 R=64 gate_a/bmm/bf16 K0/eager/hot: p50=160.800us
T=32 R=64 gate_a/bmm/bf16 K0/eager/cold: p50=83.760us
T=32 R=64 gate_a/bmm/bf16 K0/cuda_graph/hot: p50=24.064us
T=32 R=64 gate_a/bmm/bf16 K0/cuda_graph/cold: p50=29.328us
T=32 R=64 gate_consumer/indexed/bf16 K0/eager/hot: p50=72.320us
T=32 R=64 gate_consumer/indexed/bf16 K0/eager/cold: p50=19.984us
T=32 R=64 gate_consumer/indexed/bf16 K0/cuda_graph/hot: p50=17.824us
T=32 R=64 gate_consumer/indexed/bf16 K0/cuda_graph/cold: p50=19.216us
T=32 R=64 gate_consumer/aligned/bf16 K0/eager/hot: p50=76.768us
T=32 R=64 gate_consumer/aligned/bf16 K0/eager/cold: p50=15.312us
T=32 R=64 gate_consumer/aligned/bf16 K0/cuda_graph/hot: p50=10.672us
T=32 R=64 gate_consumer/aligned/bf16 K0/cuda_graph/cold: p50=15.152us
T=32 R=64 gate_consumer/segmented/bf16 K0/eager/hot: p50=57.712us
T=32 R=64 gate_consumer/segmented/bf16 K0/eager/cold: p50=15.328us
T=32 R=64 gate_consumer/segmented/bf16 K0/cuda_graph/hot: p50=11.056us
T=32 R=64 gate_consumer/segmented/bf16 K0/cuda_graph/cold: p50=15.120us
T=32 R=64 gate_consumer/bmm/bf16 K0/eager/hot: p50=407.616us
T=32 R=64 gate_consumer/bmm/bf16 K0/eager/cold: p50=338.288us
T=32 R=64 gate_consumer/bmm/bf16 K0/cuda_graph/hot: p50=48.640us
T=32 R=64 gate_consumer/bmm/bf16 K0/cuda_graph/cold: p50=56.080us
T=32 R=64 down_a/indexed/bf16 K0/eager/hot: p50=47.424us
T=32 R=64 down_a/indexed/bf16 K0/eager/cold: p50=13.312us
T=32 R=64 down_a/indexed/bf16 K0/cuda_graph/hot: p50=10.176us
T=32 R=64 down_a/indexed/bf16 K0/cuda_graph/cold: p50=13.072us
T=32 R=64 down_a/aligned/bf16 K0/eager/hot: p50=49.856us
T=32 R=64 down_a/aligned/bf16 K0/eager/cold: p50=11.248us
T=32 R=64 down_a/aligned/bf16 K0/cuda_graph/hot: p50=10.288us
T=32 R=64 down_a/aligned/bf16 K0/cuda_graph/cold: p50=11.056us
T=32 R=64 down_a/segmented/bf16 K0/eager/hot: p50=48.608us
T=32 R=64 down_a/segmented/bf16 K0/eager/cold: p50=13.312us
T=32 R=64 down_a/segmented/bf16 K0/cuda_graph/hot: p50=10.128us
T=32 R=64 down_a/segmented/bf16 K0/cuda_graph/cold: p50=13.168us
T=32 R=64 down_a/bmm/bf16 K0/eager/hot: p50=121.184us
T=32 R=64 down_a/bmm/bf16 K0/eager/cold: p50=54.912us
T=32 R=64 down_a/bmm/bf16 K0/cuda_graph/hot: p50=16.976us
T=32 R=64 down_a/bmm/bf16 K0/cuda_graph/cold: p50=19.648us
T=32 R=64 down_finalize/indexed/bf16 K0/eager/hot: p50=35.984us
T=32 R=64 down_finalize/indexed/bf16 K0/eager/cold: p50=18.720us
T=32 R=64 down_finalize/indexed/bf16 K0/cuda_graph/hot: p50=15.824us
T=32 R=64 down_finalize/indexed/bf16 K0/cuda_graph/cold: p50=21.296us
T=32 R=64 down_finalize/aligned/bf16 K0/eager/hot: p50=72.032us
T=32 R=64 down_finalize/aligned/bf16 K0/eager/cold: p50=18.496us
T=32 R=64 down_finalize/aligned/bf16 K0/cuda_graph/hot: p50=12.624us
T=32 R=64 down_finalize/aligned/bf16 K0/cuda_graph/cold: p50=15.136us
T=32 R=64 down_finalize/segmented/bf16 K0/eager/hot: p50=68.864us
T=32 R=64 down_finalize/segmented/bf16 K0/eager/cold: p50=18.400us
T=32 R=64 down_finalize/segmented/bf16 K0/cuda_graph/hot: p50=13.824us
T=32 R=64 down_finalize/segmented/bf16 K0/cuda_graph/cold: p50=15.104us
T=32 R=64 down_finalize/bmm/bf16 K0/eager/hot: p50=159.248us
T=32 R=64 down_finalize/bmm/bf16 K0/eager/cold: p50=96.704us
T=32 R=64 down_finalize/bmm/bf16 K0/cuda_graph/hot: p50=19.744us
T=32 R=64 down_finalize/bmm/bf16 K0/cuda_graph/cold: p50=25.360us
T=32 R=64 down_finalize/one_shot_bf16/bf16 K0/eager/hot: p50=105.936us
T=32 R=64 down_finalize/one_shot_bf16/bf16 K0/eager/cold: p50=110.640us
T=32 R=64 down_finalize/one_shot_bf16/bf16 K0/cuda_graph/hot: p50=102.384us
T=32 R=64 down_finalize/one_shot_bf16/bf16 K0/cuda_graph/cold: p50=109.312us
T=32 R=64 down_finalize/one_shot_fp32/bf16 K0/eager/hot: p50=106.688us
T=32 R=64 down_finalize/one_shot_fp32/bf16 K0/eager/cold: p50=110.608us
T=32 R=64 down_finalize/one_shot_fp32/bf16 K0/cuda_graph/hot: p50=103.632us
T=32 R=64 down_finalize/one_shot_fp32/bf16 K0/cuda_graph/cold: p50=107.856us
T=32 R=128 gate_a/indexed/bf16 K0/eager/hot: p50=74.576us
T=32 R=128 gate_a/indexed/bf16 K0/eager/cold: p50=39.936us
T=32 R=128 gate_a/indexed/bf16 K0/cuda_graph/hot: p50=33.664us
T=32 R=128 gate_a/indexed/bf16 K0/cuda_graph/cold: p50=37.664us
T=32 R=128 gate_a/aligned/bf16 K0/eager/hot: p50=70.784us
T=32 R=128 gate_a/aligned/bf16 K0/eager/cold: p50=22.192us
T=32 R=128 gate_a/aligned/bf16 K0/cuda_graph/hot: p50=13.792us
T=32 R=128 gate_a/aligned/bf16 K0/cuda_graph/cold: p50=19.216us
T=32 R=128 gate_a/segmented/bf16 K0/eager/hot: p50=69.728us
T=32 R=128 gate_a/segmented/bf16 K0/eager/cold: p50=29.600us
T=32 R=128 gate_a/segmented/bf16 K0/cuda_graph/hot: p50=17.904us
T=32 R=128 gate_a/segmented/bf16 K0/cuda_graph/cold: p50=27.456us
T=32 R=128 gate_a/bmm/bf16 K0/eager/hot: p50=237.888us
T=32 R=128 gate_a/bmm/bf16 K0/eager/cold: p50=169.408us
T=32 R=128 gate_a/bmm/bf16 K0/cuda_graph/hot: p50=24.976us
T=32 R=128 gate_a/bmm/bf16 K0/cuda_graph/cold: p50=34.880us
T=32 R=128 gate_consumer/indexed/bf16 K0/eager/hot: p50=69.488us
T=32 R=128 gate_consumer/indexed/bf16 K0/eager/cold: p50=25.616us
T=32 R=128 gate_consumer/indexed/bf16 K0/cuda_graph/hot: p50=21.984us
T=32 R=128 gate_consumer/indexed/bf16 K0/cuda_graph/cold: p50=25.360us
T=32 R=128 gate_consumer/aligned/bf16 K0/eager/hot: p50=71.344us
T=32 R=128 gate_consumer/aligned/bf16 K0/eager/cold: p50=18.448us
T=32 R=128 gate_consumer/aligned/bf16 K0/cuda_graph/hot: p50=13.728us
T=32 R=128 gate_consumer/aligned/bf16 K0/cuda_graph/cold: p50=17.120us
T=32 R=128 gate_consumer/segmented/bf16 K0/eager/hot: p50=52.512us
T=32 R=128 gate_consumer/segmented/bf16 K0/eager/cold: p50=17.408us
T=32 R=128 gate_consumer/segmented/bf16 K0/cuda_graph/hot: p50=13.760us
T=32 R=128 gate_consumer/segmented/bf16 K0/cuda_graph/cold: p50=17.136us
T=32 R=128 gate_consumer/bmm/bf16 K0/eager/hot: p50=416.560us
T=32 R=128 gate_consumer/bmm/bf16 K0/eager/cold: p50=348.048us
T=32 R=128 gate_consumer/bmm/bf16 K0/cuda_graph/hot: p50=46.560us
T=32 R=128 gate_consumer/bmm/bf16 K0/cuda_graph/cold: p50=60.128us
T=32 R=128 down_a/indexed/bf16 K0/eager/hot: p50=48.656us
T=32 R=128 down_a/indexed/bf16 K0/eager/cold: p50=13.280us
T=32 R=128 down_a/indexed/bf16 K0/cuda_graph/hot: p50=12.192us
T=32 R=128 down_a/indexed/bf16 K0/cuda_graph/cold: p50=13.072us
T=32 R=128 down_a/aligned/bf16 K0/eager/hot: p50=51.040us
T=32 R=128 down_a/aligned/bf16 K0/eager/cold: p50=12.576us
T=32 R=128 down_a/aligned/bf16 K0/cuda_graph/hot: p50=9.968us
T=32 R=128 down_a/aligned/bf16 K0/cuda_graph/cold: p50=10.992us
T=32 R=128 down_a/segmented/bf16 K0/eager/hot: p50=48.128us
T=32 R=128 down_a/segmented/bf16 K0/eager/cold: p50=15.200us
T=32 R=128 down_a/segmented/bf16 K0/cuda_graph/hot: p50=10.176us
T=32 R=128 down_a/segmented/bf16 K0/cuda_graph/cold: p50=13.680us
T=32 R=128 down_a/bmm/bf16 K0/eager/hot: p50=139.456us
T=32 R=128 down_a/bmm/bf16 K0/eager/cold: p50=68.592us
T=32 R=128 down_a/bmm/bf16 K0/cuda_graph/hot: p50=17.824us
T=32 R=128 down_a/bmm/bf16 K0/cuda_graph/cold: p50=19.168us
T=32 R=128 down_finalize/indexed/bf16 K0/eager/hot: p50=40.384us
T=32 R=128 down_finalize/indexed/bf16 K0/eager/cold: p50=33.504us
T=32 R=128 down_finalize/indexed/bf16 K0/cuda_graph/hot: p50=26.080us
T=32 R=128 down_finalize/indexed/bf16 K0/cuda_graph/cold: p50=33.504us
T=32 R=128 down_finalize/aligned/bf16 K0/eager/hot: p50=78.800us
T=32 R=128 down_finalize/aligned/bf16 K0/eager/cold: p50=20.208us
T=32 R=128 down_finalize/aligned/bf16 K0/cuda_graph/hot: p50=13.696us
T=32 R=128 down_finalize/aligned/bf16 K0/cuda_graph/cold: p50=18.528us
T=32 R=128 down_finalize/segmented/bf16 K0/eager/hot: p50=73.504us
T=32 R=128 down_finalize/segmented/bf16 K0/eager/cold: p50=20.480us
T=32 R=128 down_finalize/segmented/bf16 K0/cuda_graph/hot: p50=15.840us
T=32 R=128 down_finalize/segmented/bf16 K0/cuda_graph/cold: p50=17.840us
T=32 R=128 down_finalize/bmm/bf16 K0/eager/hot: p50=179.648us
T=32 R=128 down_finalize/bmm/bf16 K0/eager/cold: p50=110.320us
T=32 R=128 down_finalize/bmm/bf16 K0/cuda_graph/hot: p50=22.016us
T=32 R=128 down_finalize/bmm/bf16 K0/cuda_graph/cold: p50=27.408us
T=32 R=128 down_finalize/one_shot_bf16/bf16 K0/eager/hot: p50=171.408us
T=32 R=128 down_finalize/one_shot_bf16/bf16 K0/eager/cold: p50=174.080us
T=32 R=128 down_finalize/one_shot_bf16/bf16 K0/cuda_graph/hot: p50=167.424us
T=32 R=128 down_finalize/one_shot_bf16/bf16 K0/cuda_graph/cold: p50=171.472us
T=32 R=128 down_finalize/one_shot_fp32/bf16 K0/eager/hot: p50=173.232us
T=32 R=128 down_finalize/one_shot_fp32/bf16 K0/eager/cold: p50=176.240us
T=32 R=128 down_finalize/one_shot_fp32/bf16 K0/cuda_graph/hot: p50=171.488us
T=32 R=128 down_finalize/one_shot_fp32/bf16 K0/cuda_graph/cold: p50=173.520us
T=256 R=16 gate_a/indexed/bf16 K0/eager/hot: p50=61.584us
T=256 R=16 gate_a/indexed/bf16 K0/eager/cold: p50=37.888us
T=256 R=16 gate_a/indexed/bf16 K0/cuda_graph/hot: p50=32.224us
T=256 R=16 gate_a/indexed/bf16 K0/cuda_graph/cold: p50=37.152us
T=256 R=16 gate_a/aligned/bf16 K0/eager/hot: p50=57.504us
T=256 R=16 gate_a/aligned/bf16 K0/eager/cold: p50=18.400us
T=256 R=16 gate_a/aligned/bf16 K0/cuda_graph/hot: p50=13.024us
T=256 R=16 gate_a/aligned/bf16 K0/cuda_graph/cold: p50=17.184us
T=256 R=16 gate_a/segmented/bf16 K0/eager/hot: p50=55.872us
T=256 R=16 gate_a/segmented/bf16 K0/eager/cold: p50=23.552us
T=256 R=16 gate_a/segmented/bf16 K0/cuda_graph/hot: p50=17.840us
T=256 R=16 gate_a/segmented/bf16 K0/cuda_graph/cold: p50=23.344us
T=256 R=16 gate_a/bmm/bf16 K0/eager/hot: p50=169.408us
T=256 R=16 gate_a/bmm/bf16 K0/eager/cold: p50=94.928us
T=256 R=16 gate_a/bmm/bf16 K0/cuda_graph/hot: p50=24.000us
T=256 R=16 gate_a/bmm/bf16 K0/cuda_graph/cold: p50=27.392us
T=256 R=16 gate_consumer/indexed/bf16 K0/eager/hot: p50=77.760us
T=256 R=16 gate_consumer/indexed/bf16 K0/eager/cold: p50=31.760us
T=256 R=16 gate_consumer/indexed/bf16 K0/cuda_graph/hot: p50=30.176us
T=256 R=16 gate_consumer/indexed/bf16 K0/cuda_graph/cold: p50=31.552us
T=256 R=16 gate_consumer/aligned/bf16 K0/eager/hot: p50=81.872us
T=256 R=16 gate_consumer/aligned/bf16 K0/eager/cold: p50=21.920us
T=256 R=16 gate_consumer/aligned/bf16 K0/cuda_graph/hot: p50=17.808us
T=256 R=16 gate_consumer/aligned/bf16 K0/cuda_graph/cold: p50=21.264us
T=256 R=16 gate_consumer/segmented/bf16 K0/eager/hot: p50=57.952us
T=256 R=16 gate_consumer/segmented/bf16 K0/eager/cold: p50=22.208us
T=256 R=16 gate_consumer/segmented/bf16 K0/cuda_graph/hot: p50=19.888us
T=256 R=16 gate_consumer/segmented/bf16 K0/cuda_graph/cold: p50=23.264us
T=256 R=16 gate_consumer/bmm/bf16 K0/eager/hot: p50=406.032us
T=256 R=16 gate_consumer/bmm/bf16 K0/eager/cold: p50=337.184us
T=256 R=16 gate_consumer/bmm/bf16 K0/cuda_graph/hot: p50=54.784us
T=256 R=16 gate_consumer/bmm/bf16 K0/cuda_graph/cold: p50=64.224us
T=256 R=16 down_a/indexed/bf16 K0/eager/hot: p50=44.928us
T=256 R=16 down_a/indexed/bf16 K0/eager/cold: p50=17.408us
T=256 R=16 down_a/indexed/bf16 K0/cuda_graph/hot: p50=15.824us
T=256 R=16 down_a/indexed/bf16 K0/cuda_graph/cold: p50=17.232us
T=256 R=16 down_a/aligned/bf16 K0/eager/hot: p50=57.696us
T=256 R=16 down_a/aligned/bf16 K0/eager/cold: p50=12.704us
T=256 R=16 down_a/aligned/bf16 K0/cuda_graph/hot: p50=11.104us
T=256 R=16 down_a/aligned/bf16 K0/cuda_graph/cold: p50=10.976us
T=256 R=16 down_a/segmented/bf16 K0/eager/hot: p50=56.432us
T=256 R=16 down_a/segmented/bf16 K0/eager/cold: p50=13.728us
T=256 R=16 down_a/segmented/bf16 K0/cuda_graph/hot: p50=10.224us
T=256 R=16 down_a/segmented/bf16 K0/cuda_graph/cold: p50=13.040us
T=256 R=16 down_a/bmm/bf16 K0/eager/hot: p50=143.792us
T=256 R=16 down_a/bmm/bf16 K0/eager/cold: p50=78.928us
T=256 R=16 down_a/bmm/bf16 K0/cuda_graph/hot: p50=15.824us
T=256 R=16 down_a/bmm/bf16 K0/cuda_graph/cold: p50=19.280us
T=256 R=16 down_finalize/indexed/bf16 K0/eager/hot: p50=44.480us
T=256 R=16 down_finalize/indexed/bf16 K0/eager/cold: p50=31.728us
T=256 R=16 down_finalize/indexed/bf16 K0/cuda_graph/hot: p50=30.176us
T=256 R=16 down_finalize/indexed/bf16 K0/cuda_graph/cold: p50=31.568us
T=256 R=16 down_finalize/aligned/bf16 K0/eager/hot: p50=76.480us
T=256 R=16 down_finalize/aligned/bf16 K0/eager/cold: p50=23.968us
T=256 R=16 down_finalize/aligned/bf16 K0/cuda_graph/hot: p50=17.840us
T=256 R=16 down_finalize/aligned/bf16 K0/cuda_graph/cold: p50=21.248us
T=256 R=16 down_finalize/segmented/bf16 K0/eager/hot: p50=79.104us
T=256 R=16 down_finalize/segmented/bf16 K0/eager/cold: p50=52.656us
T=256 R=16 down_finalize/segmented/bf16 K0/cuda_graph/hot: p50=46.592us
T=256 R=16 down_finalize/segmented/bf16 K0/cuda_graph/cold: p50=48.240us
T=256 R=16 down_finalize/bmm/bf16 K0/eager/hot: p50=178.064us
T=256 R=16 down_finalize/bmm/bf16 K0/eager/cold: p50=118.480us
T=256 R=16 down_finalize/bmm/bf16 K0/cuda_graph/hot: p50=32.208us
T=256 R=16 down_finalize/bmm/bf16 K0/cuda_graph/cold: p50=35.600us
T=256 R=16 down_finalize/one_shot_bf16/bf16 K0/eager/hot: p50=345.152us
T=256 R=16 down_finalize/one_shot_bf16/bf16 K0/eager/cold: p50=349.312us
T=256 R=16 down_finalize/one_shot_bf16/bf16 K0/cuda_graph/hot: p50=341.472us
T=256 R=16 down_finalize/one_shot_bf16/bf16 K0/cuda_graph/cold: p50=344.832us
T=256 R=16 down_finalize/one_shot_fp32/bf16 K0/eager/hot: p50=335.104us
T=256 R=16 down_finalize/one_shot_fp32/bf16 K0/eager/cold: p50=339.968us
T=256 R=16 down_finalize/one_shot_fp32/bf16 K0/cuda_graph/hot: p50=331.280us
T=256 R=16 down_finalize/one_shot_fp32/bf16 K0/cuda_graph/cold: p50=336.640us
T=256 R=32 gate_a/indexed/bf16 K0/eager/hot: p50=54.832us
T=256 R=32 gate_a/indexed/bf16 K0/eager/cold: p50=57.696us
T=256 R=32 gate_a/indexed/bf16 K0/cuda_graph/hot: p50=54.752us
T=256 R=32 gate_a/indexed/bf16 K0/cuda_graph/cold: p50=57.328us
T=256 R=32 gate_a/aligned/bf16 K0/eager/hot: p50=56.800us
T=256 R=32 gate_a/aligned/bf16 K0/eager/cold: p50=18.512us
T=256 R=32 gate_a/aligned/bf16 K0/cuda_graph/hot: p50=14.832us
T=256 R=32 gate_a/aligned/bf16 K0/cuda_graph/cold: p50=19.200us
T=256 R=32 gate_a/segmented/bf16 K0/eager/hot: p50=55.264us
T=256 R=32 gate_a/segmented/bf16 K0/eager/cold: p50=25.600us
T=256 R=32 gate_a/segmented/bf16 K0/cuda_graph/hot: p50=17.856us
T=256 R=32 gate_a/segmented/bf16 K0/cuda_graph/cold: p50=25.360us
T=256 R=32 gate_a/bmm/bf16 K0/eager/hot: p50=164.880us
T=256 R=32 gate_a/bmm/bf16 K0/eager/cold: p50=94.080us
T=256 R=32 gate_a/bmm/bf16 K0/cuda_graph/hot: p50=21.984us
T=256 R=32 gate_a/bmm/bf16 K0/cuda_graph/cold: p50=27.408us
T=256 R=32 gate_consumer/indexed/bf16 K0/eager/hot: p50=80.096us
T=256 R=32 gate_consumer/indexed/bf16 K0/eager/cold: p50=40.048us
T=256 R=32 gate_consumer/indexed/bf16 K0/cuda_graph/hot: p50=38.368us
T=256 R=32 gate_consumer/indexed/bf16 K0/cuda_graph/cold: p50=41.200us
T=256 R=32 gate_consumer/aligned/bf16 K0/eager/hot: p50=78.240us
T=256 R=32 gate_consumer/aligned/bf16 K0/eager/cold: p50=16.800us
T=256 R=32 gate_consumer/aligned/bf16 K0/cuda_graph/hot: p50=13.264us
T=256 R=32 gate_consumer/aligned/bf16 K0/cuda_graph/cold: p50=15.136us
T=256 R=32 gate_consumer/segmented/bf16 K0/eager/hot: p50=55.376us
T=256 R=32 gate_consumer/segmented/bf16 K0/eager/cold: p50=19.456us
T=256 R=32 gate_consumer/segmented/bf16 K0/cuda_graph/hot: p50=16.160us
T=256 R=32 gate_consumer/segmented/bf16 K0/cuda_graph/cold: p50=19.232us
T=256 R=32 gate_consumer/bmm/bf16 K0/eager/hot: p50=408.320us
T=256 R=32 gate_consumer/bmm/bf16 K0/eager/cold: p50=340.640us
T=256 R=32 gate_consumer/bmm/bf16 K0/cuda_graph/hot: p50=56.800us
T=256 R=32 gate_consumer/bmm/bf16 K0/cuda_graph/cold: p50=64.256us
T=256 R=32 down_a/indexed/bf16 K0/eager/hot: p50=45.728us
T=256 R=32 down_a/indexed/bf16 K0/eager/cold: p50=18.432us
T=256 R=32 down_a/indexed/bf16 K0/cuda_graph/hot: p50=15.840us
T=256 R=32 down_a/indexed/bf16 K0/cuda_graph/cold: p50=18.096us
T=256 R=32 down_a/aligned/bf16 K0/eager/hot: p50=56.864us
T=256 R=32 down_a/aligned/bf16 K0/eager/cold: p50=13.520us
T=256 R=32 down_a/aligned/bf16 K0/cuda_graph/hot: p50=10.912us
T=256 R=32 down_a/aligned/bf16 K0/cuda_graph/cold: p50=13.040us
T=256 R=32 down_a/segmented/bf16 K0/eager/hot: p50=54.496us
T=256 R=32 down_a/segmented/bf16 K0/eager/cold: p50=14.288us
T=256 R=32 down_a/segmented/bf16 K0/cuda_graph/hot: p50=10.544us
T=256 R=32 down_a/segmented/bf16 K0/cuda_graph/cold: p50=13.072us
T=256 R=32 down_a/bmm/bf16 K0/eager/hot: p50=148.368us
T=256 R=32 down_a/bmm/bf16 K0/eager/cold: p50=75.872us
T=256 R=32 down_a/bmm/bf16 K0/cuda_graph/hot: p50=15.872us
T=256 R=32 down_a/bmm/bf16 K0/cuda_graph/cold: p50=21.280us
T=256 R=32 down_finalize/indexed/bf16 K0/eager/hot: p50=41.376us
T=256 R=32 down_finalize/indexed/bf16 K0/eager/cold: p50=41.968us
T=256 R=32 down_finalize/indexed/bf16 K0/cuda_graph/hot: p50=40.416us
T=256 R=32 down_finalize/indexed/bf16 K0/cuda_graph/cold: p50=43.776us
T=256 R=32 down_finalize/aligned/bf16 K0/eager/hot: p50=77.104us
T=256 R=32 down_finalize/aligned/bf16 K0/eager/cold: p50=26.624us
T=256 R=32 down_finalize/aligned/bf16 K0/cuda_graph/hot: p50=17.840us
T=256 R=32 down_finalize/aligned/bf16 K0/cuda_graph/cold: p50=21.504us
T=256 R=32 down_finalize/segmented/bf16 K0/eager/hot: p50=77.568us
T=256 R=32 down_finalize/segmented/bf16 K0/eager/cold: p50=52.336us
T=256 R=32 down_finalize/segmented/bf16 K0/cuda_graph/hot: p50=46.560us
T=256 R=32 down_finalize/segmented/bf16 K0/cuda_graph/cold: p50=48.656us
T=256 R=32 down_finalize/bmm/bf16 K0/eager/hot: p50=178.912us
T=256 R=32 down_finalize/bmm/bf16 K0/eager/cold: p50=108.608us
T=256 R=32 down_finalize/bmm/bf16 K0/cuda_graph/hot: p50=32.240us
T=256 R=32 down_finalize/bmm/bf16 K0/cuda_graph/cold: p50=37.648us
T=256 R=32 down_finalize/one_shot_bf16/bf16 K0/eager/hot: p50=472.192us
T=256 R=32 down_finalize/one_shot_bf16/bf16 K0/eager/cold: p50=476.112us
T=256 R=32 down_finalize/one_shot_bf16/bf16 K0/cuda_graph/hot: p50=468.464us
T=256 R=32 down_finalize/one_shot_bf16/bf16 K0/cuda_graph/cold: p50=471.968us
T=256 R=32 down_finalize/one_shot_fp32/bf16 K0/eager/hot: p50=465.712us
T=256 R=32 down_finalize/one_shot_fp32/bf16 K0/eager/cold: p50=468.992us
T=256 R=32 down_finalize/one_shot_fp32/bf16 K0/cuda_graph/hot: p50=462.304us
T=256 R=32 down_finalize/one_shot_fp32/bf16 K0/cuda_graph/cold: p50=464.528us
T=256 R=64 gate_a/indexed/bf16 K0/eager/hot: p50=99.616us
T=256 R=64 gate_a/indexed/bf16 K0/eager/cold: p50=102.400us
T=256 R=64 gate_a/indexed/bf16 K0/cuda_graph/hot: p50=97.776us
T=256 R=64 gate_a/indexed/bf16 K0/cuda_graph/cold: p50=101.168us
T=256 R=64 gate_a/aligned/bf16 K0/eager/hot: p50=50.208us
T=256 R=64 gate_a/aligned/bf16 K0/eager/cold: p50=20.480us
T=256 R=64 gate_a/aligned/bf16 K0/cuda_graph/hot: p50=17.840us
T=256 R=64 gate_a/aligned/bf16 K0/cuda_graph/cold: p50=19.216us
T=256 R=64 gate_a/segmented/bf16 K0/eager/hot: p50=52.656us
T=256 R=64 gate_a/segmented/bf16 K0/eager/cold: p50=26.624us
T=256 R=64 gate_a/segmented/bf16 K0/cuda_graph/hot: p50=21.984us
T=256 R=64 gate_a/segmented/bf16 K0/cuda_graph/cold: p50=25.360us
T=256 R=64 gate_a/bmm/bf16 K0/eager/hot: p50=158.000us
T=256 R=64 gate_a/bmm/bf16 K0/eager/cold: p50=81.312us
T=256 R=64 gate_a/bmm/bf16 K0/cuda_graph/hot: p50=24.048us
T=256 R=64 gate_a/bmm/bf16 K0/cuda_graph/cold: p50=31.568us
T=256 R=64 gate_consumer/indexed/bf16 K0/eager/hot: p50=74.176us
T=256 R=64 gate_consumer/indexed/bf16 K0/eager/cold: p50=61.440us
T=256 R=64 gate_consumer/indexed/bf16 K0/cuda_graph/hot: p50=56.832us
T=256 R=64 gate_consumer/indexed/bf16 K0/cuda_graph/cold: p50=60.208us
T=256 R=64 gate_consumer/aligned/bf16 K0/eager/hot: p50=73.344us
T=256 R=64 gate_consumer/aligned/bf16 K0/eager/cold: p50=18.464us
T=256 R=64 gate_consumer/aligned/bf16 K0/cuda_graph/hot: p50=13.792us
T=256 R=64 gate_consumer/aligned/bf16 K0/cuda_graph/cold: p50=17.216us
T=256 R=64 gate_consumer/segmented/bf16 K0/eager/hot: p50=56.912us
T=256 R=64 gate_consumer/segmented/bf16 K0/eager/cold: p50=20.704us
T=256 R=64 gate_consumer/segmented/bf16 K0/cuda_graph/hot: p50=17.920us
T=256 R=64 gate_consumer/segmented/bf16 K0/cuda_graph/cold: p50=19.712us
T=256 R=64 gate_consumer/bmm/bf16 K0/eager/hot: p50=408.096us
T=256 R=64 gate_consumer/bmm/bf16 K0/eager/cold: p50=339.792us
T=256 R=64 gate_consumer/bmm/bf16 K0/cuda_graph/hot: p50=56.800us
T=256 R=64 gate_consumer/bmm/bf16 K0/cuda_graph/cold: p50=65.024us
T=256 R=64 down_a/indexed/bf16 K0/eager/hot: p50=50.608us
T=256 R=64 down_a/indexed/bf16 K0/eager/cold: p50=24.416us
T=256 R=64 down_a/indexed/bf16 K0/cuda_graph/hot: p50=22.000us
T=256 R=64 down_a/indexed/bf16 K0/cuda_graph/cold: p50=23.312us
T=256 R=64 down_a/aligned/bf16 K0/eager/hot: p50=53.088us
T=256 R=64 down_a/aligned/bf16 K0/eager/cold: p50=13.312us
T=256 R=64 down_a/aligned/bf16 K0/cuda_graph/hot: p50=10.512us
T=256 R=64 down_a/aligned/bf16 K0/cuda_graph/cold: p50=12.448us
T=256 R=64 down_a/segmented/bf16 K0/eager/hot: p50=50.976us
T=256 R=64 down_a/segmented/bf16 K0/eager/cold: p50=13.280us
T=256 R=64 down_a/segmented/bf16 K0/cuda_graph/hot: p50=10.736us
T=256 R=64 down_a/segmented/bf16 K0/cuda_graph/cold: p50=13.040us
T=256 R=64 down_a/bmm/bf16 K0/eager/hot: p50=138.144us
T=256 R=64 down_a/bmm/bf16 K0/eager/cold: p50=73.504us
T=256 R=64 down_a/bmm/bf16 K0/cuda_graph/hot: p50=17.856us
T=256 R=64 down_a/bmm/bf16 K0/cuda_graph/cold: p50=21.232us
T=256 R=64 down_finalize/indexed/bf16 K0/eager/hot: p50=62.736us
T=256 R=64 down_finalize/indexed/bf16 K0/eager/cold: p50=67.952us
T=256 R=64 down_finalize/indexed/bf16 K0/cuda_graph/hot: p50=62.944us
T=256 R=64 down_finalize/indexed/bf16 K0/cuda_graph/cold: p50=68.352us
T=256 R=64 down_finalize/aligned/bf16 K0/eager/hot: p50=73.072us
T=256 R=64 down_finalize/aligned/bf16 K0/eager/cold: p50=27.776us
T=256 R=64 down_finalize/aligned/bf16 K0/cuda_graph/hot: p50=19.952us
T=256 R=64 down_finalize/aligned/bf16 K0/cuda_graph/cold: p50=23.328us
T=256 R=64 down_finalize/segmented/bf16 K0/eager/hot: p50=78.304us
T=256 R=64 down_finalize/segmented/bf16 K0/eager/cold: p50=52.272us
T=256 R=64 down_finalize/segmented/bf16 K0/cuda_graph/hot: p50=46.544us
T=256 R=64 down_finalize/segmented/bf16 K0/cuda_graph/cold: p50=48.144us
T=256 R=64 down_finalize/bmm/bf16 K0/eager/hot: p50=171.600us
T=256 R=64 down_finalize/bmm/bf16 K0/eager/cold: p50=108.464us
T=256 R=64 down_finalize/bmm/bf16 K0/cuda_graph/hot: p50=32.224us
T=256 R=64 down_finalize/bmm/bf16 K0/cuda_graph/cold: p50=37.600us
T=256 R=64 down_finalize/one_shot_bf16/bf16 K0/eager/hot: p50=738.320us
T=256 R=64 down_finalize/one_shot_bf16/bf16 K0/eager/cold: p50=745.264us
T=256 R=64 down_finalize/one_shot_bf16/bf16 K0/cuda_graph/hot: p50=734.704us
T=256 R=64 down_finalize/one_shot_bf16/bf16 K0/cuda_graph/cold: p50=742.896us
T=256 R=64 down_finalize/one_shot_fp32/bf16 K0/eager/hot: p50=730.032us
T=256 R=64 down_finalize/one_shot_fp32/bf16 K0/eager/cold: p50=738.080us
T=256 R=64 down_finalize/one_shot_fp32/bf16 K0/cuda_graph/hot: p50=728.544us
T=256 R=64 down_finalize/one_shot_fp32/bf16 K0/cuda_graph/cold: p50=735.824us
T=256 R=128 gate_a/indexed/bf16 K0/eager/hot: p50=185.680us
T=256 R=128 gate_a/indexed/bf16 K0/eager/cold: p50=188.912us
T=256 R=128 gate_a/indexed/bf16 K0/cuda_graph/hot: p50=183.792us
T=256 R=128 gate_a/indexed/bf16 K0/cuda_graph/cold: p50=187.808us
T=256 R=128 gate_a/aligned/bf16 K0/eager/hot: p50=54.720us
T=256 R=128 gate_a/aligned/bf16 K0/eager/cold: p50=24.368us
T=256 R=128 gate_a/aligned/bf16 K0/cuda_graph/hot: p50=22.016us
T=256 R=128 gate_a/aligned/bf16 K0/cuda_graph/cold: p50=23.312us
T=256 R=128 gate_a/segmented/bf16 K0/eager/hot: p50=54.432us
T=256 R=128 gate_a/segmented/bf16 K0/eager/cold: p50=31.744us
T=256 R=128 gate_a/segmented/bf16 K0/cuda_graph/hot: p50=30.928us
T=256 R=128 gate_a/segmented/bf16 K0/cuda_graph/cold: p50=30.320us
T=256 R=128 gate_a/bmm/bf16 K0/eager/hot: p50=147.920us
T=256 R=128 gate_a/bmm/bf16 K0/eager/cold: p50=81.296us
T=256 R=128 gate_a/bmm/bf16 K0/cuda_graph/hot: p50=28.128us
T=256 R=128 gate_a/bmm/bf16 K0/cuda_graph/cold: p50=38.016us
T=256 R=128 gate_consumer/indexed/bf16 K0/eager/hot: p50=107.872us
T=256 R=128 gate_consumer/indexed/bf16 K0/eager/cold: p50=112.640us
T=256 R=128 gate_consumer/indexed/bf16 K0/cuda_graph/hot: p50=105.952us
T=256 R=128 gate_consumer/indexed/bf16 K0/cuda_graph/cold: p50=112.208us
T=256 R=128 gate_consumer/aligned/bf16 K0/eager/hot: p50=73.904us
T=256 R=128 gate_consumer/aligned/bf16 K0/eager/cold: p50=26.624us
T=256 R=128 gate_consumer/aligned/bf16 K0/cuda_graph/hot: p50=19.648us
T=256 R=128 gate_consumer/aligned/bf16 K0/cuda_graph/cold: p50=25.440us
T=256 R=128 gate_consumer/segmented/bf16 K0/eager/hot: p50=58.848us
T=256 R=128 gate_consumer/segmented/bf16 K0/eager/cold: p50=28.464us
T=256 R=128 gate_consumer/segmented/bf16 K0/cuda_graph/hot: p50=22.720us
T=256 R=128 gate_consumer/segmented/bf16 K0/cuda_graph/cold: p50=27.392us
T=256 R=128 gate_consumer/bmm/bf16 K0/eager/hot: p50=401.200us
T=256 R=128 gate_consumer/bmm/bf16 K0/eager/cold: p50=328.032us
T=256 R=128 gate_consumer/bmm/bf16 K0/cuda_graph/hot: p50=56.832us
T=256 R=128 gate_consumer/bmm/bf16 K0/cuda_graph/cold: p50=66.304us
T=256 R=128 down_a/indexed/bf16 K0/eager/hot: p50=50.608us
T=256 R=128 down_a/indexed/bf16 K0/eager/cold: p50=36.944us
T=256 R=128 down_a/indexed/bf16 K0/cuda_graph/hot: p50=34.288us
T=256 R=128 down_a/indexed/bf16 K0/cuda_graph/cold: p50=36.352us
T=256 R=128 down_a/aligned/bf16 K0/eager/hot: p50=48.720us
T=256 R=128 down_a/aligned/bf16 K0/eager/cold: p50=14.288us
T=256 R=128 down_a/aligned/bf16 K0/cuda_graph/hot: p50=12.032us
T=256 R=128 down_a/aligned/bf16 K0/cuda_graph/cold: p50=13.072us
T=256 R=128 down_a/segmented/bf16 K0/eager/hot: p50=47.920us
T=256 R=128 down_a/segmented/bf16 K0/eager/cold: p50=16.384us
T=256 R=128 down_a/segmented/bf16 K0/cuda_graph/hot: p50=12.720us
T=256 R=128 down_a/segmented/bf16 K0/cuda_graph/cold: p50=15.120us
T=256 R=128 down_a/bmm/bf16 K0/eager/hot: p50=128.848us
T=256 R=128 down_a/bmm/bf16 K0/eager/cold: p50=64.848us
T=256 R=128 down_a/bmm/bf16 K0/cuda_graph/hot: p50=17.872us
T=256 R=128 down_a/bmm/bf16 K0/cuda_graph/cold: p50=19.440us
T=256 R=128 down_finalize/indexed/bf16 K0/eager/hot: p50=143.824us
T=256 R=128 down_finalize/indexed/bf16 K0/eager/cold: p50=174.800us
T=256 R=128 down_finalize/indexed/bf16 K0/cuda_graph/hot: p50=144.896us
T=256 R=128 down_finalize/indexed/bf16 K0/cuda_graph/cold: p50=174.864us
T=256 R=128 down_finalize/aligned/bf16 K0/eager/hot: p50=71.280us
T=256 R=128 down_finalize/aligned/bf16 K0/eager/cold: p50=34.800us
T=256 R=128 down_finalize/aligned/bf16 K0/cuda_graph/hot: p50=24.032us
T=256 R=128 down_finalize/aligned/bf16 K0/cuda_graph/cold: p50=31.536us
T=256 R=128 down_finalize/segmented/bf16 K0/eager/hot: p50=74.992us
T=256 R=128 down_finalize/segmented/bf16 K0/eager/cold: p50=52.912us
T=256 R=128 down_finalize/segmented/bf16 K0/cuda_graph/hot: p50=46.560us
T=256 R=128 down_finalize/segmented/bf16 K0/cuda_graph/cold: p50=49.920us
T=256 R=128 down_finalize/bmm/bf16 K0/eager/hot: p50=180.656us
T=256 R=128 down_finalize/bmm/bf16 K0/eager/cold: p50=111.152us
T=256 R=128 down_finalize/bmm/bf16 K0/cuda_graph/hot: p50=34.272us
T=256 R=128 down_finalize/bmm/bf16 K0/cuda_graph/cold: p50=41.744us
T=256 R=128 down_finalize/one_shot_bf16/bf16 K0/eager/hot: p50=1268.528us
T=256 R=128 down_finalize/one_shot_bf16/bf16 K0/eager/cold: p50=1273.808us
T=256 R=128 down_finalize/one_shot_bf16/bf16 K0/cuda_graph/hot: p50=1266.160us
T=256 R=128 down_finalize/one_shot_bf16/bf16 K0/cuda_graph/cold: p50=1271.552us
T=256 R=128 down_finalize/one_shot_fp32/bf16 K0/eager/hot: p50=1279.440us
T=256 R=128 down_finalize/one_shot_fp32/bf16 K0/eager/cold: p50=1286.144us
T=256 R=128 down_finalize/one_shot_fp32/bf16 K0/cuda_graph/hot: p50=1278.464us
T=256 R=128 down_finalize/one_shot_fp32/bf16 K0/cuda_graph/cold: p50=1282.880us
T=2048 R=16 gate_a/indexed/bf16 K0/eager/hot: p50=184.816us
T=2048 R=16 gate_a/indexed/bf16 K0/eager/cold: p50=192.640us
T=2048 R=16 gate_a/indexed/bf16 K0/cuda_graph/hot: p50=183.776us
T=2048 R=16 gate_a/indexed/bf16 K0/cuda_graph/cold: p50=191.232us
T=2048 R=16 gate_a/aligned/bf16 K0/eager/hot: p50=53.312us
T=2048 R=16 gate_a/aligned/bf16 K0/eager/cold: p50=30.720us
T=2048 R=16 gate_a/aligned/bf16 K0/cuda_graph/hot: p50=28.128us
T=2048 R=16 gate_a/aligned/bf16 K0/cuda_graph/cold: p50=29.472us
T=2048 R=16 gate_a/segmented/bf16 K0/eager/hot: p50=54.208us
T=2048 R=16 gate_a/segmented/bf16 K0/eager/cold: p50=40.560us
T=2048 R=16 gate_a/segmented/bf16 K0/cuda_graph/hot: p50=38.368us
T=2048 R=16 gate_a/segmented/bf16 K0/cuda_graph/cold: p50=39.776us
T=2048 R=16 gate_a/bmm/bf16 K0/eager/hot: p50=147.136us
T=2048 R=16 gate_a/bmm/bf16 K0/eager/cold: p50=79.152us
T=2048 R=16 gate_a/bmm/bf16 K0/cuda_graph/hot: p50=40.448us
T=2048 R=16 gate_a/bmm/bf16 K0/cuda_graph/cold: p50=41.760us
T=2048 R=16 gate_consumer/indexed/bf16 K0/eager/hot: p50=177.312us
T=2048 R=16 gate_consumer/indexed/bf16 K0/eager/cold: p50=178.176us
T=2048 R=16 gate_consumer/indexed/bf16 K0/cuda_graph/hot: p50=175.584us
T=2048 R=16 gate_consumer/indexed/bf16 K0/cuda_graph/cold: p50=176.896us
T=2048 R=16 gate_consumer/aligned/bf16 K0/eager/hot: p50=78.016us
T=2048 R=16 gate_consumer/aligned/bf16 K0/eager/cold: p50=67.584us
T=2048 R=16 gate_consumer/aligned/bf16 K0/cuda_graph/hot: p50=53.280us
T=2048 R=16 gate_consumer/aligned/bf16 K0/cuda_graph/cold: p50=66.368us
T=2048 R=16 gate_consumer/segmented/bf16 K0/eager/hot: p50=107.904us
T=2048 R=16 gate_consumer/segmented/bf16 K0/eager/cold: p50=116.736us
T=2048 R=16 gate_consumer/segmented/bf16 K0/cuda_graph/hot: p50=108.032us
T=2048 R=16 gate_consumer/segmented/bf16 K0/cuda_graph/cold: p50=115.856us
T=2048 R=16 gate_consumer/bmm/bf16 K0/eager/hot: p50=378.336us
T=2048 R=16 gate_consumer/bmm/bf16 K0/eager/cold: p50=312.832us
T=2048 R=16 gate_consumer/bmm/bf16 K0/cuda_graph/hot: p50=215.040us
T=2048 R=16 gate_consumer/bmm/bf16 K0/cuda_graph/cold: p50=216.256us
T=2048 R=16 down_a/indexed/bf16 K0/eager/hot: p50=60.864us
T=2048 R=16 down_a/indexed/bf16 K0/eager/cold: p50=63.680us
T=2048 R=16 down_a/indexed/bf16 K0/cuda_graph/hot: p50=58.864us
T=2048 R=16 down_a/indexed/bf16 K0/cuda_graph/cold: p50=62.992us
T=2048 R=16 down_a/aligned/bf16 K0/eager/hot: p50=47.824us
T=2048 R=16 down_a/aligned/bf16 K0/eager/cold: p50=16.368us
T=2048 R=16 down_a/aligned/bf16 K0/cuda_graph/hot: p50=13.664us
T=2048 R=16 down_a/aligned/bf16 K0/cuda_graph/cold: p50=15.152us
T=2048 R=16 down_a/segmented/bf16 K0/eager/hot: p50=49.488us
T=2048 R=16 down_a/segmented/bf16 K0/eager/cold: p50=20.128us
T=2048 R=16 down_a/segmented/bf16 K0/cuda_graph/hot: p50=17.904us
T=2048 R=16 down_a/segmented/bf16 K0/cuda_graph/cold: p50=19.216us
T=2048 R=16 down_a/bmm/bf16 K0/eager/hot: p50=131.088us
T=2048 R=16 down_a/bmm/bf16 K0/eager/cold: p50=59.728us
T=2048 R=16 down_a/bmm/bf16 K0/cuda_graph/hot: p50=24.064us
T=2048 R=16 down_a/bmm/bf16 K0/cuda_graph/cold: p50=27.408us
T=2048 R=16 down_finalize/indexed/bf16 K0/eager/hot: p50=189.952us
T=2048 R=16 down_finalize/indexed/bf16 K0/eager/cold: p50=193.216us
T=2048 R=16 down_finalize/indexed/bf16 K0/cuda_graph/hot: p50=189.952us
T=2048 R=16 down_finalize/indexed/bf16 K0/cuda_graph/cold: p50=193.312us
T=2048 R=16 down_finalize/aligned/bf16 K0/eager/hot: p50=87.232us
T=2048 R=16 down_finalize/aligned/bf16 K0/eager/cold: p50=88.432us
T=2048 R=16 down_finalize/aligned/bf16 K0/cuda_graph/hot: p50=84.976us
T=2048 R=16 down_finalize/aligned/bf16 K0/cuda_graph/cold: p50=84.752us
T=2048 R=16 down_finalize/segmented/bf16 K0/eager/hot: p50=343.152us
T=2048 R=16 down_finalize/segmented/bf16 K0/eager/cold: p50=344.064us
T=2048 R=16 down_finalize/segmented/bf16 K0/cuda_graph/hot: p50=340.640us
T=2048 R=16 down_finalize/segmented/bf16 K0/cuda_graph/cold: p50=340.736us
T=2048 R=16 down_finalize/bmm/bf16 K0/eager/hot: p50=182.832us
T=2048 R=16 down_finalize/bmm/bf16 K0/eager/cold: p50=183.552us
T=2048 R=16 down_finalize/bmm/bf16 K0/cuda_graph/hot: p50=175.616us
T=2048 R=16 down_finalize/bmm/bf16 K0/cuda_graph/cold: p50=176.944us
T=2048 R=16 down_finalize/one_shot_bf16/bf16 K0/eager/hot: p50=2694.080us
T=2048 R=16 down_finalize/one_shot_bf16/bf16 K0/eager/cold: p50=2695.168us
T=2048 R=16 down_finalize/one_shot_bf16/bf16 K0/cuda_graph/hot: p50=2691.584us
T=2048 R=16 down_finalize/one_shot_bf16/bf16 K0/cuda_graph/cold: p50=2691.824us
T=2048 R=16 down_finalize/one_shot_fp32/bf16 K0/eager/hot: p50=2617.776us
T=2048 R=16 down_finalize/one_shot_fp32/bf16 K0/eager/cold: p50=2619.408us
T=2048 R=16 down_finalize/one_shot_fp32/bf16 K0/cuda_graph/hot: p50=2613.728us
T=2048 R=16 down_finalize/one_shot_fp32/bf16 K0/cuda_graph/cold: p50=2616.384us
T=2048 R=32 gate_a/indexed/bf16 K0/eager/hot: p50=360.736us
T=2048 R=32 gate_a/indexed/bf16 K0/eager/cold: p50=366.624us
T=2048 R=32 gate_a/indexed/bf16 K0/cuda_graph/hot: p50=357.856us
T=2048 R=32 gate_a/indexed/bf16 K0/cuda_graph/cold: p50=365.280us
T=2048 R=32 gate_a/aligned/bf16 K0/eager/hot: p50=54.736us
T=2048 R=32 gate_a/aligned/bf16 K0/eager/cold: p50=37.840us
T=2048 R=32 gate_a/aligned/bf16 K0/cuda_graph/hot: p50=35.408us
T=2048 R=32 gate_a/aligned/bf16 K0/cuda_graph/cold: p50=37.600us
T=2048 R=32 gate_a/segmented/bf16 K0/eager/hot: p50=53.664us
T=2048 R=32 gate_a/segmented/bf16 K0/eager/cold: p50=37.872us
T=2048 R=32 gate_a/segmented/bf16 K0/cuda_graph/hot: p50=34.272us
T=2048 R=32 gate_a/segmented/bf16 K0/cuda_graph/cold: p50=35.600us
T=2048 R=32 gate_a/bmm/bf16 K0/eager/hot: p50=153.888us
T=2048 R=32 gate_a/bmm/bf16 K0/eager/cold: p50=85.888us
T=2048 R=32 gate_a/bmm/bf16 K0/cuda_graph/hot: p50=44.992us
T=2048 R=32 gate_a/bmm/bf16 K0/cuda_graph/cold: p50=46.544us
T=2048 R=32 gate_consumer/indexed/bf16 K0/eager/hot: p50=241.616us
T=2048 R=32 gate_consumer/indexed/bf16 K0/eager/cold: p50=243.824us
T=2048 R=32 gate_consumer/indexed/bf16 K0/cuda_graph/hot: p50=241.120us
T=2048 R=32 gate_consumer/indexed/bf16 K0/cuda_graph/cold: p50=244.304us
T=2048 R=32 gate_consumer/aligned/bf16 K0/eager/hot: p50=77.520us
T=2048 R=32 gate_consumer/aligned/bf16 K0/eager/cold: p50=43.520us
T=2048 R=32 gate_consumer/aligned/bf16 K0/cuda_graph/hot: p50=33.840us
T=2048 R=32 gate_consumer/aligned/bf16 K0/cuda_graph/cold: p50=43.760us
T=2048 R=32 gate_consumer/segmented/bf16 K0/eager/hot: p50=81.328us
T=2048 R=32 gate_consumer/segmented/bf16 K0/eager/cold: p50=81.920us
T=2048 R=32 gate_consumer/segmented/bf16 K0/cuda_graph/hot: p50=81.376us
T=2048 R=32 gate_consumer/segmented/bf16 K0/cuda_graph/cold: p50=80.624us
T=2048 R=32 gate_consumer/bmm/bf16 K0/eager/hot: p50=384.784us
T=2048 R=32 gate_consumer/bmm/bf16 K0/eager/cold: p50=314.096us
T=2048 R=32 gate_consumer/bmm/bf16 K0/cuda_graph/hot: p50=216.544us
T=2048 R=32 gate_consumer/bmm/bf16 K0/cuda_graph/cold: p50=217.824us
T=2048 R=32 down_a/indexed/bf16 K0/eager/hot: p50=60.832us
T=2048 R=32 down_a/indexed/bf16 K0/eager/cold: p50=67.584us
T=2048 R=32 down_a/indexed/bf16 K0/cuda_graph/hot: p50=58.880us
T=2048 R=32 down_a/indexed/bf16 K0/cuda_graph/cold: p50=66.320us
T=2048 R=32 down_a/aligned/bf16 K0/eager/hot: p50=48.784us
T=2048 R=32 down_a/aligned/bf16 K0/eager/cold: p50=17.424us
T=2048 R=32 down_a/aligned/bf16 K0/cuda_graph/hot: p50=14.672us
T=2048 R=32 down_a/aligned/bf16 K0/cuda_graph/cold: p50=17.152us
T=2048 R=32 down_a/segmented/bf16 K0/eager/hot: p50=50.448us
T=2048 R=32 down_a/segmented/bf16 K0/eager/cold: p50=20.480us
T=2048 R=32 down_a/segmented/bf16 K0/cuda_graph/hot: p50=17.888us
T=2048 R=32 down_a/segmented/bf16 K0/cuda_graph/cold: p50=19.200us
T=2048 R=32 down_a/bmm/bf16 K0/eager/hot: p50=130.512us
T=2048 R=32 down_a/bmm/bf16 K0/eager/cold: p50=60.976us
T=2048 R=32 down_a/bmm/bf16 K0/cuda_graph/hot: p50=24.032us
T=2048 R=32 down_a/bmm/bf16 K0/cuda_graph/cold: p50=27.360us
T=2048 R=32 down_finalize/indexed/bf16 K0/eager/hot: p50=275.824us
T=2048 R=32 down_finalize/indexed/bf16 K0/eager/cold: p50=277.184us
T=2048 R=32 down_finalize/indexed/bf16 K0/cuda_graph/hot: p50=275.936us
T=2048 R=32 down_finalize/indexed/bf16 K0/cuda_graph/cold: p50=277.280us
T=2048 R=32 down_finalize/aligned/bf16 K0/eager/hot: p50=95.664us
T=2048 R=32 down_finalize/aligned/bf16 K0/eager/cold: p50=95.808us
T=2048 R=32 down_finalize/aligned/bf16 K0/cuda_graph/hot: p50=91.616us
T=2048 R=32 down_finalize/aligned/bf16 K0/cuda_graph/cold: p50=92.928us
T=2048 R=32 down_finalize/segmented/bf16 K0/eager/hot: p50=345.504us
T=2048 R=32 down_finalize/segmented/bf16 K0/eager/cold: p50=346.112us
T=2048 R=32 down_finalize/segmented/bf16 K0/cuda_graph/hot: p50=341.488us
T=2048 R=32 down_finalize/segmented/bf16 K0/cuda_graph/cold: p50=342.752us
T=2048 R=32 down_finalize/bmm/bf16 K0/eager/hot: p50=183.840us
T=2048 R=32 down_finalize/bmm/bf16 K0/eager/cold: p50=185.712us
T=2048 R=32 down_finalize/bmm/bf16 K0/cuda_graph/hot: p50=177.632us
T=2048 R=32 down_finalize/bmm/bf16 K0/cuda_graph/cold: p50=177.584us
T=2048 R=32 down_finalize/one_shot_bf16/bf16 K0/eager/hot: p50=3709.888us
T=2048 R=32 down_finalize/one_shot_bf16/bf16 K0/eager/cold: p50=3710.976us
T=2048 R=32 down_finalize/one_shot_bf16/bf16 K0/cuda_graph/hot: p50=3706.336us
T=2048 R=32 down_finalize/one_shot_bf16/bf16 K0/cuda_graph/cold: p50=3708.640us
T=2048 R=32 down_finalize/one_shot_fp32/bf16 K0/eager/hot: p50=3652.720us
T=2048 R=32 down_finalize/one_shot_fp32/bf16 K0/eager/cold: p50=3653.632us
T=2048 R=32 down_finalize/one_shot_fp32/bf16 K0/cuda_graph/hot: p50=3648.992us
T=2048 R=32 down_finalize/one_shot_fp32/bf16 K0/cuda_graph/cold: p50=3649.680us
T=2048 R=64 gate_a/indexed/bf16 K0/eager/hot: p50=708.208us
T=2048 R=64 gate_a/indexed/bf16 K0/eager/cold: p50=713.728us
T=2048 R=64 gate_a/indexed/bf16 K0/cuda_graph/hot: p50=706.016us
T=2048 R=64 gate_a/indexed/bf16 K0/cuda_graph/cold: p50=712.352us
T=2048 R=64 gate_a/aligned/bf16 K0/eager/hot: p50=56.608us
T=2048 R=64 gate_a/aligned/bf16 K0/eager/cold: p50=57.712us
T=2048 R=64 gate_a/aligned/bf16 K0/cuda_graph/hot: p50=54.784us
T=2048 R=64 gate_a/aligned/bf16 K0/cuda_graph/cold: p50=58.144us
T=2048 R=64 gate_a/segmented/bf16 K0/eager/hot: p50=62.880us
T=2048 R=64 gate_a/segmented/bf16 K0/eager/cold: p50=66.560us
T=2048 R=64 gate_a/segmented/bf16 K0/cuda_graph/hot: p50=60.896us
T=2048 R=64 gate_a/segmented/bf16 K0/cuda_graph/cold: p50=64.288us
T=2048 R=64 gate_a/bmm/bf16 K0/eager/hot: p50=142.080us
T=2048 R=64 gate_a/bmm/bf16 K0/eager/cold: p50=68.816us
T=2048 R=64 gate_a/bmm/bf16 K0/cuda_graph/hot: p50=52.736us
T=2048 R=64 gate_a/bmm/bf16 K0/cuda_graph/cold: p50=54.016us
T=2048 R=64 gate_consumer/indexed/bf16 K0/eager/hot: p50=390.912us
T=2048 R=64 gate_consumer/indexed/bf16 K0/eager/cold: p50=397.312us
T=2048 R=64 gate_consumer/indexed/bf16 K0/cuda_graph/hot: p50=388.608us
T=2048 R=64 gate_consumer/indexed/bf16 K0/cuda_graph/cold: p50=396.032us
T=2048 R=64 gate_consumer/aligned/bf16 K0/eager/hot: p50=75.728us
T=2048 R=64 gate_consumer/aligned/bf16 K0/eager/cold: p50=56.320us
T=2048 R=64 gate_consumer/aligned/bf16 K0/cuda_graph/hot: p50=44.896us
T=2048 R=64 gate_consumer/aligned/bf16 K0/cuda_graph/cold: p50=54.016us
T=2048 R=64 gate_consumer/segmented/bf16 K0/eager/hot: p50=91.616us
T=2048 R=64 gate_consumer/segmented/bf16 K0/eager/cold: p50=96.256us
T=2048 R=64 gate_consumer/segmented/bf16 K0/cuda_graph/hot: p50=89.600us
T=2048 R=64 gate_consumer/segmented/bf16 K0/cuda_graph/cold: p50=94.992us
T=2048 R=64 gate_consumer/bmm/bf16 K0/eager/hot: p50=370.768us
T=2048 R=64 gate_consumer/bmm/bf16 K0/eager/cold: p50=306.160us
T=2048 R=64 gate_consumer/bmm/bf16 K0/cuda_graph/hot: p50=218.768us
T=2048 R=64 gate_consumer/bmm/bf16 K0/cuda_graph/cold: p50=219.136us
T=2048 R=64 down_a/indexed/bf16 K0/eager/hot: p50=112.064us
T=2048 R=64 down_a/indexed/bf16 K0/eager/cold: p50=117.040us
T=2048 R=64 down_a/indexed/bf16 K0/cuda_graph/hot: p50=110.080us
T=2048 R=64 down_a/indexed/bf16 K0/cuda_graph/cold: p50=115.712us
T=2048 R=64 down_a/aligned/bf16 K0/eager/hot: p50=49.568us
T=2048 R=64 down_a/aligned/bf16 K0/eager/cold: p50=20.768us
T=2048 R=64 down_a/aligned/bf16 K0/cuda_graph/hot: p50=15.856us
T=2048 R=64 down_a/aligned/bf16 K0/cuda_graph/cold: p50=17.536us
T=2048 R=64 down_a/segmented/bf16 K0/eager/hot: p50=49.200us
T=2048 R=64 down_a/segmented/bf16 K0/eager/cold: p50=21.504us
T=2048 R=64 down_a/segmented/bf16 K0/cuda_graph/hot: p50=17.920us
T=2048 R=64 down_a/segmented/bf16 K0/cuda_graph/cold: p50=19.232us
T=2048 R=64 down_a/bmm/bf16 K0/eager/hot: p50=120.992us
T=2048 R=64 down_a/bmm/bf16 K0/eager/cold: p50=52.224us
T=2048 R=64 down_a/bmm/bf16 K0/cuda_graph/hot: p50=28.080us
T=2048 R=64 down_a/bmm/bf16 K0/cuda_graph/cold: p50=29.504us
T=2048 R=64 down_finalize/indexed/bf16 K0/eager/hot: p50=456.592us
T=2048 R=64 down_finalize/indexed/bf16 K0/eager/cold: p50=464.592us
T=2048 R=64 down_finalize/indexed/bf16 K0/cuda_graph/hot: p50=456.192us
T=2048 R=64 down_finalize/indexed/bf16 K0/cuda_graph/cold: p50=465.664us
T=2048 R=64 down_finalize/aligned/bf16 K0/eager/hot: p50=112.064us
T=2048 R=64 down_finalize/aligned/bf16 K0/eager/cold: p50=113.168us
T=2048 R=64 down_finalize/aligned/bf16 K0/cuda_graph/hot: p50=110.048us
T=2048 R=64 down_finalize/aligned/bf16 K0/cuda_graph/cold: p50=109.344us
T=2048 R=64 down_finalize/segmented/bf16 K0/eager/hot: p50=345.120us
T=2048 R=64 down_finalize/segmented/bf16 K0/eager/cold: p50=346.112us
T=2048 R=64 down_finalize/segmented/bf16 K0/cuda_graph/hot: p50=341.472us
T=2048 R=64 down_finalize/segmented/bf16 K0/cuda_graph/cold: p50=342.832us
T=2048 R=64 down_finalize/bmm/bf16 K0/eager/hot: p50=180.208us
T=2048 R=64 down_finalize/bmm/bf16 K0/eager/cold: p50=181.360us
T=2048 R=64 down_finalize/bmm/bf16 K0/cuda_graph/hot: p50=173.520us
T=2048 R=64 down_finalize/bmm/bf16 K0/cuda_graph/cold: p50=173.152us
T=2048 R=64 down_finalize/one_shot_bf16/bf16 K0/eager/hot: p50=5833.776us
T=2048 R=64 down_finalize/one_shot_bf16/bf16 K0/eager/cold: p50=5835.776us
T=2048 R=64 down_finalize/one_shot_bf16/bf16 K0/cuda_graph/hot: p50=5830.720us
T=2048 R=64 down_finalize/one_shot_bf16/bf16 K0/cuda_graph/cold: p50=5832.160us
T=2048 R=64 down_finalize/one_shot_fp32/bf16 K0/eager/hot: p50=5772.320us
T=2048 R=64 down_finalize/one_shot_fp32/bf16 K0/eager/cold: p50=5774.192us
T=2048 R=64 down_finalize/one_shot_fp32/bf16 K0/cuda_graph/hot: p50=5769.696us
T=2048 R=64 down_finalize/one_shot_fp32/bf16 K0/cuda_graph/cold: p50=5769.984us
T=2048 R=128 gate_a/indexed/bf16 K0/eager/hot: p50=1403.360us
T=2048 R=128 gate_a/indexed/bf16 K0/eager/cold: p50=1410.032us
T=2048 R=128 gate_a/indexed/bf16 K0/cuda_graph/hot: p50=1401.312us
T=2048 R=128 gate_a/indexed/bf16 K0/cuda_graph/cold: p50=1408.512us
T=2048 R=128 gate_a/aligned/bf16 K0/eager/hot: p50=99.232us
T=2048 R=128 gate_a/aligned/bf16 K0/eager/cold: p50=100.496us
T=2048 R=128 gate_a/aligned/bf16 K0/cuda_graph/hot: p50=95.792us
T=2048 R=128 gate_a/aligned/bf16 K0/cuda_graph/cold: p50=99.104us
T=2048 R=128 gate_a/segmented/bf16 K0/eager/hot: p50=101.744us
T=2048 R=128 gate_a/segmented/bf16 K0/eager/cold: p50=102.496us
T=2048 R=128 gate_a/segmented/bf16 K0/cuda_graph/hot: p50=99.808us
T=2048 R=128 gate_a/segmented/bf16 K0/cuda_graph/cold: p50=101.632us
T=2048 R=128 gate_a/bmm/bf16 K0/eager/hot: p50=144.416us
T=2048 R=128 gate_a/bmm/bf16 K0/eager/cold: p50=78.912us
T=2048 R=128 gate_a/bmm/bf16 K0/cuda_graph/hot: p50=71.152us
T=2048 R=128 gate_a/bmm/bf16 K0/cuda_graph/cold: p50=70.432us
T=2048 R=128 gate_consumer/indexed/bf16 K0/eager/hot: p50=784.976us
T=2048 R=128 gate_consumer/indexed/bf16 K0/eager/cold: p50=804.864us
T=2048 R=128 gate_consumer/indexed/bf16 K0/cuda_graph/hot: p50=781.824us
T=2048 R=128 gate_consumer/indexed/bf16 K0/cuda_graph/cold: p50=803.808us
T=2048 R=128 gate_consumer/aligned/bf16 K0/eager/hot: p50=85.216us
T=2048 R=128 gate_consumer/aligned/bf16 K0/eager/cold: p50=95.216us
T=2048 R=128 gate_consumer/aligned/bf16 K0/cuda_graph/hot: p50=81.408us
T=2048 R=128 gate_consumer/aligned/bf16 K0/cuda_graph/cold: p50=94.848us
T=2048 R=128 gate_consumer/segmented/bf16 K0/eager/hot: p50=132.256us
T=2048 R=128 gate_consumer/segmented/bf16 K0/eager/cold: p50=139.568us
T=2048 R=128 gate_consumer/segmented/bf16 K0/cuda_graph/hot: p50=128.544us
T=2048 R=128 gate_consumer/segmented/bf16 K0/cuda_graph/cold: p50=140.016us
T=2048 R=128 gate_consumer/bmm/bf16 K0/eager/hot: p50=373.552us
T=2048 R=128 gate_consumer/bmm/bf16 K0/eager/cold: p50=314.880us
T=2048 R=128 gate_consumer/bmm/bf16 K0/cuda_graph/hot: p50=224.768us
T=2048 R=128 gate_consumer/bmm/bf16 K0/cuda_graph/cold: p50=224.176us
T=2048 R=128 down_a/indexed/bf16 K0/eager/hot: p50=214.384us
T=2048 R=128 down_a/indexed/bf16 K0/eager/cold: p50=219.136us
T=2048 R=128 down_a/indexed/bf16 K0/cuda_graph/hot: p50=212.448us
T=2048 R=128 down_a/indexed/bf16 K0/cuda_graph/cold: p50=217.888us
T=2048 R=128 down_a/aligned/bf16 K0/eager/hot: p50=53.696us
T=2048 R=128 down_a/aligned/bf16 K0/eager/cold: p50=25.568us
T=2048 R=128 down_a/aligned/bf16 K0/cuda_graph/hot: p50=23.968us
T=2048 R=128 down_a/aligned/bf16 K0/cuda_graph/cold: p50=25.392us
T=2048 R=128 down_a/segmented/bf16 K0/eager/hot: p50=50.624us
T=2048 R=128 down_a/segmented/bf16 K0/eager/cold: p50=31.152us
T=2048 R=128 down_a/segmented/bf16 K0/cuda_graph/hot: p50=28.192us
T=2048 R=128 down_a/segmented/bf16 K0/cuda_graph/cold: p50=29.472us
T=2048 R=128 down_a/bmm/bf16 K0/eager/hot: p50=123.552us
T=2048 R=128 down_a/bmm/bf16 K0/eager/cold: p50=58.048us
T=2048 R=128 down_a/bmm/bf16 K0/cuda_graph/hot: p50=30.208us
T=2048 R=128 down_a/bmm/bf16 K0/cuda_graph/cold: p50=31.520us
T=2048 R=128 down_finalize/indexed/bf16 K0/eager/hot: p50=1274.256us
T=2048 R=128 down_finalize/indexed/bf16 K0/eager/cold: p50=1311.680us
T=2048 R=128 down_finalize/indexed/bf16 K0/cuda_graph/hot: p50=1274.304us
T=2048 R=128 down_finalize/indexed/bf16 K0/cuda_graph/cold: p50=1313.504us
T=2048 R=128 down_finalize/aligned/bf16 K0/eager/hot: p50=144.880us
T=2048 R=128 down_finalize/aligned/bf16 K0/eager/cold: p50=145.664us
T=2048 R=128 down_finalize/aligned/bf16 K0/cuda_graph/hot: p50=140.800us
T=2048 R=128 down_finalize/aligned/bf16 K0/cuda_graph/cold: p50=142.112us
T=2048 R=128 down_finalize/segmented/bf16 K0/eager/hot: p50=353.024us
T=2048 R=128 down_finalize/segmented/bf16 K0/eager/cold: p50=353.280us
T=2048 R=128 down_finalize/segmented/bf16 K0/cuda_graph/hot: p50=349.664us
T=2048 R=128 down_finalize/segmented/bf16 K0/cuda_graph/cold: p50=348.928us
T=2048 R=128 down_finalize/bmm/bf16 K0/eager/hot: p50=183.712us
T=2048 R=128 down_finalize/bmm/bf16 K0/eager/cold: p50=187.440us
T=2048 R=128 down_finalize/bmm/bf16 K0/cuda_graph/hot: p50=175.616us
T=2048 R=128 down_finalize/bmm/bf16 K0/cuda_graph/cold: p50=178.944us
T=2048 R=128 down_finalize/one_shot_bf16/bf16 K0/eager/hot: p50=10073.872us
T=2048 R=128 down_finalize/one_shot_bf16/bf16 K0/eager/cold: p50=10075.152us
T=2048 R=128 down_finalize/one_shot_bf16/bf16 K0/cuda_graph/hot: p50=10070.544us
T=2048 R=128 down_finalize/one_shot_bf16/bf16 K0/cuda_graph/cold: p50=10072.864us
T=2048 R=128 down_finalize/one_shot_fp32/bf16 K0/eager/hot: p50=10172.368us
T=2048 R=128 down_finalize/one_shot_fp32/bf16 K0/eager/cold: p50=10173.440us
T=2048 R=128 down_finalize/one_shot_fp32/bf16 K0/cuda_graph/hot: p50=10168.800us
T=2048 R=128 down_finalize/one_shot_fp32/bf16 K0/cuda_graph/cold: p50=10170.000us
/usr/local/lib/python3.12/dist-packages/torch/cuda/__init__.py:61: FutureWarning: The pynvml package is deprecated. Please install nvidia-ml-py instead. If you did not install pynvml directly, please report this to the maintainers of the package that installed pynvml for you.
  import pynvml  # type: ignore[import]
T=1 R=16 gate_a/indexed/bf16 O0/eager/hot: p50=66.256us
T=1 R=16 gate_a/indexed/bf16 O0/eager/cold: p50=22.144us
T=1 R=16 gate_a/indexed/bf16 O0/cuda_graph/hot: p50=13.792us
T=1 R=16 gate_a/indexed/bf16 O0/cuda_graph/cold: p50=20.272us
T=1 R=16 gate_a/aligned/bf16 O0/eager/hot: p50=553.504us
T=1 R=16 gate_a/aligned/bf16 O0/eager/cold: p50=472.352us
T=1 R=16 gate_a/aligned/bf16 O0/cuda_graph/hot: p50=25.680us
T=1 R=16 gate_a/aligned/bf16 O0/cuda_graph/cold: p50=35.552us
T=1 R=16 gate_a/segmented/bf16 O0/eager/hot: p50=597.136us
T=1 R=16 gate_a/segmented/bf16 O0/eager/cold: p50=545.728us
T=1 R=16 gate_a/segmented/bf16 O0/cuda_graph/hot: p50=42.928us
T=1 R=16 gate_a/segmented/bf16 O0/cuda_graph/cold: p50=54.096us
T=1 R=16 gate_a/bmm/bf16 O0/eager/hot: p50=478.240us
T=1 R=16 gate_a/bmm/bf16 O0/eager/cold: p50=394.208us
T=1 R=16 gate_a/bmm/bf16 O0/cuda_graph/hot: p50=36.000us
T=1 R=16 gate_a/bmm/bf16 O0/cuda_graph/cold: p50=43.744us
T=1 R=16 gate_consumer/indexed/bf16 O0/eager/hot: p50=104.288us
T=1 R=16 gate_consumer/indexed/bf16 O0/eager/cold: p50=50.160us
T=1 R=16 gate_consumer/indexed/bf16 O0/cuda_graph/hot: p50=14.192us
T=1 R=16 gate_consumer/indexed/bf16 O0/cuda_graph/cold: p50=15.072us
T=1 R=16 gate_consumer/aligned/bf16 O0/eager/hot: p50=521.872us
T=1 R=16 gate_consumer/aligned/bf16 O0/eager/cold: p50=456.608us
T=1 R=16 gate_consumer/aligned/bf16 O0/cuda_graph/hot: p50=29.456us
T=1 R=16 gate_consumer/aligned/bf16 O0/cuda_graph/cold: p50=37.600us
T=1 R=16 gate_consumer/segmented/bf16 O0/eager/hot: p50=549.856us
T=1 R=16 gate_consumer/segmented/bf16 O0/eager/cold: p50=503.552us
T=1 R=16 gate_consumer/segmented/bf16 O0/cuda_graph/hot: p50=38.048us
T=1 R=16 gate_consumer/segmented/bf16 O0/cuda_graph/cold: p50=45.808us
T=1 R=16 gate_consumer/bmm/bf16 O0/eager/hot: p50=549.840us
T=1 R=16 gate_consumer/bmm/bf16 O0/eager/cold: p50=483.968us
T=1 R=16 gate_consumer/bmm/bf16 O0/cuda_graph/hot: p50=40.064us
T=1 R=16 gate_consumer/bmm/bf16 O0/cuda_graph/cold: p50=47.840us
T=1 R=16 down_a/indexed/bf16 O0/eager/hot: p50=67.376us
T=1 R=16 down_a/indexed/bf16 O0/eager/cold: p50=16.752us
T=1 R=16 down_a/indexed/bf16 O0/cuda_graph/hot: p50=14.192us
T=1 R=16 down_a/indexed/bf16 O0/cuda_graph/cold: p50=11.664us
T=1 R=16 down_a/aligned/bf16 O0/eager/hot: p50=475.296us
T=1 R=16 down_a/aligned/bf16 O0/eager/cold: p50=409.424us
T=1 R=16 down_a/aligned/bf16 O0/cuda_graph/hot: p50=29.120us
T=1 R=16 down_a/aligned/bf16 O0/cuda_graph/cold: p50=33.072us
T=1 R=16 down_a/segmented/bf16 O0/eager/hot: p50=546.704us
T=1 R=16 down_a/segmented/bf16 O0/eager/cold: p50=488.256us
T=1 R=16 down_a/segmented/bf16 O0/cuda_graph/hot: p50=38.848us
T=1 R=16 down_a/segmented/bf16 O0/cuda_graph/cold: p50=43.792us
T=1 R=16 down_a/bmm/bf16 O0/eager/hot: p50=447.696us
T=1 R=16 down_a/bmm/bf16 O0/eager/cold: p50=382.064us
T=1 R=16 down_a/bmm/bf16 O0/cuda_graph/hot: p50=33.936us
T=1 R=16 down_a/bmm/bf16 O0/cuda_graph/cold: p50=37.936us
T=1 R=16 down_finalize/indexed/bf16 O0/eager/hot: p50=44.880us
T=1 R=16 down_finalize/indexed/bf16 O0/eager/cold: p50=10.368us
T=1 R=16 down_finalize/indexed/bf16 O0/cuda_graph/hot: p50=13.136us
T=1 R=16 down_finalize/indexed/bf16 O0/cuda_graph/cold: p50=10.976us
T=1 R=16 down_finalize/aligned/bf16 O0/eager/hot: p50=520.256us
T=1 R=16 down_finalize/aligned/bf16 O0/eager/cold: p50=447.040us
T=1 R=16 down_finalize/aligned/bf16 O0/cuda_graph/hot: p50=29.856us
T=1 R=16 down_finalize/aligned/bf16 O0/cuda_graph/cold: p50=35.184us
T=1 R=16 down_finalize/segmented/bf16 O0/eager/hot: p50=580.976us
T=1 R=16 down_finalize/segmented/bf16 O0/eager/cold: p50=508.624us
T=1 R=16 down_finalize/segmented/bf16 O0/cuda_graph/hot: p50=38.560us
T=1 R=16 down_finalize/segmented/bf16 O0/cuda_graph/cold: p50=45.440us
T=1 R=16 down_finalize/bmm/bf16 O0/eager/hot: p50=249.296us
T=1 R=16 down_finalize/bmm/bf16 O0/eager/cold: p50=180.816us
T=1 R=16 down_finalize/bmm/bf16 O0/cuda_graph/hot: p50=17.936us
T=1 R=16 down_finalize/bmm/bf16 O0/cuda_graph/cold: p50=20.720us
T=1 R=16 down_finalize/one_shot_bf16/bf16 O0/eager/hot: p50=87.424us
T=1 R=16 down_finalize/one_shot_bf16/bf16 O0/eager/cold: p50=34.544us
T=1 R=16 down_finalize/one_shot_bf16/bf16 O0/cuda_graph/hot: p50=12.272us
T=1 R=16 down_finalize/one_shot_bf16/bf16 O0/cuda_graph/cold: p50=15.104us
T=1 R=16 down_finalize/one_shot_fp32/bf16 O0/eager/hot: p50=76.112us
T=1 R=16 down_finalize/one_shot_fp32/bf16 O0/eager/cold: p50=22.720us
T=1 R=16 down_finalize/one_shot_fp32/bf16 O0/cuda_graph/hot: p50=12.336us
T=1 R=16 down_finalize/one_shot_fp32/bf16 O0/cuda_graph/cold: p50=15.360us
T=1 R=32 gate_a/indexed/bf16 O0/eager/hot: p50=54.496us
T=1 R=32 gate_a/indexed/bf16 O0/eager/cold: p50=21.504us
T=1 R=32 gate_a/indexed/bf16 O0/cuda_graph/hot: p50=13.760us
T=1 R=32 gate_a/indexed/bf16 O0/cuda_graph/cold: p50=21.248us
T=1 R=32 gate_a/aligned/bf16 O0/eager/hot: p50=459.088us
T=1 R=32 gate_a/aligned/bf16 O0/eager/cold: p50=370.096us
T=1 R=32 gate_a/aligned/bf16 O0/cuda_graph/hot: p50=32.272us
T=1 R=32 gate_a/aligned/bf16 O0/cuda_graph/cold: p50=39.680us
T=1 R=32 gate_a/segmented/bf16 O0/eager/hot: p50=500.624us
T=1 R=32 gate_a/segmented/bf16 O0/eager/cold: p50=440.160us
T=1 R=32 gate_a/segmented/bf16 O0/cuda_graph/hot: p50=42.448us
T=1 R=32 gate_a/segmented/bf16 O0/cuda_graph/cold: p50=54.032us
T=1 R=32 gate_a/bmm/bf16 O0/eager/hot: p50=501.152us
T=1 R=32 gate_a/bmm/bf16 O0/eager/cold: p50=398.320us
T=1 R=32 gate_a/bmm/bf16 O0/cuda_graph/hot: p50=40.416us
T=1 R=32 gate_a/bmm/bf16 O0/cuda_graph/cold: p50=47.872us
T=1 R=32 gate_consumer/indexed/bf16 O0/eager/hot: p50=82.976us
T=1 R=32 gate_consumer/indexed/bf16 O0/eager/cold: p50=24.640us
T=1 R=32 gate_consumer/indexed/bf16 O0/cuda_graph/hot: p50=13.744us
T=1 R=32 gate_consumer/indexed/bf16 O0/cuda_graph/cold: p50=16.992us
T=1 R=32 gate_consumer/aligned/bf16 O0/eager/hot: p50=491.584us
T=1 R=32 gate_consumer/aligned/bf16 O0/eager/cold: p50=412.704us
T=1 R=32 gate_consumer/aligned/bf16 O0/cuda_graph/hot: p50=32.192us
T=1 R=32 gate_consumer/aligned/bf16 O0/cuda_graph/cold: p50=38.384us
T=1 R=32 gate_consumer/segmented/bf16 O0/eager/hot: p50=529.808us
T=1 R=32 gate_consumer/segmented/bf16 O0/eager/cold: p50=446.608us
T=1 R=32 gate_consumer/segmented/bf16 O0/cuda_graph/hot: p50=38.336us
T=1 R=32 gate_consumer/segmented/bf16 O0/cuda_graph/cold: p50=43.776us
T=1 R=32 gate_consumer/bmm/bf16 O0/eager/hot: p50=560.512us
T=1 R=32 gate_consumer/bmm/bf16 O0/eager/cold: p50=478.288us
T=1 R=32 gate_consumer/bmm/bf16 O0/cuda_graph/hot: p50=40.384us
T=1 R=32 gate_consumer/bmm/bf16 O0/cuda_graph/cold: p50=47.904us
T=1 R=32 down_a/indexed/bf16 O0/eager/hot: p50=48.768us
T=1 R=32 down_a/indexed/bf16 O0/eager/cold: p50=12.272us
T=1 R=32 down_a/indexed/bf16 O0/cuda_graph/hot: p50=10.448us
T=1 R=32 down_a/indexed/bf16 O0/cuda_graph/cold: p50=11.072us
T=1 R=32 down_a/aligned/bf16 O0/eager/hot: p50=449.280us
T=1 R=32 down_a/aligned/bf16 O0/eager/cold: p50=380.960us
T=1 R=32 down_a/aligned/bf16 O0/cuda_graph/hot: p50=32.192us
T=1 R=32 down_a/aligned/bf16 O0/cuda_graph/cold: p50=37.616us
T=1 R=32 down_a/segmented/bf16 O0/eager/hot: p50=500.400us
T=1 R=32 down_a/segmented/bf16 O0/eager/cold: p50=429.984us
T=1 R=32 down_a/segmented/bf16 O0/cuda_graph/hot: p50=38.336us
T=1 R=32 down_a/segmented/bf16 O0/cuda_graph/cold: p50=43.776us
T=1 R=32 down_a/bmm/bf16 O0/eager/hot: p50=457.568us
T=1 R=32 down_a/bmm/bf16 O0/eager/cold: p50=388.640us
T=1 R=32 down_a/bmm/bf16 O0/cuda_graph/hot: p50=36.800us
T=1 R=32 down_a/bmm/bf16 O0/cuda_graph/cold: p50=41.728us
T=1 R=32 down_finalize/indexed/bf16 O0/eager/hot: p50=36.240us
T=1 R=32 down_finalize/indexed/bf16 O0/eager/cold: p50=10.976us
T=1 R=32 down_finalize/indexed/bf16 O0/cuda_graph/hot: p50=10.256us
T=1 R=32 down_finalize/indexed/bf16 O0/cuda_graph/cold: p50=13.024us
T=1 R=32 down_finalize/aligned/bf16 O0/eager/hot: p50=500.288us
T=1 R=32 down_finalize/aligned/bf16 O0/eager/cold: p50=405.040us
T=1 R=32 down_finalize/aligned/bf16 O0/cuda_graph/hot: p50=34.192us
T=1 R=32 down_finalize/aligned/bf16 O0/cuda_graph/cold: p50=39.648us
T=1 R=32 down_finalize/segmented/bf16 O0/eager/hot: p50=546.672us
T=1 R=32 down_finalize/segmented/bf16 O0/eager/cold: p50=468.864us
T=1 R=32 down_finalize/segmented/bf16 O0/cuda_graph/hot: p50=39.008us
T=1 R=32 down_finalize/segmented/bf16 O0/cuda_graph/cold: p50=43.792us
T=1 R=32 down_finalize/bmm/bf16 O0/eager/hot: p50=228.784us
T=1 R=32 down_finalize/bmm/bf16 O0/eager/cold: p50=169.376us
T=1 R=32 down_finalize/bmm/bf16 O0/cuda_graph/hot: p50=16.480us
T=1 R=32 down_finalize/bmm/bf16 O0/cuda_graph/cold: p50=19.168us
T=1 R=32 down_finalize/one_shot_bf16/bf16 O0/eager/hot: p50=80.144us
T=1 R=32 down_finalize/one_shot_bf16/bf16 O0/eager/cold: p50=23.840us
T=1 R=32 down_finalize/one_shot_bf16/bf16 O0/cuda_graph/hot: p50=12.704us
T=1 R=32 down_finalize/one_shot_bf16/bf16 O0/cuda_graph/cold: p50=17.120us
T=1 R=32 down_finalize/one_shot_fp32/bf16 O0/eager/hot: p50=81.168us
T=1 R=32 down_finalize/one_shot_fp32/bf16 O0/eager/cold: p50=20.960us
T=1 R=32 down_finalize/one_shot_fp32/bf16 O0/cuda_graph/hot: p50=13.552us
T=1 R=32 down_finalize/one_shot_fp32/bf16 O0/cuda_graph/cold: p50=17.120us
T=1 R=64 gate_a/indexed/bf16 O0/eager/hot: p50=52.912us
T=1 R=64 gate_a/indexed/bf16 O0/eager/cold: p50=21.504us
T=1 R=64 gate_a/indexed/bf16 O0/cuda_graph/hot: p50=13.760us
T=1 R=64 gate_a/indexed/bf16 O0/cuda_graph/cold: p50=21.216us
T=1 R=64 gate_a/aligned/bf16 O0/eager/hot: p50=442.016us
T=1 R=64 gate_a/aligned/bf16 O0/eager/cold: p50=367.296us
T=1 R=64 gate_a/aligned/bf16 O0/cuda_graph/hot: p50=32.192us
T=1 R=64 gate_a/aligned/bf16 O0/cuda_graph/cold: p50=39.648us
T=1 R=64 gate_a/segmented/bf16 O0/eager/hot: p50=499.248us
T=1 R=64 gate_a/segmented/bf16 O0/eager/cold: p50=419.136us
T=1 R=64 gate_a/segmented/bf16 O0/cuda_graph/hot: p50=44.480us
T=1 R=64 gate_a/segmented/bf16 O0/cuda_graph/cold: p50=56.400us
T=1 R=64 gate_a/bmm/bf16 O0/eager/hot: p50=484.000us
T=1 R=64 gate_a/bmm/bf16 O0/eager/cold: p50=412.736us
T=1 R=64 gate_a/bmm/bf16 O0/cuda_graph/hot: p50=42.432us
T=1 R=64 gate_a/bmm/bf16 O0/cuda_graph/cold: p50=49.936us
T=1 R=64 gate_consumer/indexed/bf16 O0/eager/hot: p50=83.280us
T=1 R=64 gate_consumer/indexed/bf16 O0/eager/cold: p50=20.560us
T=1 R=64 gate_consumer/indexed/bf16 O0/cuda_graph/hot: p50=14.096us
T=1 R=64 gate_consumer/indexed/bf16 O0/cuda_graph/cold: p50=17.152us
T=1 R=64 gate_consumer/aligned/bf16 O0/eager/hot: p50=484.400us
T=1 R=64 gate_consumer/aligned/bf16 O0/eager/cold: p50=413.088us
T=1 R=64 gate_consumer/aligned/bf16 O0/cuda_graph/hot: p50=32.192us
T=1 R=64 gate_consumer/aligned/bf16 O0/cuda_graph/cold: p50=39.680us
T=1 R=64 gate_consumer/segmented/bf16 O0/eager/hot: p50=525.504us
T=1 R=64 gate_consumer/segmented/bf16 O0/eager/cold: p50=456.592us
T=1 R=64 gate_consumer/segmented/bf16 O0/cuda_graph/hot: p50=38.336us
T=1 R=64 gate_consumer/segmented/bf16 O0/cuda_graph/cold: p50=47.872us
T=1 R=64 gate_consumer/bmm/bf16 O0/eager/hot: p50=559.840us
T=1 R=64 gate_consumer/bmm/bf16 O0/eager/cold: p50=478.624us
T=1 R=64 gate_consumer/bmm/bf16 O0/cuda_graph/hot: p50=42.032us
T=1 R=64 gate_consumer/bmm/bf16 O0/cuda_graph/cold: p50=47.856us
T=1 R=64 down_a/indexed/bf16 O0/eager/hot: p50=54.224us
T=1 R=64 down_a/indexed/bf16 O0/eager/cold: p50=12.496us
T=1 R=64 down_a/indexed/bf16 O0/cuda_graph/hot: p50=10.576us
T=1 R=64 down_a/indexed/bf16 O0/cuda_graph/cold: p50=11.008us
T=1 R=64 down_a/aligned/bf16 O0/eager/hot: p50=443.152us
T=1 R=64 down_a/aligned/bf16 O0/eager/cold: p50=364.288us
T=1 R=64 down_a/aligned/bf16 O0/cuda_graph/hot: p50=32.192us
T=1 R=64 down_a/aligned/bf16 O0/cuda_graph/cold: p50=35.584us
T=1 R=64 down_a/segmented/bf16 O0/eager/hot: p50=500.592us
T=1 R=64 down_a/segmented/bf16 O0/eager/cold: p50=420.752us
T=1 R=64 down_a/segmented/bf16 O0/cuda_graph/hot: p50=38.928us
T=1 R=64 down_a/segmented/bf16 O0/cuda_graph/cold: p50=45.824us
T=1 R=64 down_a/bmm/bf16 O0/eager/hot: p50=461.216us
T=1 R=64 down_a/bmm/bf16 O0/eager/cold: p50=381.040us
T=1 R=64 down_a/bmm/bf16 O0/cuda_graph/hot: p50=38.352us
T=1 R=64 down_a/bmm/bf16 O0/cuda_graph/cold: p50=43.776us
T=1 R=64 down_finalize/indexed/bf16 O0/eager/hot: p50=42.736us
T=1 R=64 down_finalize/indexed/bf16 O0/eager/cold: p50=12.800us
T=1 R=64 down_finalize/indexed/bf16 O0/cuda_graph/hot: p50=10.608us
T=1 R=64 down_finalize/indexed/bf16 O0/cuda_graph/cold: p50=13.072us
T=1 R=64 down_finalize/aligned/bf16 O0/eager/hot: p50=481.152us
T=1 R=64 down_finalize/aligned/bf16 O0/eager/cold: p50=396.832us
T=1 R=64 down_finalize/aligned/bf16 O0/cuda_graph/hot: p50=34.240us
T=1 R=64 down_finalize/aligned/bf16 O0/cuda_graph/cold: p50=39.648us
T=1 R=64 down_finalize/segmented/bf16 O0/eager/hot: p50=521.680us
T=1 R=64 down_finalize/segmented/bf16 O0/eager/cold: p50=444.608us
T=1 R=64 down_finalize/segmented/bf16 O0/cuda_graph/hot: p50=40.496us
T=1 R=64 down_finalize/segmented/bf16 O0/cuda_graph/cold: p50=45.824us
T=1 R=64 down_finalize/bmm/bf16 O0/eager/hot: p50=230.176us
T=1 R=64 down_finalize/bmm/bf16 O0/eager/cold: p50=162.944us
T=1 R=64 down_finalize/bmm/bf16 O0/cuda_graph/hot: p50=17.808us
T=1 R=64 down_finalize/bmm/bf16 O0/cuda_graph/cold: p50=19.200us
T=1 R=64 down_finalize/one_shot_bf16/bf16 O0/eager/hot: p50=76.032us
T=1 R=64 down_finalize/one_shot_bf16/bf16 O0/eager/cold: p50=25.456us
T=1 R=64 down_finalize/one_shot_bf16/bf16 O0/cuda_graph/hot: p50=15.744us
T=1 R=64 down_finalize/one_shot_bf16/bf16 O0/cuda_graph/cold: p50=23.296us
T=1 R=64 down_finalize/one_shot_fp32/bf16 O0/eager/hot: p50=77.664us
T=1 R=64 down_finalize/one_shot_fp32/bf16 O0/eager/cold: p50=25.488us
T=1 R=64 down_finalize/one_shot_fp32/bf16 O0/cuda_graph/hot: p50=16.320us
T=1 R=64 down_finalize/one_shot_fp32/bf16 O0/cuda_graph/cold: p50=24.224us
T=1 R=128 gate_a/indexed/bf16 O0/eager/hot: p50=50.912us
T=1 R=128 gate_a/indexed/bf16 O0/eager/cold: p50=21.520us
T=1 R=128 gate_a/indexed/bf16 O0/cuda_graph/hot: p50=14.752us
T=1 R=128 gate_a/indexed/bf16 O0/cuda_graph/cold: p50=21.248us
T=1 R=128 gate_a/aligned/bf16 O0/eager/hot: p50=447.872us
T=1 R=128 gate_a/aligned/bf16 O0/eager/cold: p50=357.552us
T=1 R=128 gate_a/aligned/bf16 O0/cuda_graph/hot: p50=30.112us
T=1 R=128 gate_a/aligned/bf16 O0/cuda_graph/cold: p50=35.744us
T=1 R=128 gate_a/segmented/bf16 O0/eager/hot: p50=476.640us
T=1 R=128 gate_a/segmented/bf16 O0/eager/cold: p50=429.488us
T=1 R=128 gate_a/segmented/bf16 O0/cuda_graph/hot: p50=42.464us
T=1 R=128 gate_a/segmented/bf16 O0/cuda_graph/cold: p50=54.736us
T=1 R=128 gate_a/bmm/bf16 O0/eager/hot: p50=485.024us
T=1 R=128 gate_a/bmm/bf16 O0/eager/cold: p50=403.296us
T=1 R=128 gate_a/bmm/bf16 O0/cuda_graph/hot: p50=40.896us
T=1 R=128 gate_a/bmm/bf16 O0/cuda_graph/cold: p50=47.872us
T=1 R=128 gate_consumer/indexed/bf16 O0/eager/hot: p50=87.600us
T=1 R=128 gate_consumer/indexed/bf16 O0/eager/cold: p50=22.384us
T=1 R=128 gate_consumer/indexed/bf16 O0/cuda_graph/hot: p50=14.736us
T=1 R=128 gate_consumer/indexed/bf16 O0/cuda_graph/cold: p50=17.152us
T=1 R=128 gate_consumer/aligned/bf16 O0/eager/hot: p50=468.448us
T=1 R=128 gate_consumer/aligned/bf16 O0/eager/cold: p50=382.992us
T=1 R=128 gate_consumer/aligned/bf16 O0/cuda_graph/hot: p50=30.144us
T=1 R=128 gate_consumer/aligned/bf16 O0/cuda_graph/cold: p50=35.600us
T=1 R=128 gate_consumer/segmented/bf16 O0/eager/hot: p50=498.272us
T=1 R=128 gate_consumer/segmented/bf16 O0/eager/cold: p50=425.504us
T=1 R=128 gate_consumer/segmented/bf16 O0/cuda_graph/hot: p50=38.368us
T=1 R=128 gate_consumer/segmented/bf16 O0/cuda_graph/cold: p50=45.824us
T=1 R=128 gate_consumer/bmm/bf16 O0/eager/hot: p50=526.576us
T=1 R=128 gate_consumer/bmm/bf16 O0/eager/cold: p50=451.056us
T=1 R=128 gate_consumer/bmm/bf16 O0/cuda_graph/hot: p50=42.832us
T=1 R=128 gate_consumer/bmm/bf16 O0/cuda_graph/cold: p50=49.904us
T=1 R=128 down_a/indexed/bf16 O0/eager/hot: p50=50.304us
T=1 R=128 down_a/indexed/bf16 O0/eager/cold: p50=12.352us
T=1 R=128 down_a/indexed/bf16 O0/cuda_graph/hot: p50=10.928us
T=1 R=128 down_a/indexed/bf16 O0/cuda_graph/cold: p50=11.008us
T=1 R=128 down_a/aligned/bf16 O0/eager/hot: p50=413.776us
T=1 R=128 down_a/aligned/bf16 O0/eager/cold: p50=332.528us
T=1 R=128 down_a/aligned/bf16 O0/cuda_graph/hot: p50=28.096us
T=1 R=128 down_a/aligned/bf16 O0/cuda_graph/cold: p50=33.520us
T=1 R=128 down_a/segmented/bf16 O0/eager/hot: p50=468.656us
T=1 R=128 down_a/segmented/bf16 O0/eager/cold: p50=405.712us
T=1 R=128 down_a/segmented/bf16 O0/cuda_graph/hot: p50=37.472us
T=1 R=128 down_a/segmented/bf16 O0/cuda_graph/cold: p50=43.968us
T=1 R=128 down_a/bmm/bf16 O0/eager/hot: p50=419.520us
T=1 R=128 down_a/bmm/bf16 O0/eager/cold: p50=351.216us
T=1 R=128 down_a/bmm/bf16 O0/cuda_graph/hot: p50=35.216us
T=1 R=128 down_a/bmm/bf16 O0/cuda_graph/cold: p50=39.680us
T=1 R=128 down_finalize/indexed/bf16 O0/eager/hot: p50=35.600us
T=1 R=128 down_finalize/indexed/bf16 O0/eager/cold: p50=13.232us
T=1 R=128 down_finalize/indexed/bf16 O0/cuda_graph/hot: p50=10.176us
T=1 R=128 down_finalize/indexed/bf16 O0/cuda_graph/cold: p50=14.000us
T=1 R=128 down_finalize/aligned/bf16 O0/eager/hot: p50=457.952us
T=1 R=128 down_finalize/aligned/bf16 O0/eager/cold: p50=373.280us
T=1 R=128 down_finalize/aligned/bf16 O0/cuda_graph/hot: p50=30.144us
T=1 R=128 down_finalize/aligned/bf16 O0/cuda_graph/cold: p50=35.616us
T=1 R=128 down_finalize/segmented/bf16 O0/eager/hot: p50=493.872us
T=1 R=128 down_finalize/segmented/bf16 O0/eager/cold: p50=426.944us
T=1 R=128 down_finalize/segmented/bf16 O0/cuda_graph/hot: p50=38.368us
T=1 R=128 down_finalize/segmented/bf16 O0/cuda_graph/cold: p50=44.704us
T=1 R=128 down_finalize/bmm/bf16 O0/eager/hot: p50=222.704us
T=1 R=128 down_finalize/bmm/bf16 O0/eager/cold: p50=157.120us
T=1 R=128 down_finalize/bmm/bf16 O0/cuda_graph/hot: p50=17.856us
T=1 R=128 down_finalize/bmm/bf16 O0/cuda_graph/cold: p50=21.728us
T=1 R=128 down_finalize/one_shot_bf16/bf16 O0/eager/hot: p50=82.352us
T=1 R=128 down_finalize/one_shot_bf16/bf16 O0/eager/cold: p50=27.504us
T=1 R=128 down_finalize/one_shot_bf16/bf16 O0/cuda_graph/hot: p50=17.808us
T=1 R=128 down_finalize/one_shot_bf16/bf16 O0/cuda_graph/cold: p50=25.328us
T=1 R=128 down_finalize/one_shot_fp32/bf16 O0/eager/hot: p50=78.048us
T=1 R=128 down_finalize/one_shot_fp32/bf16 O0/eager/cold: p50=27.776us
T=1 R=128 down_finalize/one_shot_fp32/bf16 O0/cuda_graph/hot: p50=17.824us
T=1 R=128 down_finalize/one_shot_fp32/bf16 O0/cuda_graph/cold: p50=25.344us
T=32 R=16 gate_a/indexed/bf16 O0/eager/hot: p50=51.472us
T=32 R=16 gate_a/indexed/bf16 O0/eager/cold: p50=21.472us
T=32 R=16 gate_a/indexed/bf16 O0/cuda_graph/hot: p50=13.760us
T=32 R=16 gate_a/indexed/bf16 O0/cuda_graph/cold: p50=19.776us
T=32 R=16 gate_a/aligned/bf16 O0/eager/hot: p50=428.384us
T=32 R=16 gate_a/aligned/bf16 O0/eager/cold: p50=350.432us
T=32 R=16 gate_a/aligned/bf16 O0/cuda_graph/hot: p50=32.192us
T=32 R=16 gate_a/aligned/bf16 O0/cuda_graph/cold: p50=39.680us
T=32 R=16 gate_a/segmented/bf16 O0/eager/hot: p50=492.256us
T=32 R=16 gate_a/segmented/bf16 O0/eager/cold: p50=426.880us
T=32 R=16 gate_a/segmented/bf16 O0/cuda_graph/hot: p50=60.880us
T=32 R=16 gate_a/segmented/bf16 O0/cuda_graph/cold: p50=73.152us
T=32 R=16 gate_a/bmm/bf16 O0/eager/hot: p50=460.016us
T=32 R=16 gate_a/bmm/bf16 O0/eager/cold: p50=382.720us
T=32 R=16 gate_a/bmm/bf16 O0/cuda_graph/hot: p50=60.848us
T=32 R=16 gate_a/bmm/bf16 O0/cuda_graph/cold: p50=66.112us
T=32 R=16 gate_consumer/indexed/bf16 O0/eager/hot: p50=80.128us
T=32 R=16 gate_consumer/indexed/bf16 O0/eager/cold: p50=18.976us
T=32 R=16 gate_consumer/indexed/bf16 O0/cuda_graph/hot: p50=15.760us
T=32 R=16 gate_consumer/indexed/bf16 O0/cuda_graph/cold: p50=17.152us
T=32 R=16 gate_consumer/aligned/bf16 O0/eager/hot: p50=475.120us
T=32 R=16 gate_consumer/aligned/bf16 O0/eager/cold: p50=394.688us
T=32 R=16 gate_consumer/aligned/bf16 O0/cuda_graph/hot: p50=33.568us
T=32 R=16 gate_consumer/aligned/bf16 O0/cuda_graph/cold: p50=37.616us
T=32 R=16 gate_consumer/segmented/bf16 O0/eager/hot: p50=493.856us
T=32 R=16 gate_consumer/segmented/bf16 O0/eager/cold: p50=415.728us
T=32 R=16 gate_consumer/segmented/bf16 O0/cuda_graph/hot: p50=58.848us
T=32 R=16 gate_consumer/segmented/bf16 O0/cuda_graph/cold: p50=66.304us
T=32 R=16 gate_consumer/bmm/bf16 O0/eager/hot: p50=529.424us
T=32 R=16 gate_consumer/bmm/bf16 O0/eager/cold: p50=447.968us
T=32 R=16 gate_consumer/bmm/bf16 O0/cuda_graph/hot: p50=46.560us
T=32 R=16 gate_consumer/bmm/bf16 O0/cuda_graph/cold: p50=56.064us
T=32 R=16 down_a/indexed/bf16 O0/eager/hot: p50=53.280us
T=32 R=16 down_a/indexed/bf16 O0/eager/cold: p50=12.464us
T=32 R=16 down_a/indexed/bf16 O0/cuda_graph/hot: p50=10.720us
T=32 R=16 down_a/indexed/bf16 O0/cuda_graph/cold: p50=12.016us
T=32 R=16 down_a/aligned/bf16 O0/eager/hot: p50=430.736us
T=32 R=16 down_a/aligned/bf16 O0/eager/cold: p50=360.624us
T=32 R=16 down_a/aligned/bf16 O0/cuda_graph/hot: p50=30.176us
T=32 R=16 down_a/aligned/bf16 O0/cuda_graph/cold: p50=37.632us
T=32 R=16 down_a/segmented/bf16 O0/eager/hot: p50=481.408us
T=32 R=16 down_a/segmented/bf16 O0/eager/cold: p50=418.512us
T=32 R=16 down_a/segmented/bf16 O0/cuda_graph/hot: p50=54.736us
T=32 R=16 down_a/segmented/bf16 O0/cuda_graph/cold: p50=64.256us
T=32 R=16 down_a/bmm/bf16 O0/eager/hot: p50=447.168us
T=32 R=16 down_a/bmm/bf16 O0/eager/cold: p50=372.192us
T=32 R=16 down_a/bmm/bf16 O0/cuda_graph/hot: p50=52.672us
T=32 R=16 down_a/bmm/bf16 O0/cuda_graph/cold: p50=60.176us
T=32 R=16 down_finalize/indexed/bf16 O0/eager/hot: p50=36.720us
T=32 R=16 down_finalize/indexed/bf16 O0/eager/cold: p50=10.624us
T=32 R=16 down_finalize/indexed/bf16 O0/cuda_graph/hot: p50=10.256us
T=32 R=16 down_finalize/indexed/bf16 O0/cuda_graph/cold: p50=11.008us
T=32 R=16 down_finalize/aligned/bf16 O0/eager/hot: p50=442.944us
T=32 R=16 down_finalize/aligned/bf16 O0/eager/cold: p50=371.168us
T=32 R=16 down_finalize/aligned/bf16 O0/cuda_graph/hot: p50=32.720us
T=32 R=16 down_finalize/aligned/bf16 O0/cuda_graph/cold: p50=39.664us
T=32 R=16 down_finalize/segmented/bf16 O0/eager/hot: p50=479.936us
T=32 R=16 down_finalize/segmented/bf16 O0/eager/cold: p50=423.888us
T=32 R=16 down_finalize/segmented/bf16 O0/cuda_graph/hot: p50=60.864us
T=32 R=16 down_finalize/segmented/bf16 O0/cuda_graph/cold: p50=68.160us
T=32 R=16 down_finalize/bmm/bf16 O0/eager/hot: p50=229.024us
T=32 R=16 down_finalize/bmm/bf16 O0/eager/cold: p50=150.272us
T=32 R=16 down_finalize/bmm/bf16 O0/cuda_graph/hot: p50=19.840us
T=32 R=16 down_finalize/bmm/bf16 O0/cuda_graph/cold: p50=23.280us
T=32 R=16 down_finalize/one_shot_bf16/bf16 O0/eager/hot: p50=81.040us
T=32 R=16 down_finalize/one_shot_bf16/bf16 O0/eager/cold: p50=58.320us
T=32 R=16 down_finalize/one_shot_bf16/bf16 O0/cuda_graph/hot: p50=52.672us
T=32 R=16 down_finalize/one_shot_bf16/bf16 O0/cuda_graph/cold: p50=54.016us
T=32 R=16 down_finalize/one_shot_fp32/bf16 O0/eager/hot: p50=81.888us
T=32 R=16 down_finalize/one_shot_fp32/bf16 O0/eager/cold: p50=56.000us
T=32 R=16 down_finalize/one_shot_fp32/bf16 O0/cuda_graph/hot: p50=51.712us
T=32 R=16 down_finalize/one_shot_fp32/bf16 O0/cuda_graph/cold: p50=53.984us
T=32 R=32 gate_a/indexed/bf16 O0/eager/hot: p50=49.888us
T=32 R=32 gate_a/indexed/bf16 O0/eager/cold: p50=22.352us
T=32 R=32 gate_a/indexed/bf16 O0/cuda_graph/hot: p50=17.760us
T=32 R=32 gate_a/indexed/bf16 O0/cuda_graph/cold: p50=21.232us
T=32 R=32 gate_a/aligned/bf16 O0/eager/hot: p50=384.000us
T=32 R=32 gate_a/aligned/bf16 O0/eager/cold: p50=313.840us
T=32 R=32 gate_a/aligned/bf16 O0/cuda_graph/hot: p50=30.608us
T=32 R=32 gate_a/aligned/bf16 O0/cuda_graph/cold: p50=39.696us
T=32 R=32 gate_a/segmented/bf16 O0/eager/hot: p50=442.032us
T=32 R=32 gate_a/segmented/bf16 O0/eager/cold: p50=367.152us
T=32 R=32 gate_a/segmented/bf16 O0/cuda_graph/hot: p50=60.864us
T=32 R=32 gate_a/segmented/bf16 O0/cuda_graph/cold: p50=74.464us
T=32 R=32 gate_a/bmm/bf16 O0/eager/hot: p50=426.256us
T=32 R=32 gate_a/bmm/bf16 O0/eager/cold: p50=352.064us
T=32 R=32 gate_a/bmm/bf16 O0/cuda_graph/hot: p50=58.848us
T=32 R=32 gate_a/bmm/bf16 O0/cuda_graph/cold: p50=68.336us
T=32 R=32 gate_consumer/indexed/bf16 O0/eager/hot: p50=74.944us
T=32 R=32 gate_consumer/indexed/bf16 O0/eager/cold: p50=18.096us
T=32 R=32 gate_consumer/indexed/bf16 O0/cuda_graph/hot: p50=15.776us
T=32 R=32 gate_consumer/indexed/bf16 O0/cuda_graph/cold: p50=17.168us
T=32 R=32 gate_consumer/aligned/bf16 O0/eager/hot: p50=413.392us
T=32 R=32 gate_consumer/aligned/bf16 O0/eager/cold: p50=340.912us
T=32 R=32 gate_consumer/aligned/bf16 O0/cuda_graph/hot: p50=31.664us
T=32 R=32 gate_consumer/aligned/bf16 O0/cuda_graph/cold: p50=37.888us
T=32 R=32 gate_consumer/segmented/bf16 O0/eager/hot: p50=429.776us
T=32 R=32 gate_consumer/segmented/bf16 O0/eager/cold: p50=367.232us
T=32 R=32 gate_consumer/segmented/bf16 O0/cuda_graph/hot: p50=56.768us
T=32 R=32 gate_consumer/segmented/bf16 O0/cuda_graph/cold: p50=64.224us
T=32 R=32 gate_consumer/bmm/bf16 O0/eager/hot: p50=468.896us
T=32 R=32 gate_consumer/bmm/bf16 O0/eager/cold: p50=406.512us
T=32 R=32 gate_consumer/bmm/bf16 O0/cuda_graph/hot: p50=48.576us
T=32 R=32 gate_consumer/bmm/bf16 O0/cuda_graph/cold: p50=54.880us
T=32 R=32 down_a/indexed/bf16 O0/eager/hot: p50=44.816us
T=32 R=32 down_a/indexed/bf16 O0/eager/cold: p50=12.384us
T=32 R=32 down_a/indexed/bf16 O0/cuda_graph/hot: p50=10.448us
T=32 R=32 down_a/indexed/bf16 O0/cuda_graph/cold: p50=12.544us
T=32 R=32 down_a/aligned/bf16 O0/eager/hot: p50=382.496us
T=32 R=32 down_a/aligned/bf16 O0/eager/cold: p50=307.456us
T=32 R=32 down_a/aligned/bf16 O0/cuda_graph/hot: p50=30.144us
T=32 R=32 down_a/aligned/bf16 O0/cuda_graph/cold: p50=35.584us
T=32 R=32 down_a/segmented/bf16 O0/eager/hot: p50=408.784us
T=32 R=32 down_a/segmented/bf16 O0/eager/cold: p50=343.072us
T=32 R=32 down_a/segmented/bf16 O0/cuda_graph/hot: p50=56.800us
T=32 R=32 down_a/segmented/bf16 O0/cuda_graph/cold: p50=64.256us
T=32 R=32 down_a/bmm/bf16 O0/eager/hot: p50=364.368us
T=32 R=32 down_a/bmm/bf16 O0/eager/cold: p50=309.440us
T=32 R=32 down_a/bmm/bf16 O0/cuda_graph/hot: p50=52.672us
T=32 R=32 down_a/bmm/bf16 O0/cuda_graph/cold: p50=60.160us
T=32 R=32 down_finalize/indexed/bf16 O0/eager/hot: p50=33.248us
T=32 R=32 down_finalize/indexed/bf16 O0/eager/cold: p50=12.304us
T=32 R=32 down_finalize/indexed/bf16 O0/cuda_graph/hot: p50=11.680us
T=32 R=32 down_finalize/indexed/bf16 O0/cuda_graph/cold: p50=13.056us
T=32 R=32 down_finalize/aligned/bf16 O0/eager/hot: p50=389.520us
T=32 R=32 down_finalize/aligned/bf16 O0/eager/cold: p50=316.272us
T=32 R=32 down_finalize/aligned/bf16 O0/cuda_graph/hot: p50=32.160us
T=32 R=32 down_finalize/aligned/bf16 O0/cuda_graph/cold: p50=39.680us
T=32 R=32 down_finalize/segmented/bf16 O0/eager/hot: p50=417.840us
T=32 R=32 down_finalize/segmented/bf16 O0/eager/cold: p50=343.520us
T=32 R=32 down_finalize/segmented/bf16 O0/cuda_graph/hot: p50=60.896us
T=32 R=32 down_finalize/segmented/bf16 O0/cuda_graph/cold: p50=66.304us
T=32 R=32 down_finalize/bmm/bf16 O0/eager/hot: p50=179.248us
T=32 R=32 down_finalize/bmm/bf16 O0/eager/cold: p50=110.400us
T=32 R=32 down_finalize/bmm/bf16 O0/cuda_graph/hot: p50=19.904us
T=32 R=32 down_finalize/bmm/bf16 O0/cuda_graph/cold: p50=23.328us
T=32 R=32 down_finalize/one_shot_bf16/bf16 O0/eager/hot: p50=75.648us
T=32 R=32 down_finalize/one_shot_bf16/bf16 O0/eager/cold: p50=72.720us
T=32 R=32 down_finalize/one_shot_bf16/bf16 O0/cuda_graph/hot: p50=69.056us
T=32 R=32 down_finalize/one_shot_bf16/bf16 O0/cuda_graph/cold: p50=70.480us
T=32 R=32 down_finalize/one_shot_fp32/bf16 O0/eager/hot: p50=70.576us
T=32 R=32 down_finalize/one_shot_fp32/bf16 O0/eager/cold: p50=71.632us
T=32 R=32 down_finalize/one_shot_fp32/bf16 O0/cuda_graph/hot: p50=67.040us
T=32 R=32 down_finalize/one_shot_fp32/bf16 O0/cuda_graph/cold: p50=68.368us
T=32 R=64 gate_a/indexed/bf16 O0/eager/hot: p50=49.520us
T=32 R=64 gate_a/indexed/bf16 O0/eager/cold: p50=24.544us
T=32 R=64 gate_a/indexed/bf16 O0/cuda_graph/hot: p50=21.920us
T=32 R=64 gate_a/indexed/bf16 O0/cuda_graph/cold: p50=23.328us
T=32 R=64 gate_a/aligned/bf16 O0/eager/hot: p50=351.280us
T=32 R=64 gate_a/aligned/bf16 O0/eager/cold: p50=283.568us
T=32 R=64 gate_a/aligned/bf16 O0/cuda_graph/hot: p50=32.256us
T=32 R=64 gate_a/aligned/bf16 O0/cuda_graph/cold: p50=39.696us
T=32 R=64 gate_a/segmented/bf16 O0/eager/hot: p50=389.936us
T=32 R=64 gate_a/segmented/bf16 O0/eager/cold: p50=318.336us
T=32 R=64 gate_a/segmented/bf16 O0/cuda_graph/hot: p50=60.864us
T=32 R=64 gate_a/segmented/bf16 O0/cuda_graph/cold: p50=74.496us
T=32 R=64 gate_a/bmm/bf16 O0/eager/hot: p50=380.608us
T=32 R=64 gate_a/bmm/bf16 O0/eager/cold: p50=304.704us
T=32 R=64 gate_a/bmm/bf16 O0/cuda_graph/hot: p50=60.864us
T=32 R=64 gate_a/bmm/bf16 O0/cuda_graph/cold: p50=70.368us
T=32 R=64 gate_consumer/indexed/bf16 O0/eager/hot: p50=70.016us
T=32 R=64 gate_consumer/indexed/bf16 O0/eager/cold: p50=20.496us
T=32 R=64 gate_consumer/indexed/bf16 O0/cuda_graph/hot: p50=17.776us
T=32 R=64 gate_consumer/indexed/bf16 O0/cuda_graph/cold: p50=19.168us
T=32 R=64 gate_consumer/aligned/bf16 O0/eager/hot: p50=386.736us
T=32 R=64 gate_consumer/aligned/bf16 O0/eager/cold: p50=309.344us
T=32 R=64 gate_consumer/aligned/bf16 O0/cuda_graph/hot: p50=33.856us
T=32 R=64 gate_consumer/aligned/bf16 O0/cuda_graph/cold: p50=37.984us
T=32 R=64 gate_consumer/segmented/bf16 O0/eager/hot: p50=392.592us
T=32 R=64 gate_consumer/segmented/bf16 O0/eager/cold: p50=329.232us
T=32 R=64 gate_consumer/segmented/bf16 O0/cuda_graph/hot: p50=56.800us
T=32 R=64 gate_consumer/segmented/bf16 O0/cuda_graph/cold: p50=64.320us
T=32 R=64 gate_consumer/bmm/bf16 O0/eager/hot: p50=426.528us
T=32 R=64 gate_consumer/bmm/bf16 O0/eager/cold: p50=356.976us
T=32 R=64 gate_consumer/bmm/bf16 O0/cuda_graph/hot: p50=48.512us
T=32 R=64 gate_consumer/bmm/bf16 O0/cuda_graph/cold: p50=58.048us
T=32 R=64 down_a/indexed/bf16 O0/eager/hot: p50=45.968us
T=32 R=64 down_a/indexed/bf16 O0/eager/cold: p50=13.312us
T=32 R=64 down_a/indexed/bf16 O0/cuda_graph/hot: p50=10.288us
T=32 R=64 down_a/indexed/bf16 O0/cuda_graph/cold: p50=13.024us
T=32 R=64 down_a/aligned/bf16 O0/eager/hot: p50=346.912us
T=32 R=64 down_a/aligned/bf16 O0/eager/cold: p50=284.560us
T=32 R=64 down_a/aligned/bf16 O0/cuda_graph/hot: p50=30.144us
T=32 R=64 down_a/aligned/bf16 O0/cuda_graph/cold: p50=35.568us
T=32 R=64 down_a/segmented/bf16 O0/eager/hot: p50=389.360us
T=32 R=64 down_a/segmented/bf16 O0/eager/cold: p50=327.888us
T=32 R=64 down_a/segmented/bf16 O0/cuda_graph/hot: p50=54.720us
T=32 R=64 down_a/segmented/bf16 O0/cuda_graph/cold: p50=64.240us
T=32 R=64 down_a/bmm/bf16 O0/eager/hot: p50=353.824us
T=32 R=64 down_a/bmm/bf16 O0/eager/cold: p50=294.064us
T=32 R=64 down_a/bmm/bf16 O0/cuda_graph/hot: p50=52.704us
T=32 R=64 down_a/bmm/bf16 O0/cuda_graph/cold: p50=60.224us
T=32 R=64 down_finalize/indexed/bf16 O0/eager/hot: p50=34.672us
T=32 R=64 down_finalize/indexed/bf16 O0/eager/cold: p50=19.472us
T=32 R=64 down_finalize/indexed/bf16 O0/cuda_graph/hot: p50=15.776us
T=32 R=64 down_finalize/indexed/bf16 O0/cuda_graph/cold: p50=20.256us
T=32 R=64 down_finalize/aligned/bf16 O0/eager/hot: p50=380.064us
T=32 R=64 down_finalize/aligned/bf16 O0/eager/cold: p50=309.216us
T=32 R=64 down_finalize/aligned/bf16 O0/cuda_graph/hot: p50=32.192us
T=32 R=64 down_finalize/aligned/bf16 O0/cuda_graph/cold: p50=39.664us
T=32 R=64 down_finalize/segmented/bf16 O0/eager/hot: p50=411.216us
T=32 R=64 down_finalize/segmented/bf16 O0/eager/cold: p50=350.880us
T=32 R=64 down_finalize/segmented/bf16 O0/cuda_graph/hot: p50=60.832us
T=32 R=64 down_finalize/segmented/bf16 O0/cuda_graph/cold: p50=68.320us
T=32 R=64 down_finalize/bmm/bf16 O0/eager/hot: p50=184.928us
T=32 R=64 down_finalize/bmm/bf16 O0/eager/cold: p50=117.584us
T=32 R=64 down_finalize/bmm/bf16 O0/cuda_graph/hot: p50=19.888us
T=32 R=64 down_finalize/bmm/bf16 O0/cuda_graph/cold: p50=25.312us
T=32 R=64 down_finalize/one_shot_bf16/bf16 O0/eager/hot: p50=105.936us
T=32 R=64 down_finalize/one_shot_bf16/bf16 O0/eager/cold: p50=110.592us
T=32 R=64 down_finalize/one_shot_bf16/bf16 O0/cuda_graph/hot: p50=103.872us
T=32 R=64 down_finalize/one_shot_bf16/bf16 O0/cuda_graph/cold: p50=109.344us
T=32 R=64 down_finalize/one_shot_fp32/bf16 O0/eager/hot: p50=105.920us
T=32 R=64 down_finalize/one_shot_fp32/bf16 O0/eager/cold: p50=110.592us
T=32 R=64 down_finalize/one_shot_fp32/bf16 O0/cuda_graph/hot: p50=101.856us
T=32 R=64 down_finalize/one_shot_fp32/bf16 O0/cuda_graph/cold: p50=108.304us
T=32 R=128 gate_a/indexed/bf16 O0/eager/hot: p50=49.584us
T=32 R=128 gate_a/indexed/bf16 O0/eager/cold: p50=38.912us
T=32 R=128 gate_a/indexed/bf16 O0/cuda_graph/hot: p50=33.840us
T=32 R=128 gate_a/indexed/bf16 O0/cuda_graph/cold: p50=37.616us
T=32 R=128 gate_a/aligned/bf16 O0/eager/hot: p50=351.424us
T=32 R=128 gate_a/aligned/bf16 O0/eager/cold: p50=282.976us
T=32 R=128 gate_a/aligned/bf16 O0/cuda_graph/hot: p50=34.208us
T=32 R=128 gate_a/aligned/bf16 O0/cuda_graph/cold: p50=41.760us
T=32 R=128 gate_a/segmented/bf16 O0/eager/hot: p50=393.776us
T=32 R=128 gate_a/segmented/bf16 O0/eager/cold: p50=323.456us
T=32 R=128 gate_a/segmented/bf16 O0/cuda_graph/hot: p50=62.912us
T=32 R=128 gate_a/segmented/bf16 O0/cuda_graph/cold: p50=78.592us
T=32 R=128 gate_a/bmm/bf16 O0/eager/hot: p50=382.416us
T=32 R=128 gate_a/bmm/bf16 O0/eager/cold: p50=313.664us
T=32 R=128 gate_a/bmm/bf16 O0/cuda_graph/hot: p50=61.040us
T=32 R=128 gate_a/bmm/bf16 O0/cuda_graph/cold: p50=74.496us
T=32 R=128 gate_consumer/indexed/bf16 O0/eager/hot: p50=72.784us
T=32 R=128 gate_consumer/indexed/bf16 O0/eager/cold: p50=25.632us
T=32 R=128 gate_consumer/indexed/bf16 O0/cuda_graph/hot: p50=21.936us
T=32 R=128 gate_consumer/indexed/bf16 O0/cuda_graph/cold: p50=25.376us
T=32 R=128 gate_consumer/aligned/bf16 O0/eager/hot: p50=381.152us
T=32 R=128 gate_consumer/aligned/bf16 O0/eager/cold: p50=309.696us
T=32 R=128 gate_consumer/aligned/bf16 O0/cuda_graph/hot: p50=34.000us
T=32 R=128 gate_consumer/aligned/bf16 O0/cuda_graph/cold: p50=42.192us
T=32 R=128 gate_consumer/segmented/bf16 O0/eager/hot: p50=401.920us
T=32 R=128 gate_consumer/segmented/bf16 O0/eager/cold: p50=330.832us
T=32 R=128 gate_consumer/segmented/bf16 O0/cuda_graph/hot: p50=60.864us
T=32 R=128 gate_consumer/segmented/bf16 O0/cuda_graph/cold: p50=68.352us
T=32 R=128 gate_consumer/bmm/bf16 O0/eager/hot: p50=432.304us
T=32 R=128 gate_consumer/bmm/bf16 O0/eager/cold: p50=353.200us
T=32 R=128 gate_consumer/bmm/bf16 O0/cuda_graph/hot: p50=50.656us
T=32 R=128 gate_consumer/bmm/bf16 O0/cuda_graph/cold: p50=58.496us
T=32 R=128 down_a/indexed/bf16 O0/eager/hot: p50=46.272us
T=32 R=128 down_a/indexed/bf16 O0/eager/cold: p50=13.776us
T=32 R=128 down_a/indexed/bf16 O0/cuda_graph/hot: p50=12.256us
T=32 R=128 down_a/indexed/bf16 O0/cuda_graph/cold: p50=13.056us
T=32 R=128 down_a/aligned/bf16 O0/eager/hot: p50=352.944us
T=32 R=128 down_a/aligned/bf16 O0/eager/cold: p50=272.192us
T=32 R=128 down_a/aligned/bf16 O0/cuda_graph/hot: p50=30.144us
T=32 R=128 down_a/aligned/bf16 O0/cuda_graph/cold: p50=35.584us
T=32 R=128 down_a/segmented/bf16 O0/eager/hot: p50=378.272us
T=32 R=128 down_a/segmented/bf16 O0/eager/cold: p50=315.184us
T=32 R=128 down_a/segmented/bf16 O0/cuda_graph/hot: p50=56.800us
T=32 R=128 down_a/segmented/bf16 O0/cuda_graph/cold: p50=64.288us
T=32 R=128 down_a/bmm/bf16 O0/eager/hot: p50=353.840us
T=32 R=128 down_a/bmm/bf16 O0/eager/cold: p50=282.240us
T=32 R=128 down_a/bmm/bf16 O0/cuda_graph/hot: p50=52.736us
T=32 R=128 down_a/bmm/bf16 O0/cuda_graph/cold: p50=61.056us
T=32 R=128 down_finalize/indexed/bf16 O0/eager/hot: p50=37.776us
T=32 R=128 down_finalize/indexed/bf16 O0/eager/cold: p50=33.648us
T=32 R=128 down_finalize/indexed/bf16 O0/cuda_graph/hot: p50=26.048us
T=32 R=128 down_finalize/indexed/bf16 O0/cuda_graph/cold: p50=33.728us
T=32 R=128 down_finalize/aligned/bf16 O0/eager/hot: p50=388.752us
T=32 R=128 down_finalize/aligned/bf16 O0/eager/cold: p50=318.144us
T=32 R=128 down_finalize/aligned/bf16 O0/cuda_graph/hot: p50=33.392us
T=32 R=128 down_finalize/aligned/bf16 O0/cuda_graph/cold: p50=41.776us
T=32 R=128 down_finalize/segmented/bf16 O0/eager/hot: p50=403.824us
T=32 R=128 down_finalize/segmented/bf16 O0/eager/cold: p50=331.616us
T=32 R=128 down_finalize/segmented/bf16 O0/cuda_graph/hot: p50=60.864us
T=32 R=128 down_finalize/segmented/bf16 O0/cuda_graph/cold: p50=68.512us
T=32 R=128 down_finalize/bmm/bf16 O0/eager/hot: p50=189.584us
T=32 R=128 down_finalize/bmm/bf16 O0/eager/cold: p50=115.424us
T=32 R=128 down_finalize/bmm/bf16 O0/cuda_graph/hot: p50=21.952us
T=32 R=128 down_finalize/bmm/bf16 O0/cuda_graph/cold: p50=27.376us
T=32 R=128 down_finalize/one_shot_bf16/bf16 O0/eager/hot: p50=171.520us
T=32 R=128 down_finalize/one_shot_bf16/bf16 O0/eager/cold: p50=174.080us
T=32 R=128 down_finalize/one_shot_bf16/bf16 O0/cuda_graph/hot: p50=167.360us
T=32 R=128 down_finalize/one_shot_bf16/bf16 O0/cuda_graph/cold: p50=171.120us
T=32 R=128 down_finalize/one_shot_fp32/bf16 O0/eager/hot: p50=173.376us
T=32 R=128 down_finalize/one_shot_fp32/bf16 O0/eager/cold: p50=176.128us
T=32 R=128 down_finalize/one_shot_fp32/bf16 O0/cuda_graph/hot: p50=171.456us
T=32 R=128 down_finalize/one_shot_fp32/bf16 O0/cuda_graph/cold: p50=174.672us
T=256 R=16 gate_a/indexed/bf16 O0/eager/hot: p50=52.368us
T=256 R=16 gate_a/indexed/bf16 O0/eager/cold: p50=37.968us
T=256 R=16 gate_a/indexed/bf16 O0/cuda_graph/hot: p50=34.000us
T=256 R=16 gate_a/indexed/bf16 O0/cuda_graph/cold: p50=37.616us
T=256 R=16 gate_a/aligned/bf16 O0/eager/hot: p50=351.968us
T=256 R=16 gate_a/aligned/bf16 O0/eager/cold: p50=283.696us
T=256 R=16 gate_a/aligned/bf16 O0/cuda_graph/hot: p50=36.288us
T=256 R=16 gate_a/aligned/bf16 O0/cuda_graph/cold: p50=43.744us
T=256 R=16 gate_a/segmented/bf16 O0/eager/hot: p50=386.720us
T=256 R=16 gate_a/segmented/bf16 O0/eager/cold: p50=313.600us
T=256 R=16 gate_a/segmented/bf16 O0/cuda_graph/hot: p50=62.912us
T=256 R=16 gate_a/segmented/bf16 O0/cuda_graph/cold: p50=72.496us
T=256 R=16 gate_a/bmm/bf16 O0/eager/hot: p50=375.296us
T=256 R=16 gate_a/bmm/bf16 O0/eager/cold: p50=299.744us
T=256 R=16 gate_a/bmm/bf16 O0/cuda_graph/hot: p50=62.928us
T=256 R=16 gate_a/bmm/bf16 O0/cuda_graph/cold: p50=71.104us
T=256 R=16 gate_consumer/indexed/bf16 O0/eager/hot: p50=71.376us
T=256 R=16 gate_consumer/indexed/bf16 O0/eager/cold: p50=32.000us
T=256 R=16 gate_consumer/indexed/bf16 O0/cuda_graph/hot: p50=30.144us
T=256 R=16 gate_consumer/indexed/bf16 O0/cuda_graph/cold: p50=31.488us
T=256 R=16 gate_consumer/aligned/bf16 O0/eager/hot: p50=371.648us
T=256 R=16 gate_consumer/aligned/bf16 O0/eager/cold: p50=299.216us
T=256 R=16 gate_consumer/aligned/bf16 O0/cuda_graph/hot: p50=38.848us
T=256 R=16 gate_consumer/aligned/bf16 O0/cuda_graph/cold: p50=48.304us
T=256 R=16 gate_consumer/segmented/bf16 O0/eager/hot: p50=408.800us
T=256 R=16 gate_consumer/segmented/bf16 O0/eager/cold: p50=333.968us
T=256 R=16 gate_consumer/segmented/bf16 O0/cuda_graph/hot: p50=66.512us
T=256 R=16 gate_consumer/segmented/bf16 O0/cuda_graph/cold: p50=72.448us
T=256 R=16 gate_consumer/bmm/bf16 O0/eager/hot: p50=394.256us
T=256 R=16 gate_consumer/bmm/bf16 O0/eager/cold: p50=343.536us
T=256 R=16 gate_consumer/bmm/bf16 O0/cuda_graph/hot: p50=56.768us
T=256 R=16 gate_consumer/bmm/bf16 O0/cuda_graph/cold: p50=62.432us
T=256 R=16 down_a/indexed/bf16 O0/eager/hot: p50=43.328us
T=256 R=16 down_a/indexed/bf16 O0/eager/cold: p50=17.952us
T=256 R=16 down_a/indexed/bf16 O0/cuda_graph/hot: p50=15.776us
T=256 R=16 down_a/indexed/bf16 O0/cuda_graph/cold: p50=17.552us
T=256 R=16 down_a/aligned/bf16 O0/eager/hot: p50=344.960us
T=256 R=16 down_a/aligned/bf16 O0/eager/cold: p50=271.632us
T=256 R=16 down_a/aligned/bf16 O0/cuda_graph/hot: p50=34.176us
T=256 R=16 down_a/aligned/bf16 O0/cuda_graph/cold: p50=39.024us
T=256 R=16 down_a/segmented/bf16 O0/eager/hot: p50=390.256us
T=256 R=16 down_a/segmented/bf16 O0/eager/cold: p50=319.616us
T=256 R=16 down_a/segmented/bf16 O0/cuda_graph/hot: p50=56.800us
T=256 R=16 down_a/segmented/bf16 O0/cuda_graph/cold: p50=62.240us
T=256 R=16 down_a/bmm/bf16 O0/eager/hot: p50=344.848us
T=256 R=16 down_a/bmm/bf16 O0/eager/cold: p50=278.416us
T=256 R=16 down_a/bmm/bf16 O0/cuda_graph/hot: p50=56.768us
T=256 R=16 down_a/bmm/bf16 O0/cuda_graph/cold: p50=64.240us
T=256 R=16 down_finalize/indexed/bf16 O0/eager/hot: p50=37.776us
T=256 R=16 down_finalize/indexed/bf16 O0/eager/cold: p50=31.744us
T=256 R=16 down_finalize/indexed/bf16 O0/cuda_graph/hot: p50=30.144us
T=256 R=16 down_finalize/indexed/bf16 O0/cuda_graph/cold: p50=31.472us
T=256 R=16 down_finalize/aligned/bf16 O0/eager/hot: p50=374.784us
T=256 R=16 down_finalize/aligned/bf16 O0/eager/cold: p50=308.880us
T=256 R=16 down_finalize/aligned/bf16 O0/cuda_graph/hot: p50=40.384us
T=256 R=16 down_finalize/aligned/bf16 O0/cuda_graph/cold: p50=47.200us
T=256 R=16 down_finalize/segmented/bf16 O0/eager/hot: p50=406.048us
T=256 R=16 down_finalize/segmented/bf16 O0/eager/cold: p50=331.568us
T=256 R=16 down_finalize/segmented/bf16 O0/cuda_graph/hot: p50=93.632us
T=256 R=16 down_finalize/segmented/bf16 O0/cuda_graph/cold: p50=99.072us
T=256 R=16 down_finalize/bmm/bf16 O0/eager/hot: p50=175.392us
T=256 R=16 down_finalize/bmm/bf16 O0/eager/cold: p50=108.464us
T=256 R=16 down_finalize/bmm/bf16 O0/cuda_graph/hot: p50=32.192us
T=256 R=16 down_finalize/bmm/bf16 O0/cuda_graph/cold: p50=35.552us
T=256 R=16 down_finalize/one_shot_bf16/bf16 O0/eager/hot: p50=345.120us
T=256 R=16 down_finalize/one_shot_bf16/bf16 O0/eager/cold: p50=348.592us
T=256 R=16 down_finalize/one_shot_bf16/bf16 O0/cuda_graph/hot: p50=341.440us
T=256 R=16 down_finalize/one_shot_bf16/bf16 O0/cuda_graph/cold: p50=344.832us
T=256 R=16 down_finalize/one_shot_fp32/bf16 O0/eager/hot: p50=335.120us
T=256 R=16 down_finalize/one_shot_fp32/bf16 O0/eager/cold: p50=339.936us
T=256 R=16 down_finalize/one_shot_fp32/bf16 O0/cuda_graph/hot: p50=331.248us
T=256 R=16 down_finalize/one_shot_fp32/bf16 O0/cuda_graph/cold: p50=336.640us
T=256 R=32 gate_a/indexed/bf16 O0/eager/hot: p50=55.152us
T=256 R=32 gate_a/indexed/bf16 O0/eager/cold: p50=57.664us
T=256 R=32 gate_a/indexed/bf16 O0/cuda_graph/hot: p50=54.752us
T=256 R=32 gate_a/indexed/bf16 O0/cuda_graph/cold: p50=56.832us
T=256 R=32 gate_a/aligned/bf16 O0/eager/hot: p50=351.792us
T=256 R=32 gate_a/aligned/bf16 O0/eager/cold: p50=276.448us
T=256 R=32 gate_a/aligned/bf16 O0/cuda_graph/hot: p50=38.304us
T=256 R=32 gate_a/aligned/bf16 O0/cuda_graph/cold: p50=45.792us
T=256 R=32 gate_a/segmented/bf16 O0/eager/hot: p50=381.088us
T=256 R=32 gate_a/segmented/bf16 O0/eager/cold: p50=307.792us
T=256 R=32 gate_a/segmented/bf16 O0/cuda_graph/hot: p50=65.008us
T=256 R=32 gate_a/segmented/bf16 O0/cuda_graph/cold: p50=76.512us
T=256 R=32 gate_a/bmm/bf16 O0/eager/hot: p50=377.136us
T=256 R=32 gate_a/bmm/bf16 O0/eager/cold: p50=299.040us
T=256 R=32 gate_a/bmm/bf16 O0/cuda_graph/hot: p50=62.944us
T=256 R=32 gate_a/bmm/bf16 O0/cuda_graph/cold: p50=71.648us
T=256 R=32 gate_consumer/indexed/bf16 O0/eager/hot: p50=74.144us
T=256 R=32 gate_consumer/indexed/bf16 O0/eager/cold: p50=41.632us
T=256 R=32 gate_consumer/indexed/bf16 O0/cuda_graph/hot: p50=38.336us
T=256 R=32 gate_consumer/indexed/bf16 O0/cuda_graph/cold: p50=39.744us
T=256 R=32 gate_consumer/aligned/bf16 O0/eager/hot: p50=375.872us
T=256 R=32 gate_consumer/aligned/bf16 O0/eager/cold: p50=301.856us
T=256 R=32 gate_consumer/aligned/bf16 O0/cuda_graph/hot: p50=38.336us
T=256 R=32 gate_consumer/aligned/bf16 O0/cuda_graph/cold: p50=44.560us
T=256 R=32 gate_consumer/segmented/bf16 O0/eager/hot: p50=384.048us
T=256 R=32 gate_consumer/segmented/bf16 O0/eager/cold: p50=646.720us
T=256 R=32 gate_consumer/segmented/bf16 O0/cuda_graph/hot: p50=60.864us
T=256 R=32 gate_consumer/segmented/bf16 O0/cuda_graph/cold: p50=64.224us
T=256 R=32 gate_consumer/bmm/bf16 O0/eager/hot: p50=677.152us
T=256 R=32 gate_consumer/bmm/bf16 O0/eager/cold: p50=565.904us
T=256 R=32 gate_consumer/bmm/bf16 O0/cuda_graph/hot: p50=52.672us
T=256 R=32 gate_consumer/bmm/bf16 O0/cuda_graph/cold: p50=64.256us
T=256 R=32 down_a/indexed/bf16 O0/eager/hot: p50=66.688us
T=256 R=32 down_a/indexed/bf16 O0/eager/cold: p50=18.960us
T=256 R=32 down_a/indexed/bf16 O0/cuda_graph/hot: p50=16.768us
T=256 R=32 down_a/indexed/bf16 O0/cuda_graph/cold: p50=17.184us
T=256 R=32 down_a/aligned/bf16 O0/eager/hot: p50=449.648us
T=256 R=32 down_a/aligned/bf16 O0/eager/cold: p50=367.104us
T=256 R=32 down_a/aligned/bf16 O0/cuda_graph/hot: p50=34.160us
T=256 R=32 down_a/aligned/bf16 O0/cuda_graph/cold: p50=41.728us
T=256 R=32 down_a/segmented/bf16 O0/eager/hot: p50=451.264us
T=256 R=32 down_a/segmented/bf16 O0/eager/cold: p50=381.872us
T=256 R=32 down_a/segmented/bf16 O0/cuda_graph/hot: p50=58.816us
T=256 R=32 down_a/segmented/bf16 O0/cuda_graph/cold: p50=67.120us
T=256 R=32 down_a/bmm/bf16 O0/eager/hot: p50=380.208us
T=256 R=32 down_a/bmm/bf16 O0/eager/cold: p50=308.576us
T=256 R=32 down_a/bmm/bf16 O0/cuda_graph/hot: p50=56.784us
T=256 R=32 down_a/bmm/bf16 O0/cuda_graph/cold: p50=64.272us
T=256 R=32 down_finalize/indexed/bf16 O0/eager/hot: p50=44.304us
T=256 R=32 down_finalize/indexed/bf16 O0/eager/cold: p50=41.904us
T=256 R=32 down_finalize/indexed/bf16 O0/cuda_graph/hot: p50=40.384us
T=256 R=32 down_finalize/indexed/bf16 O0/cuda_graph/cold: p50=43.760us
T=256 R=32 down_finalize/aligned/bf16 O0/eager/hot: p50=399.776us
T=256 R=32 down_finalize/aligned/bf16 O0/eager/cold: p50=325.344us
T=256 R=32 down_finalize/aligned/bf16 O0/cuda_graph/hot: p50=42.416us
T=256 R=32 down_finalize/aligned/bf16 O0/cuda_graph/cold: p50=51.968us
T=256 R=32 down_finalize/segmented/bf16 O0/eager/hot: p50=435.856us
T=256 R=32 down_finalize/segmented/bf16 O0/eager/cold: p50=358.064us
T=256 R=32 down_finalize/segmented/bf16 O0/cuda_graph/hot: p50=95.696us
T=256 R=32 down_finalize/segmented/bf16 O0/cuda_graph/cold: p50=103.152us
T=256 R=32 down_finalize/bmm/bf16 O0/eager/hot: p50=184.128us
T=256 R=32 down_finalize/bmm/bf16 O0/eager/cold: p50=111.824us
T=256 R=32 down_finalize/bmm/bf16 O0/cuda_graph/hot: p50=32.192us
T=256 R=32 down_finalize/bmm/bf16 O0/cuda_graph/cold: p50=35.600us
T=256 R=32 down_finalize/one_shot_bf16/bf16 O0/eager/hot: p50=472.192us
T=256 R=32 down_finalize/one_shot_bf16/bf16 O0/eager/cold: p50=476.160us
T=256 R=32 down_finalize/one_shot_bf16/bf16 O0/cuda_graph/hot: p50=468.432us
T=256 R=32 down_finalize/one_shot_bf16/bf16 O0/cuda_graph/cold: p50=473.856us
T=256 R=32 down_finalize/one_shot_fp32/bf16 O0/eager/hot: p50=465.664us
T=256 R=32 down_finalize/one_shot_fp32/bf16 O0/eager/cold: p50=467.968us
T=256 R=32 down_finalize/one_shot_fp32/bf16 O0/cuda_graph/hot: p50=462.272us
T=256 R=32 down_finalize/one_shot_fp32/bf16 O0/cuda_graph/cold: p50=464.992us
T=256 R=64 gate_a/indexed/bf16 O0/eager/hot: p50=99.696us
T=256 R=64 gate_a/indexed/bf16 O0/eager/cold: p50=102.384us
T=256 R=64 gate_a/indexed/bf16 O0/cuda_graph/hot: p50=97.728us
T=256 R=64 gate_a/indexed/bf16 O0/cuda_graph/cold: p50=100.880us
T=256 R=64 gate_a/aligned/bf16 O0/eager/hot: p50=350.736us
T=256 R=64 gate_a/aligned/bf16 O0/eager/cold: p50=279.168us
T=256 R=64 gate_a/aligned/bf16 O0/cuda_graph/hot: p50=40.880us
T=256 R=64 gate_a/aligned/bf16 O0/cuda_graph/cold: p50=46.192us
T=256 R=64 gate_a/segmented/bf16 O0/eager/hot: p50=387.536us
T=256 R=64 gate_a/segmented/bf16 O0/eager/cold: p50=311.584us
T=256 R=64 gate_a/segmented/bf16 O0/cuda_graph/hot: p50=69.056us
T=256 R=64 gate_a/segmented/bf16 O0/cuda_graph/cold: p50=76.576us
T=256 R=64 gate_a/bmm/bf16 O0/eager/hot: p50=377.968us
T=256 R=64 gate_a/bmm/bf16 O0/eager/cold: p50=294.912us
T=256 R=64 gate_a/bmm/bf16 O0/cuda_graph/hot: p50=63.824us
T=256 R=64 gate_a/bmm/bf16 O0/cuda_graph/cold: p50=74.512us
T=256 R=64 gate_consumer/indexed/bf16 O0/eager/hot: p50=73.632us
T=256 R=64 gate_consumer/indexed/bf16 O0/eager/cold: p50=61.408us
T=256 R=64 gate_consumer/indexed/bf16 O0/cuda_graph/hot: p50=56.768us
T=256 R=64 gate_consumer/indexed/bf16 O0/cuda_graph/cold: p50=60.160us
T=256 R=64 gate_consumer/aligned/bf16 O0/eager/hot: p50=363.056us
T=256 R=64 gate_consumer/aligned/bf16 O0/eager/cold: p50=289.008us
T=256 R=64 gate_consumer/aligned/bf16 O0/cuda_graph/hot: p50=38.336us
T=256 R=64 gate_consumer/aligned/bf16 O0/cuda_graph/cold: p50=44.320us
T=256 R=64 gate_consumer/segmented/bf16 O0/eager/hot: p50=380.688us
T=256 R=64 gate_consumer/segmented/bf16 O0/eager/cold: p50=315.760us
T=256 R=64 gate_consumer/segmented/bf16 O0/cuda_graph/hot: p50=65.200us
T=256 R=64 gate_consumer/segmented/bf16 O0/cuda_graph/cold: p50=72.448us
T=256 R=64 gate_consumer/bmm/bf16 O0/eager/hot: p50=409.136us
T=256 R=64 gate_consumer/bmm/bf16 O0/eager/cold: p50=336.960us
T=256 R=64 gate_consumer/bmm/bf16 O0/cuda_graph/hot: p50=56.784us
T=256 R=64 gate_consumer/bmm/bf16 O0/cuda_graph/cold: p50=64.416us
T=256 R=64 down_a/indexed/bf16 O0/eager/hot: p50=46.496us
T=256 R=64 down_a/indexed/bf16 O0/eager/cold: p50=24.576us
T=256 R=64 down_a/indexed/bf16 O0/cuda_graph/hot: p50=21.792us
T=256 R=64 down_a/indexed/bf16 O0/cuda_graph/cold: p50=23.264us
T=256 R=64 down_a/aligned/bf16 O0/eager/hot: p50=341.504us
T=256 R=64 down_a/aligned/bf16 O0/eager/cold: p50=267.248us
T=256 R=64 down_a/aligned/bf16 O0/cuda_graph/hot: p50=34.272us
T=256 R=64 down_a/aligned/bf16 O0/cuda_graph/cold: p50=39.680us
T=256 R=64 down_a/segmented/bf16 O0/eager/hot: p50=379.888us
T=256 R=64 down_a/segmented/bf16 O0/eager/cold: p50=312.080us
T=256 R=64 down_a/segmented/bf16 O0/cuda_graph/hot: p50=58.848us
T=256 R=64 down_a/segmented/bf16 O0/cuda_graph/cold: p50=64.256us
T=256 R=64 down_a/bmm/bf16 O0/eager/hot: p50=342.288us
T=256 R=64 down_a/bmm/bf16 O0/eager/cold: p50=274.928us
T=256 R=64 down_a/bmm/bf16 O0/cuda_graph/hot: p50=56.768us
T=256 R=64 down_a/bmm/bf16 O0/cuda_graph/cold: p50=64.240us
T=256 R=64 down_finalize/indexed/bf16 O0/eager/hot: p50=63.120us
T=256 R=64 down_finalize/indexed/bf16 O0/eager/cold: p50=68.256us
T=256 R=64 down_finalize/indexed/bf16 O0/cuda_graph/hot: p50=62.944us
T=256 R=64 down_finalize/indexed/bf16 O0/cuda_graph/cold: p50=68.352us
T=256 R=64 down_finalize/aligned/bf16 O0/eager/hot: p50=377.264us
T=256 R=64 down_finalize/aligned/bf16 O0/eager/cold: p50=300.992us
T=256 R=64 down_finalize/aligned/bf16 O0/cuda_graph/hot: p50=42.784us
T=256 R=64 down_finalize/aligned/bf16 O0/cuda_graph/cold: p50=51.968us
T=256 R=64 down_finalize/segmented/bf16 O0/eager/hot: p50=399.104us
T=256 R=64 down_finalize/segmented/bf16 O0/eager/cold: p50=329.856us
T=256 R=64 down_finalize/segmented/bf16 O0/cuda_graph/hot: p50=93.664us
T=256 R=64 down_finalize/segmented/bf16 O0/cuda_graph/cold: p50=101.120us
T=256 R=64 down_finalize/bmm/bf16 O0/eager/hot: p50=174.672us
T=256 R=64 down_finalize/bmm/bf16 O0/eager/cold: p50=112.592us
T=256 R=64 down_finalize/bmm/bf16 O0/cuda_graph/hot: p50=33.376us
T=256 R=64 down_finalize/bmm/bf16 O0/cuda_graph/cold: p50=37.792us
T=256 R=64 down_finalize/one_shot_bf16/bf16 O0/eager/hot: p50=738.704us
T=256 R=64 down_finalize/one_shot_bf16/bf16 O0/eager/cold: p50=745.472us
T=256 R=64 down_finalize/one_shot_bf16/bf16 O0/cuda_graph/hot: p50=735.696us
T=256 R=64 down_finalize/one_shot_bf16/bf16 O0/cuda_graph/cold: p50=742.144us
T=256 R=64 down_finalize/one_shot_fp32/bf16 O0/eager/hot: p50=729.856us
T=256 R=64 down_finalize/one_shot_fp32/bf16 O0/eager/cold: p50=737.248us
T=256 R=64 down_finalize/one_shot_fp32/bf16 O0/cuda_graph/hot: p50=726.496us
T=256 R=64 down_finalize/one_shot_fp32/bf16 O0/cuda_graph/cold: p50=733.952us
T=256 R=128 gate_a/indexed/bf16 O0/eager/hot: p50=184.800us
T=256 R=128 gate_a/indexed/bf16 O0/eager/cold: p50=187.920us
T=256 R=128 gate_a/indexed/bf16 O0/cuda_graph/hot: p50=183.776us
T=256 R=128 gate_a/indexed/bf16 O0/cuda_graph/cold: p50=187.168us
T=256 R=128 gate_a/aligned/bf16 O0/eager/hot: p50=332.096us
T=256 R=128 gate_a/aligned/bf16 O0/eager/cold: p50=251.440us
T=256 R=128 gate_a/aligned/bf16 O0/cuda_graph/hot: p50=46.544us
T=256 R=128 gate_a/aligned/bf16 O0/cuda_graph/cold: p50=51.824us
T=256 R=128 gate_a/segmented/bf16 O0/eager/hot: p50=362.416us
T=256 R=128 gate_a/segmented/bf16 O0/eager/cold: p50=298.704us
T=256 R=128 gate_a/segmented/bf16 O0/cuda_graph/hot: p50=83.424us
T=256 R=128 gate_a/segmented/bf16 O0/cuda_graph/cold: p50=82.688us
T=256 R=128 gate_a/bmm/bf16 O0/eager/hot: p50=351.408us
T=256 R=128 gate_a/bmm/bf16 O0/eager/cold: p50=276.704us
T=256 R=128 gate_a/bmm/bf16 O0/cuda_graph/hot: p50=71.136us
T=256 R=128 gate_a/bmm/bf16 O0/cuda_graph/cold: p50=80.784us
T=256 R=128 gate_consumer/indexed/bf16 O0/eager/hot: p50=107.776us
T=256 R=128 gate_consumer/indexed/bf16 O0/eager/cold: p50=112.192us
T=256 R=128 gate_consumer/indexed/bf16 O0/cuda_graph/hot: p50=105.952us
T=256 R=128 gate_consumer/indexed/bf16 O0/cuda_graph/cold: p50=111.360us
T=256 R=128 gate_consumer/aligned/bf16 O0/eager/hot: p50=355.664us
T=256 R=128 gate_consumer/aligned/bf16 O0/eager/cold: p50=283.104us
T=256 R=128 gate_consumer/aligned/bf16 O0/cuda_graph/hot: p50=42.432us
T=256 R=128 gate_consumer/aligned/bf16 O0/cuda_graph/cold: p50=53.984us
T=256 R=128 gate_consumer/segmented/bf16 O0/eager/hot: p50=377.008us
T=256 R=128 gate_consumer/segmented/bf16 O0/eager/cold: p50=308.656us
T=256 R=128 gate_consumer/segmented/bf16 O0/cuda_graph/hot: p50=69.584us
T=256 R=128 gate_consumer/segmented/bf16 O0/cuda_graph/cold: p50=80.000us
T=256 R=128 gate_consumer/bmm/bf16 O0/eager/hot: p50=398.656us
T=256 R=128 gate_consumer/bmm/bf16 O0/eager/cold: p50=324.560us
T=256 R=128 gate_consumer/bmm/bf16 O0/cuda_graph/hot: p50=56.800us
T=256 R=128 gate_consumer/bmm/bf16 O0/cuda_graph/cold: p50=67.248us
T=256 R=128 down_a/indexed/bf16 O0/eager/hot: p50=49.040us
T=256 R=128 down_a/indexed/bf16 O0/eager/cold: p50=37.056us
T=256 R=128 down_a/indexed/bf16 O0/cuda_graph/hot: p50=34.240us
T=256 R=128 down_a/indexed/bf16 O0/cuda_graph/cold: p50=35.616us
T=256 R=128 down_a/aligned/bf16 O0/eager/hot: p50=323.728us
T=256 R=128 down_a/aligned/bf16 O0/eager/cold: p50=253.616us
T=256 R=128 down_a/aligned/bf16 O0/cuda_graph/hot: p50=34.272us
T=256 R=128 down_a/aligned/bf16 O0/cuda_graph/cold: p50=41.728us
T=256 R=128 down_a/segmented/bf16 O0/eager/hot: p50=362.544us
T=256 R=128 down_a/segmented/bf16 O0/eager/cold: p50=309.792us
T=256 R=128 down_a/segmented/bf16 O0/cuda_graph/hot: p50=60.704us
T=256 R=128 down_a/segmented/bf16 O0/cuda_graph/cold: p50=66.304us
T=256 R=128 down_a/bmm/bf16 O0/eager/hot: p50=332.000us
T=256 R=128 down_a/bmm/bf16 O0/eager/cold: p50=257.088us
T=256 R=128 down_a/bmm/bf16 O0/cuda_graph/hot: p50=56.784us
T=256 R=128 down_a/bmm/bf16 O0/cuda_graph/cold: p50=66.336us
T=256 R=128 down_finalize/indexed/bf16 O0/eager/hot: p50=143.808us
T=256 R=128 down_finalize/indexed/bf16 O0/eager/cold: p50=174.768us
T=256 R=128 down_finalize/indexed/bf16 O0/cuda_graph/hot: p50=144.848us
T=256 R=128 down_finalize/indexed/bf16 O0/cuda_graph/cold: p50=174.832us
T=256 R=128 down_finalize/aligned/bf16 O0/eager/hot: p50=366.368us
T=256 R=128 down_finalize/aligned/bf16 O0/eager/cold: p50=287.680us
T=256 R=128 down_finalize/aligned/bf16 O0/cuda_graph/hot: p50=46.560us
T=256 R=128 down_finalize/aligned/bf16 O0/cuda_graph/cold: p50=60.128us
T=256 R=128 down_finalize/segmented/bf16 O0/eager/hot: p50=395.600us
T=256 R=128 down_finalize/segmented/bf16 O0/eager/cold: p50=322.576us
T=256 R=128 down_finalize/segmented/bf16 O0/cuda_graph/hot: p50=93.664us
T=256 R=128 down_finalize/segmented/bf16 O0/cuda_graph/cold: p50=101.408us
T=256 R=128 down_finalize/bmm/bf16 O0/eager/hot: p50=168.656us
T=256 R=128 down_finalize/bmm/bf16 O0/eager/cold: p50=102.896us
T=256 R=128 down_finalize/bmm/bf16 O0/cuda_graph/hot: p50=34.272us
T=256 R=128 down_finalize/bmm/bf16 O0/cuda_graph/cold: p50=39.744us
T=256 R=128 down_finalize/one_shot_bf16/bf16 O0/eager/hot: p50=1268.512us
T=256 R=128 down_finalize/one_shot_bf16/bf16 O0/eager/cold: p50=1273.328us
T=256 R=128 down_finalize/one_shot_bf16/bf16 O0/cuda_graph/hot: p50=1266.128us
T=256 R=128 down_finalize/one_shot_bf16/bf16 O0/cuda_graph/cold: p50=1271.552us
T=256 R=128 down_finalize/one_shot_fp32/bf16 O0/eager/hot: p50=1281.152us
T=256 R=128 down_finalize/one_shot_fp32/bf16 O0/eager/cold: p50=1286.256us
T=256 R=128 down_finalize/one_shot_fp32/bf16 O0/cuda_graph/hot: p50=1279.104us
T=256 R=128 down_finalize/one_shot_fp32/bf16 O0/cuda_graph/cold: p50=1283.840us
T=2048 R=16 gate_a/indexed/bf16 O0/eager/hot: p50=185.664us
T=2048 R=16 gate_a/indexed/bf16 O0/eager/cold: p50=192.528us
T=2048 R=16 gate_a/indexed/bf16 O0/cuda_graph/hot: p50=183.776us
T=2048 R=16 gate_a/indexed/bf16 O0/cuda_graph/cold: p50=191.264us
T=2048 R=16 gate_a/aligned/bf16 O0/eager/hot: p50=338.288us
T=2048 R=16 gate_a/aligned/bf16 O0/eager/cold: p50=270.576us
T=2048 R=16 gate_a/aligned/bf16 O0/cuda_graph/hot: p50=58.768us
T=2048 R=16 gate_a/aligned/bf16 O0/cuda_graph/cold: p50=66.304us
T=2048 R=16 gate_a/segmented/bf16 O0/eager/hot: p50=396.704us
T=2048 R=16 gate_a/segmented/bf16 O0/eager/cold: p50=342.736us
T=2048 R=16 gate_a/segmented/bf16 O0/cuda_graph/hot: p50=163.296us
T=2048 R=16 gate_a/segmented/bf16 O0/cuda_graph/cold: p50=169.728us
T=2048 R=16 gate_a/bmm/bf16 O0/eager/hot: p50=390.768us
T=2048 R=16 gate_a/bmm/bf16 O0/eager/cold: p50=306.000us
T=2048 R=16 gate_a/bmm/bf16 O0/cuda_graph/hot: p50=161.248us
T=2048 R=16 gate_a/bmm/bf16 O0/cuda_graph/cold: p50=160.592us
T=2048 R=16 gate_consumer/indexed/bf16 O0/eager/hot: p50=177.136us
T=2048 R=16 gate_consumer/indexed/bf16 O0/eager/cold: p50=178.176us
T=2048 R=16 gate_consumer/indexed/bf16 O0/cuda_graph/hot: p50=175.568us
T=2048 R=16 gate_consumer/indexed/bf16 O0/cuda_graph/cold: p50=177.008us
T=2048 R=16 gate_consumer/aligned/bf16 O0/eager/hot: p50=360.352us
T=2048 R=16 gate_consumer/aligned/bf16 O0/eager/cold: p50=298.496us
T=2048 R=16 gate_consumer/aligned/bf16 O0/cuda_graph/hot: p50=85.472us
T=2048 R=16 gate_consumer/aligned/bf16 O0/cuda_graph/cold: p50=101.120us
T=2048 R=16 gate_consumer/segmented/bf16 O0/eager/hot: p50=399.328us
T=2048 R=16 gate_consumer/segmented/bf16 O0/eager/cold: p50=337.552us
T=2048 R=16 gate_consumer/segmented/bf16 O0/cuda_graph/hot: p50=232.944us
T=2048 R=16 gate_consumer/segmented/bf16 O0/cuda_graph/cold: p50=246.624us
T=2048 R=16 gate_consumer/bmm/bf16 O0/eager/hot: p50=392.400us
T=2048 R=16 gate_consumer/bmm/bf16 O0/eager/cold: p50=318.400us
T=2048 R=16 gate_consumer/bmm/bf16 O0/cuda_graph/hot: p50=215.520us
T=2048 R=16 gate_consumer/bmm/bf16 O0/cuda_graph/cold: p50=216.592us
T=2048 R=16 down_a/indexed/bf16 O0/eager/hot: p50=60.832us
T=2048 R=16 down_a/indexed/bf16 O0/eager/cold: p50=63.680us
T=2048 R=16 down_a/indexed/bf16 O0/cuda_graph/hot: p50=58.848us
T=2048 R=16 down_a/indexed/bf16 O0/cuda_graph/cold: p50=62.432us
T=2048 R=16 down_a/aligned/bf16 O0/eager/hot: p50=337.280us
T=2048 R=16 down_a/aligned/bf16 O0/eager/cold: p50=254.272us
T=2048 R=16 down_a/aligned/bf16 O0/cuda_graph/hot: p50=44.480us
T=2048 R=16 down_a/aligned/bf16 O0/cuda_graph/cold: p50=51.936us
T=2048 R=16 down_a/segmented/bf16 O0/eager/hot: p50=386.640us
T=2048 R=16 down_a/segmented/bf16 O0/eager/cold: p50=328.576us
T=2048 R=16 down_a/segmented/bf16 O0/cuda_graph/hot: p50=144.848us
T=2048 R=16 down_a/segmented/bf16 O0/cuda_graph/cold: p50=149.952us
T=2048 R=16 down_a/bmm/bf16 O0/eager/hot: p50=354.208us
T=2048 R=16 down_a/bmm/bf16 O0/eager/cold: p50=284.272us
T=2048 R=16 down_a/bmm/bf16 O0/cuda_graph/hot: p50=140.400us
T=2048 R=16 down_a/bmm/bf16 O0/cuda_graph/cold: p50=149.920us
T=2048 R=16 down_finalize/indexed/bf16 O0/eager/hot: p50=189.520us
T=2048 R=16 down_finalize/indexed/bf16 O0/eager/cold: p50=192.544us
T=2048 R=16 down_finalize/indexed/bf16 O0/cuda_graph/hot: p50=189.920us
T=2048 R=16 down_finalize/indexed/bf16 O0/cuda_graph/cold: p50=193.280us
T=2048 R=16 down_finalize/aligned/bf16 O0/eager/hot: p50=365.984us
T=2048 R=16 down_finalize/aligned/bf16 O0/eager/cold: p50=305.136us
T=2048 R=16 down_finalize/aligned/bf16 O0/cuda_graph/hot: p50=118.208us
T=2048 R=16 down_finalize/aligned/bf16 O0/cuda_graph/cold: p50=118.320us
T=2048 R=16 down_finalize/segmented/bf16 O0/eager/hot: p50=522.720us
T=2048 R=16 down_finalize/segmented/bf16 O0/eager/cold: p50=520.416us
T=2048 R=16 down_finalize/segmented/bf16 O0/cuda_graph/hot: p50=474.656us
T=2048 R=16 down_finalize/segmented/bf16 O0/cuda_graph/cold: p50=471.360us
T=2048 R=16 down_finalize/bmm/bf16 O0/eager/hot: p50=183.552us
T=2048 R=16 down_finalize/bmm/bf16 O0/eager/cold: p50=183.616us
T=2048 R=16 down_finalize/bmm/bf16 O0/cuda_graph/hot: p50=175.552us
T=2048 R=16 down_finalize/bmm/bf16 O0/cuda_graph/cold: p50=176.912us
T=2048 R=16 down_finalize/one_shot_bf16/bf16 O0/eager/hot: p50=2693.872us
T=2048 R=16 down_finalize/one_shot_bf16/bf16 O0/eager/cold: p50=2695.632us
T=2048 R=16 down_finalize/one_shot_bf16/bf16 O0/cuda_graph/hot: p50=2690.496us
T=2048 R=16 down_finalize/one_shot_bf16/bf16 O0/cuda_graph/cold: p50=2691.792us
T=2048 R=16 down_finalize/one_shot_fp32/bf16 O0/eager/hot: p50=2617.104us
T=2048 R=16 down_finalize/one_shot_fp32/bf16 O0/eager/cold: p50=2618.384us
T=2048 R=16 down_finalize/one_shot_fp32/bf16 O0/cuda_graph/hot: p50=2613.696us
T=2048 R=16 down_finalize/one_shot_fp32/bf16 O0/cuda_graph/cold: p50=2616.032us
T=2048 R=32 gate_a/indexed/bf16 O0/eager/hot: p50=360.176us
T=2048 R=32 gate_a/indexed/bf16 O0/eager/cold: p50=366.592us
T=2048 R=32 gate_a/indexed/bf16 O0/cuda_graph/hot: p50=357.856us
T=2048 R=32 gate_a/indexed/bf16 O0/cuda_graph/cold: p50=365.344us
T=2048 R=32 gate_a/aligned/bf16 O0/eager/hot: p50=344.048us
T=2048 R=32 gate_a/aligned/bf16 O0/eager/cold: p50=272.736us
T=2048 R=32 gate_a/aligned/bf16 O0/cuda_graph/hot: p50=64.992us
T=2048 R=32 gate_a/aligned/bf16 O0/cuda_graph/cold: p50=72.464us
T=2048 R=32 gate_a/segmented/bf16 O0/eager/hot: p50=395.616us
T=2048 R=32 gate_a/segmented/bf16 O0/eager/cold: p50=340.368us
T=2048 R=32 gate_a/segmented/bf16 O0/cuda_graph/hot: p50=159.168us
T=2048 R=32 gate_a/segmented/bf16 O0/cuda_graph/cold: p50=162.640us
T=2048 R=32 gate_a/bmm/bf16 O0/eager/hot: p50=392.752us
T=2048 R=32 gate_a/bmm/bf16 O0/eager/cold: p50=315.296us
T=2048 R=32 gate_a/bmm/bf16 O0/cuda_graph/hot: p50=168.640us
T=2048 R=32 gate_a/bmm/bf16 O0/cuda_graph/cold: p50=171.280us
T=2048 R=32 gate_consumer/indexed/bf16 O0/eager/hot: p50=241.600us
T=2048 R=32 gate_consumer/indexed/bf16 O0/eager/cold: p50=243.712us
T=2048 R=32 gate_consumer/indexed/bf16 O0/cuda_graph/hot: p50=240.096us
T=2048 R=32 gate_consumer/indexed/bf16 O0/cuda_graph/cold: p50=242.608us
T=2048 R=32 gate_consumer/aligned/bf16 O0/eager/hot: p50=355.120us
T=2048 R=32 gate_consumer/aligned/bf16 O0/eager/cold: p50=300.416us
T=2048 R=32 gate_consumer/aligned/bf16 O0/cuda_graph/hot: p50=62.944us
T=2048 R=32 gate_consumer/aligned/bf16 O0/cuda_graph/cold: p50=78.560us
T=2048 R=32 gate_consumer/segmented/bf16 O0/eager/hot: p50=410.032us
T=2048 R=32 gate_consumer/segmented/bf16 O0/eager/cold: p50=345.088us
T=2048 R=32 gate_consumer/segmented/bf16 O0/cuda_graph/hot: p50=204.256us
T=2048 R=32 gate_consumer/segmented/bf16 O0/cuda_graph/cold: p50=208.528us
T=2048 R=32 gate_consumer/bmm/bf16 O0/eager/hot: p50=384.128us
T=2048 R=32 gate_consumer/bmm/bf16 O0/eager/cold: p50=320.368us
T=2048 R=32 gate_consumer/bmm/bf16 O0/cuda_graph/hot: p50=216.544us
T=2048 R=32 gate_consumer/bmm/bf16 O0/cuda_graph/cold: p50=217.856us
T=2048 R=32 down_a/indexed/bf16 O0/eager/hot: p50=60.624us
T=2048 R=32 down_a/indexed/bf16 O0/eager/cold: p50=66.592us
T=2048 R=32 down_a/indexed/bf16 O0/cuda_graph/hot: p50=58.832us
T=2048 R=32 down_a/indexed/bf16 O0/cuda_graph/cold: p50=66.176us
T=2048 R=32 down_a/aligned/bf16 O0/eager/hot: p50=340.640us
T=2048 R=32 down_a/aligned/bf16 O0/eager/cold: p50=262.224us
T=2048 R=32 down_a/aligned/bf16 O0/cuda_graph/hot: p50=44.816us
T=2048 R=32 down_a/aligned/bf16 O0/cuda_graph/cold: p50=51.968us
T=2048 R=32 down_a/segmented/bf16 O0/eager/hot: p50=396.864us
T=2048 R=32 down_a/segmented/bf16 O0/eager/cold: p50=325.440us
T=2048 R=32 down_a/segmented/bf16 O0/cuda_graph/hot: p50=142.784us
T=2048 R=32 down_a/segmented/bf16 O0/cuda_graph/cold: p50=148.736us
T=2048 R=32 down_a/bmm/bf16 O0/eager/hot: p50=366.256us
T=2048 R=32 down_a/bmm/bf16 O0/eager/cold: p50=290.640us
T=2048 R=32 down_a/bmm/bf16 O0/cuda_graph/hot: p50=139.424us
T=2048 R=32 down_a/bmm/bf16 O0/cuda_graph/cold: p50=148.080us
T=2048 R=32 down_finalize/indexed/bf16 O0/eager/hot: p50=275.104us
T=2048 R=32 down_finalize/indexed/bf16 O0/eager/cold: p50=277.280us
T=2048 R=32 down_finalize/indexed/bf16 O0/cuda_graph/hot: p50=275.904us
T=2048 R=32 down_finalize/indexed/bf16 O0/cuda_graph/cold: p50=277.472us
T=2048 R=32 down_finalize/aligned/bf16 O0/eager/hot: p50=376.640us
T=2048 R=32 down_finalize/aligned/bf16 O0/eager/cold: p50=317.952us
T=2048 R=32 down_finalize/aligned/bf16 O0/cuda_graph/hot: p50=126.432us
T=2048 R=32 down_finalize/aligned/bf16 O0/cuda_graph/cold: p50=129.136us
T=2048 R=32 down_finalize/segmented/bf16 O0/eager/hot: p50=512.480us
T=2048 R=32 down_finalize/segmented/bf16 O0/eager/cold: p50=518.304us
T=2048 R=32 down_finalize/segmented/bf16 O0/cuda_graph/hot: p50=471.856us
T=2048 R=32 down_finalize/segmented/bf16 O0/cuda_graph/cold: p50=475.424us
T=2048 R=32 down_finalize/bmm/bf16 O0/eager/hot: p50=183.744us
T=2048 R=32 down_finalize/bmm/bf16 O0/eager/cold: p50=186.560us
T=2048 R=32 down_finalize/bmm/bf16 O0/cuda_graph/hot: p50=175.584us
T=2048 R=32 down_finalize/bmm/bf16 O0/cuda_graph/cold: p50=176.896us
T=2048 R=32 down_finalize/one_shot_bf16/bf16 O0/eager/hot: p50=3710.752us
T=2048 R=32 down_finalize/one_shot_bf16/bf16 O0/eager/cold: p50=3710.960us
T=2048 R=32 down_finalize/one_shot_bf16/bf16 O0/cuda_graph/hot: p50=3708.352us
T=2048 R=32 down_finalize/one_shot_bf16/bf16 O0/cuda_graph/cold: p50=3709.360us
T=2048 R=32 down_finalize/one_shot_fp32/bf16 O0/eager/hot: p50=3653.136us
T=2048 R=32 down_finalize/one_shot_fp32/bf16 O0/eager/cold: p50=3653.632us
T=2048 R=32 down_finalize/one_shot_fp32/bf16 O0/cuda_graph/hot: p50=3648.992us
T=2048 R=32 down_finalize/one_shot_fp32/bf16 O0/cuda_graph/cold: p50=3649.664us
T=2048 R=64 gate_a/indexed/bf16 O0/eager/hot: p50=708.288us
T=2048 R=64 gate_a/indexed/bf16 O0/eager/cold: p50=713.760us
T=2048 R=64 gate_a/indexed/bf16 O0/cuda_graph/hot: p50=705.984us
T=2048 R=64 gate_a/indexed/bf16 O0/cuda_graph/cold: p50=712.432us
T=2048 R=64 gate_a/aligned/bf16 O0/eager/hot: p50=330.720us
T=2048 R=64 gate_a/aligned/bf16 O0/eager/cold: p50=273.920us
T=2048 R=64 gate_a/aligned/bf16 O0/cuda_graph/hot: p50=85.472us
T=2048 R=64 gate_a/aligned/bf16 O0/cuda_graph/cold: p50=93.504us
T=2048 R=64 gate_a/segmented/bf16 O0/eager/hot: p50=400.800us
T=2048 R=64 gate_a/segmented/bf16 O0/eager/cold: p50=342.544us
T=2048 R=64 gate_a/segmented/bf16 O0/cuda_graph/hot: p50=185.824us
T=2048 R=64 gate_a/segmented/bf16 O0/cuda_graph/cold: p50=193.280us
T=2048 R=64 gate_a/bmm/bf16 O0/eager/hot: p50=381.264us
T=2048 R=64 gate_a/bmm/bf16 O0/eager/cold: p50=308.032us
T=2048 R=64 gate_a/bmm/bf16 O0/cuda_graph/hot: p50=173.424us
T=2048 R=64 gate_a/bmm/bf16 O0/cuda_graph/cold: p50=175.936us
T=2048 R=64 gate_consumer/indexed/bf16 O0/eager/hot: p50=391.552us
T=2048 R=64 gate_consumer/indexed/bf16 O0/eager/cold: p50=397.280us
T=2048 R=64 gate_consumer/indexed/bf16 O0/cuda_graph/hot: p50=388.576us
T=2048 R=64 gate_consumer/indexed/bf16 O0/cuda_graph/cold: p50=395.456us
T=2048 R=64 gate_consumer/aligned/bf16 O0/eager/hot: p50=364.608us
T=2048 R=64 gate_consumer/aligned/bf16 O0/eager/cold: p50=298.176us
T=2048 R=64 gate_consumer/aligned/bf16 O0/cuda_graph/hot: p50=77.248us
T=2048 R=64 gate_consumer/aligned/bf16 O0/cuda_graph/cold: p50=88.832us
T=2048 R=64 gate_consumer/segmented/bf16 O0/eager/hot: p50=395.136us
T=2048 R=64 gate_consumer/segmented/bf16 O0/eager/cold: p50=344.048us
T=2048 R=64 gate_consumer/segmented/bf16 O0/cuda_graph/hot: p50=214.496us
T=2048 R=64 gate_consumer/segmented/bf16 O0/cuda_graph/cold: p50=224.464us
T=2048 R=64 gate_consumer/bmm/bf16 O0/eager/hot: p50=381.808us
T=2048 R=64 gate_consumer/bmm/bf16 O0/eager/cold: p50=323.488us
T=2048 R=64 gate_consumer/bmm/bf16 O0/cuda_graph/hot: p50=218.576us
T=2048 R=64 gate_consumer/bmm/bf16 O0/cuda_graph/cold: p50=219.904us
T=2048 R=64 down_a/indexed/bf16 O0/eager/hot: p50=112.208us
T=2048 R=64 down_a/indexed/bf16 O0/eager/cold: p50=117.056us
T=2048 R=64 down_a/indexed/bf16 O0/cuda_graph/hot: p50=110.048us
T=2048 R=64 down_a/indexed/bf16 O0/cuda_graph/cold: p50=116.160us
T=2048 R=64 down_a/aligned/bf16 O0/eager/hot: p50=341.328us
T=2048 R=64 down_a/aligned/bf16 O0/eager/cold: p50=276.800us
T=2048 R=64 down_a/aligned/bf16 O0/cuda_graph/hot: p50=46.528us
T=2048 R=64 down_a/aligned/bf16 O0/cuda_graph/cold: p50=55.088us
T=2048 R=64 down_a/segmented/bf16 O0/eager/hot: p50=395.376us
T=2048 R=64 down_a/segmented/bf16 O0/eager/cold: p50=339.584us
T=2048 R=64 down_a/segmented/bf16 O0/cuda_graph/hot: p50=140.768us
T=2048 R=64 down_a/segmented/bf16 O0/cuda_graph/cold: p50=150.272us
T=2048 R=64 down_a/bmm/bf16 O0/eager/hot: p50=365.648us
T=2048 R=64 down_a/bmm/bf16 O0/eager/cold: p50=294.656us
T=2048 R=64 down_a/bmm/bf16 O0/cuda_graph/hot: p50=141.712us
T=2048 R=64 down_a/bmm/bf16 O0/cuda_graph/cold: p50=149.696us
T=2048 R=64 down_finalize/indexed/bf16 O0/eager/hot: p50=457.152us
T=2048 R=64 down_finalize/indexed/bf16 O0/eager/cold: p50=463.872us
T=2048 R=64 down_finalize/indexed/bf16 O0/cuda_graph/hot: p50=456.144us
T=2048 R=64 down_finalize/indexed/bf16 O0/cuda_graph/cold: p50=465.664us
T=2048 R=64 down_finalize/aligned/bf16 O0/eager/hot: p50=377.712us
T=2048 R=64 down_finalize/aligned/bf16 O0/eager/cold: p50=319.488us
T=2048 R=64 down_finalize/aligned/bf16 O0/cuda_graph/hot: p50=144.864us
T=2048 R=64 down_finalize/aligned/bf16 O0/cuda_graph/cold: p50=144.144us
T=2048 R=64 down_finalize/segmented/bf16 O0/eager/hot: p50=524.736us
T=2048 R=64 down_finalize/segmented/bf16 O0/eager/cold: p50=519.216us
T=2048 R=64 down_finalize/segmented/bf16 O0/cuda_graph/hot: p50=472.528us
T=2048 R=64 down_finalize/segmented/bf16 O0/cuda_graph/cold: p50=471.744us
T=2048 R=64 down_finalize/bmm/bf16 O0/eager/hot: p50=180.736us
T=2048 R=64 down_finalize/bmm/bf16 O0/eager/cold: p50=181.904us
T=2048 R=64 down_finalize/bmm/bf16 O0/cuda_graph/hot: p50=173.504us
T=2048 R=64 down_finalize/bmm/bf16 O0/cuda_graph/cold: p50=173.472us
T=2048 R=64 down_finalize/one_shot_bf16/bf16 O0/eager/hot: p50=5833.584us
T=2048 R=64 down_finalize/one_shot_bf16/bf16 O0/eager/cold: p50=5835.776us
T=2048 R=64 down_finalize/one_shot_bf16/bf16 O0/cuda_graph/hot: p50=5830.672us
T=2048 R=64 down_finalize/one_shot_bf16/bf16 O0/cuda_graph/cold: p50=5831.328us
T=2048 R=64 down_finalize/one_shot_fp32/bf16 O0/eager/hot: p50=5773.024us
T=2048 R=64 down_finalize/one_shot_fp32/bf16 O0/eager/cold: p50=5774.336us
T=2048 R=64 down_finalize/one_shot_fp32/bf16 O0/cuda_graph/hot: p50=5767.648us
T=2048 R=64 down_finalize/one_shot_fp32/bf16 O0/cuda_graph/cold: p50=5769.712us
T=2048 R=128 gate_a/indexed/bf16 O0/eager/hot: p50=1402.288us
T=2048 R=128 gate_a/indexed/bf16 O0/eager/cold: p50=1409.312us
T=2048 R=128 gate_a/indexed/bf16 O0/cuda_graph/hot: p50=1401.280us
T=2048 R=128 gate_a/indexed/bf16 O0/cuda_graph/cold: p50=1409.536us
T=2048 R=128 gate_a/aligned/bf16 O0/eager/hot: p50=322.992us
T=2048 R=128 gate_a/aligned/bf16 O0/eager/cold: p50=263.872us
T=2048 R=128 gate_a/aligned/bf16 O0/cuda_graph/hot: p50=128.480us
T=2048 R=128 gate_a/aligned/bf16 O0/cuda_graph/cold: p50=134.624us
T=2048 R=128 gate_a/segmented/bf16 O0/eager/hot: p50=378.048us
T=2048 R=128 gate_a/segmented/bf16 O0/eager/cold: p50=319.984us
T=2048 R=128 gate_a/segmented/bf16 O0/cuda_graph/hot: p50=224.544us
T=2048 R=128 gate_a/segmented/bf16 O0/cuda_graph/cold: p50=232.160us
T=2048 R=128 gate_a/bmm/bf16 O0/eager/hot: p50=382.240us
T=2048 R=128 gate_a/bmm/bf16 O0/eager/cold: p50=313.424us
T=2048 R=128 gate_a/bmm/bf16 O0/cuda_graph/hot: p50=191.952us
T=2048 R=128 gate_a/bmm/bf16 O0/cuda_graph/cold: p50=193.296us
T=2048 R=128 gate_consumer/indexed/bf16 O0/eager/hot: p50=784.960us
T=2048 R=128 gate_consumer/indexed/bf16 O0/eager/cold: p50=804.896us
T=2048 R=128 gate_consumer/indexed/bf16 O0/cuda_graph/hot: p50=783.792us
T=2048 R=128 gate_consumer/indexed/bf16 O0/cuda_graph/cold: p50=805.632us
T=2048 R=128 gate_consumer/aligned/bf16 O0/eager/hot: p50=362.368us
T=2048 R=128 gate_consumer/aligned/bf16 O0/eager/cold: p50=297.472us
T=2048 R=128 gate_consumer/aligned/bf16 O0/cuda_graph/hot: p50=114.128us
T=2048 R=128 gate_consumer/aligned/bf16 O0/cuda_graph/cold: p50=130.816us
T=2048 R=128 gate_consumer/segmented/bf16 O0/eager/hot: p50=392.192us
T=2048 R=128 gate_consumer/segmented/bf16 O0/eager/cold: p50=340.800us
T=2048 R=128 gate_consumer/segmented/bf16 O0/cuda_graph/hot: p50=249.312us
T=2048 R=128 gate_consumer/segmented/bf16 O0/cuda_graph/cold: p50=259.568us
T=2048 R=128 gate_consumer/bmm/bf16 O0/eager/hot: p50=390.416us
T=2048 R=128 gate_consumer/bmm/bf16 O0/eager/cold: p50=314.848us
T=2048 R=128 gate_consumer/bmm/bf16 O0/cuda_graph/hot: p50=218.544us
T=2048 R=128 gate_consumer/bmm/bf16 O0/cuda_graph/cold: p50=226.016us
T=2048 R=128 down_a/indexed/bf16 O0/eager/hot: p50=213.408us
T=2048 R=128 down_a/indexed/bf16 O0/eager/cold: p50=219.424us
T=2048 R=128 down_a/indexed/bf16 O0/cuda_graph/hot: p50=212.416us
T=2048 R=128 down_a/indexed/bf16 O0/cuda_graph/cold: p50=217.824us
T=2048 R=128 down_a/aligned/bf16 O0/eager/hot: p50=328.352us
T=2048 R=128 down_a/aligned/bf16 O0/eager/cold: p50=251.984us
T=2048 R=128 down_a/aligned/bf16 O0/cuda_graph/hot: p50=52.672us
T=2048 R=128 down_a/aligned/bf16 O0/cuda_graph/cold: p50=60.208us
T=2048 R=128 down_a/segmented/bf16 O0/eager/hot: p50=380.592us
T=2048 R=128 down_a/segmented/bf16 O0/eager/cold: p50=311.648us
T=2048 R=128 down_a/segmented/bf16 O0/cuda_graph/hot: p50=150.976us
T=2048 R=128 down_a/segmented/bf16 O0/cuda_graph/cold: p50=156.320us
T=2048 R=128 down_a/bmm/bf16 O0/eager/hot: p50=347.488us
T=2048 R=128 down_a/bmm/bf16 O0/eager/cold: p50=286.944us
T=2048 R=128 down_a/bmm/bf16 O0/cuda_graph/hot: p50=144.016us
T=2048 R=128 down_a/bmm/bf16 O0/cuda_graph/cold: p50=153.328us
T=2048 R=128 down_finalize/indexed/bf16 O0/eager/hot: p50=1274.320us
T=2048 R=128 down_finalize/indexed/bf16 O0/eager/cold: p50=1311.728us
T=2048 R=128 down_finalize/indexed/bf16 O0/cuda_graph/hot: p50=1274.368us
T=2048 R=128 down_finalize/indexed/bf16 O0/cuda_graph/cold: p50=1313.504us
T=2048 R=128 down_finalize/aligned/bf16 O0/eager/hot: p50=362.544us
T=2048 R=128 down_finalize/aligned/bf16 O0/eager/cold: p50=298.688us
T=2048 R=128 down_finalize/aligned/bf16 O0/cuda_graph/hot: p50=175.552us
T=2048 R=128 down_finalize/aligned/bf16 O0/cuda_graph/cold: p50=178.944us
T=2048 R=128 down_finalize/segmented/bf16 O0/eager/hot: p50=519.152us
T=2048 R=128 down_finalize/segmented/bf16 O0/eager/cold: p50=525.360us
T=2048 R=128 down_finalize/segmented/bf16 O0/cuda_graph/hot: p50=478.672us
T=2048 R=128 down_finalize/segmented/bf16 O0/cuda_graph/cold: p50=479.968us
T=2048 R=128 down_finalize/bmm/bf16 O0/eager/hot: p50=183.584us
T=2048 R=128 down_finalize/bmm/bf16 O0/eager/cold: p50=185.568us
T=2048 R=128 down_finalize/bmm/bf16 O0/cuda_graph/hot: p50=175.584us
T=2048 R=128 down_finalize/bmm/bf16 O0/cuda_graph/cold: p50=178.960us
T=2048 R=128 down_finalize/one_shot_bf16/bf16 O0/eager/hot: p50=10073.824us
T=2048 R=128 down_finalize/one_shot_bf16/bf16 O0/eager/cold: p50=10075.328us
T=2048 R=128 down_finalize/one_shot_bf16/bf16 O0/cuda_graph/hot: p50=10075.600us
T=2048 R=128 down_finalize/one_shot_bf16/bf16 O0/cuda_graph/cold: p50=10073.392us
T=2048 R=128 down_finalize/one_shot_fp32/bf16 O0/eager/hot: p50=10172.880us
T=2048 R=128 down_finalize/one_shot_fp32/bf16 O0/eager/cold: p50=10173.504us
T=2048 R=128 down_finalize/one_shot_fp32/bf16 O0/cuda_graph/hot: p50=10168.768us
T=2048 R=128 down_finalize/one_shot_fp32/bf16 O0/cuda_graph/cold: p50=10177.584us
