/usr/local/lib/python3.12/dist-packages/torch/cuda/__init__.py:61: FutureWarning: The pynvml package is deprecated. Please install nvidia-ml-py instead. If you did not install pynvml directly, please report this to the maintainers of the package that installed pynvml for you.
  import pynvml  # type: ignore[import]
T=1 R=16 gate_a/bmm/bf16 K0/cuda_graph/cold: p50=18.064us
T=1 R=16 gate_a/bmm/bf16 K0/cuda_graph/hot: p50=15.776us
T=1 R=16 gate_a/bmm/bf16 K0/eager/cold: p50=73.728us
T=1 R=16 gate_a/bmm/bf16 K0/eager/hot: p50=145.712us
T=1 R=16 gate_a/segmented/bf16 K0/cuda_graph/cold: p50=21.232us
T=1 R=16 gate_a/segmented/bf16 K0/cuda_graph/hot: p50=14.080us
T=1 R=16 gate_a/segmented/bf16 K0/eager/cold: p50=22.528us
T=1 R=16 gate_a/segmented/bf16 K0/eager/hot: p50=50.304us
T=1 R=16 gate_a/aligned/bf16 K0/cuda_graph/cold: p50=13.040us
T=1 R=16 gate_a/aligned/bf16 K0/cuda_graph/hot: p50=10.400us
T=1 R=16 gate_a/aligned/bf16 K0/eager/cold: p50=13.296us
T=1 R=16 gate_a/aligned/bf16 K0/eager/hot: p50=51.856us
T=1 R=16 gate_a/indexed/bf16 K0/cuda_graph/cold: p50=21.216us
T=1 R=16 gate_a/indexed/bf16 K0/cuda_graph/hot: p50=12.736us
T=1 R=16 gate_a/indexed/bf16 K0/eager/cold: p50=21.184us
T=1 R=16 gate_a/indexed/bf16 K0/eager/hot: p50=48.064us
T=1 R=16 gate_consumer/bmm/bf16 K0/cuda_graph/cold: p50=47.872us
T=1 R=16 gate_consumer/bmm/bf16 K0/cuda_graph/hot: p50=38.864us
T=1 R=16 gate_consumer/bmm/bf16 K0/eager/cold: p50=367.280us
T=1 R=16 gate_consumer/bmm/bf16 K0/eager/hot: p50=416.016us
T=1 R=16 gate_consumer/segmented/bf16 K0/cuda_graph/cold: p50=13.056us
T=1 R=16 gate_consumer/segmented/bf16 K0/cuda_graph/hot: p50=10.096us
T=1 R=16 gate_consumer/segmented/bf16 K0/eager/cold: p50=13.568us
T=1 R=16 gate_consumer/segmented/bf16 K0/eager/hot: p50=56.576us
T=1 R=16 gate_consumer/aligned/bf16 K0/cuda_graph/cold: p50=14.576us
T=1 R=16 gate_consumer/aligned/bf16 K0/cuda_graph/hot: p50=9.632us
T=1 R=16 gate_consumer/aligned/bf16 K0/eager/cold: p50=14.720us
T=1 R=16 gate_consumer/aligned/bf16 K0/eager/hot: p50=70.192us
T=1 R=16 gate_consumer/indexed/bf16 K0/cuda_graph/cold: p50=15.104us
T=1 R=16 gate_consumer/indexed/bf16 K0/cuda_graph/hot: p50=13.760us
T=1 R=16 gate_consumer/indexed/bf16 K0/eager/cold: p50=16.352us
T=1 R=16 gate_consumer/indexed/bf16 K0/eager/hot: p50=64.672us
T=1 R=16 down_a/bmm/bf16 K0/cuda_graph/cold: p50=15.680us
T=1 R=16 down_a/bmm/bf16 K0/cuda_graph/hot: p50=11.936us
T=1 R=16 down_a/bmm/bf16 K0/eager/cold: p50=55.536us
T=1 R=16 down_a/bmm/bf16 K0/eager/hot: p50=121.312us
T=1 R=16 down_a/segmented/bf16 K0/cuda_graph/cold: p50=13.104us
T=1 R=16 down_a/segmented/bf16 K0/cuda_graph/hot: p50=10.032us
T=1 R=16 down_a/segmented/bf16 K0/eager/cold: p50=13.312us
T=1 R=16 down_a/segmented/bf16 K0/eager/hot: p50=45.056us
T=1 R=16 down_a/aligned/bf16 K0/cuda_graph/cold: p50=11.008us
T=1 R=16 down_a/aligned/bf16 K0/cuda_graph/hot: p50=10.272us
T=1 R=16 down_a/aligned/bf16 K0/eager/cold: p50=11.264us
T=1 R=16 down_a/aligned/bf16 K0/eager/hot: p50=45.376us
T=1 R=16 down_a/indexed/bf16 K0/cuda_graph/cold: p50=11.024us
T=1 R=16 down_a/indexed/bf16 K0/cuda_graph/hot: p50=10.000us
T=1 R=16 down_a/indexed/bf16 K0/eager/cold: p50=11.264us
T=1 R=16 down_a/indexed/bf16 K0/eager/hot: p50=44.528us
T=1 R=16 down_finalize/bmm/bf16 K0/cuda_graph/cold: p50=19.296us
T=1 R=16 down_finalize/bmm/bf16 K0/cuda_graph/hot: p50=15.856us
T=1 R=16 down_finalize/bmm/bf16 K0/eager/cold: p50=95.648us
T=1 R=16 down_finalize/bmm/bf16 K0/eager/hot: p50=160.624us
T=1 R=16 down_finalize/segmented/bf16 K0/cuda_graph/cold: p50=11.184us
T=1 R=16 down_finalize/segmented/bf16 K0/cuda_graph/hot: p50=10.336us
T=1 R=16 down_finalize/segmented/bf16 K0/eager/cold: p50=15.520us
T=1 R=16 down_finalize/segmented/bf16 K0/eager/hot: p50=63.840us
T=1 R=16 down_finalize/aligned/bf16 K0/cuda_graph/cold: p50=11.008us
T=1 R=16 down_finalize/aligned/bf16 K0/cuda_graph/hot: p50=9.888us
T=1 R=16 down_finalize/aligned/bf16 K0/eager/cold: p50=16.320us
T=1 R=16 down_finalize/aligned/bf16 K0/eager/hot: p50=69.264us
T=1 R=16 down_finalize/indexed/bf16 K0/cuda_graph/cold: p50=10.704us
T=1 R=16 down_finalize/indexed/bf16 K0/cuda_graph/hot: p50=9.888us
T=1 R=16 down_finalize/indexed/bf16 K0/eager/cold: p50=8.960us
T=1 R=16 down_finalize/indexed/bf16 K0/eager/hot: p50=34.240us
T=1 R=16 down_finalize/one_shot_bf16/bf16 K0/cuda_graph/cold: p50=15.104us
T=1 R=16 down_finalize/one_shot_bf16/bf16 K0/cuda_graph/hot: p50=11.664us
T=1 R=16 down_finalize/one_shot_bf16/bf16 K0/eager/cold: p50=18.416us
T=1 R=16 down_finalize/one_shot_bf16/bf16 K0/eager/hot: p50=67.120us
T=1 R=16 down_finalize/one_shot_fp32/bf16 K0/cuda_graph/cold: p50=15.120us
T=1 R=16 down_finalize/one_shot_fp32/bf16 K0/cuda_graph/hot: p50=12.768us
T=1 R=16 down_finalize/one_shot_fp32/bf16 K0/eager/cold: p50=18.400us
T=1 R=16 down_finalize/one_shot_fp32/bf16 K0/eager/hot: p50=68.656us
T=1 R=32 gate_a/bmm/bf16 K0/cuda_graph/cold: p50=21.360us
T=1 R=32 gate_a/bmm/bf16 K0/cuda_graph/hot: p50=17.840us
T=1 R=32 gate_a/bmm/bf16 K0/eager/cold: p50=69.600us
T=1 R=32 gate_a/bmm/bf16 K0/eager/hot: p50=140.016us
T=1 R=32 gate_a/segmented/bf16 K0/cuda_graph/cold: p50=23.296us
T=1 R=32 gate_a/segmented/bf16 K0/cuda_graph/hot: p50=14.192us
T=1 R=32 gate_a/segmented/bf16 K0/eager/cold: p50=23.776us
T=1 R=32 gate_a/segmented/bf16 K0/eager/hot: p50=44.288us
T=1 R=32 gate_a/aligned/bf16 K0/cuda_graph/cold: p50=13.056us
T=1 R=32 gate_a/aligned/bf16 K0/cuda_graph/hot: p50=9.776us
T=1 R=32 gate_a/aligned/bf16 K0/eager/cold: p50=13.280us
T=1 R=32 gate_a/aligned/bf16 K0/eager/hot: p50=45.776us
T=1 R=32 gate_a/indexed/bf16 K0/cuda_graph/cold: p50=21.248us
T=1 R=32 gate_a/indexed/bf16 K0/cuda_graph/hot: p50=13.696us
T=1 R=32 gate_a/indexed/bf16 K0/eager/cold: p50=21.440us
T=1 R=32 gate_a/indexed/bf16 K0/eager/hot: p50=43.584us
T=1 R=32 gate_consumer/bmm/bf16 K0/cuda_graph/cold: p50=47.824us
T=1 R=32 gate_consumer/bmm/bf16 K0/cuda_graph/hot: p50=40.768us
T=1 R=32 gate_consumer/bmm/bf16 K0/eager/cold: p50=327.168us
T=1 R=32 gate_consumer/bmm/bf16 K0/eager/hot: p50=379.504us
T=1 R=32 gate_consumer/segmented/bf16 K0/cuda_graph/cold: p50=11.824us
T=1 R=32 gate_consumer/segmented/bf16 K0/cuda_graph/hot: p50=10.128us
T=1 R=32 gate_consumer/segmented/bf16 K0/eager/cold: p50=12.672us
T=1 R=32 gate_consumer/segmented/bf16 K0/eager/hot: p50=53.456us
T=1 R=32 gate_consumer/aligned/bf16 K0/cuda_graph/cold: p50=13.056us
T=1 R=32 gate_consumer/aligned/bf16 K0/cuda_graph/hot: p50=10.720us
T=1 R=32 gate_consumer/aligned/bf16 K0/eager/cold: p50=14.032us
T=1 R=32 gate_consumer/aligned/bf16 K0/eager/hot: p50=72.320us
T=1 R=32 gate_consumer/indexed/bf16 K0/cuda_graph/cold: p50=15.104us
T=1 R=32 gate_consumer/indexed/bf16 K0/cuda_graph/hot: p50=12.704us
T=1 R=32 gate_consumer/indexed/bf16 K0/eager/cold: p50=16.384us
T=1 R=32 gate_consumer/indexed/bf16 K0/eager/hot: p50=67.424us
T=1 R=32 down_a/bmm/bf16 K0/cuda_graph/cold: p50=17.136us
T=1 R=32 down_a/bmm/bf16 K0/cuda_graph/hot: p50=14.112us
T=1 R=32 down_a/bmm/bf16 K0/eager/cold: p50=63.584us
T=1 R=32 down_a/bmm/bf16 K0/eager/hot: p50=124.144us
T=1 R=32 down_a/segmented/bf16 K0/cuda_graph/cold: p50=13.056us
T=1 R=32 down_a/segmented/bf16 K0/cuda_graph/hot: p50=10.128us
T=1 R=32 down_a/segmented/bf16 K0/eager/cold: p50=13.312us
T=1 R=32 down_a/segmented/bf16 K0/eager/hot: p50=45.424us
T=1 R=32 down_a/aligned/bf16 K0/cuda_graph/cold: p50=10.000us
T=1 R=32 down_a/aligned/bf16 K0/cuda_graph/hot: p50=9.712us
T=1 R=32 down_a/aligned/bf16 K0/eager/cold: p50=11.248us
T=1 R=32 down_a/aligned/bf16 K0/eager/hot: p50=46.816us
T=1 R=32 down_a/indexed/bf16 K0/cuda_graph/cold: p50=10.976us
T=1 R=32 down_a/indexed/bf16 K0/cuda_graph/hot: p50=10.032us
T=1 R=32 down_a/indexed/bf16 K0/eager/cold: p50=11.264us
T=1 R=32 down_a/indexed/bf16 K0/eager/hot: p50=43.808us
T=1 R=32 down_finalize/bmm/bf16 K0/cuda_graph/cold: p50=20.384us
T=1 R=32 down_finalize/bmm/bf16 K0/cuda_graph/hot: p50=17.808us
T=1 R=32 down_finalize/bmm/bf16 K0/eager/cold: p50=105.280us
T=1 R=32 down_finalize/bmm/bf16 K0/eager/hot: p50=167.872us
T=1 R=32 down_finalize/segmented/bf16 K0/cuda_graph/cold: p50=13.056us
T=1 R=32 down_finalize/segmented/bf16 K0/cuda_graph/hot: p50=9.712us
T=1 R=32 down_finalize/segmented/bf16 K0/eager/cold: p50=16.384us
T=1 R=32 down_finalize/segmented/bf16 K0/eager/hot: p50=65.008us
T=1 R=32 down_finalize/aligned/bf16 K0/cuda_graph/cold: p50=13.024us
T=1 R=32 down_finalize/aligned/bf16 K0/cuda_graph/hot: p50=10.160us
T=1 R=32 down_finalize/aligned/bf16 K0/eager/cold: p50=16.368us
T=1 R=32 down_finalize/aligned/bf16 K0/eager/hot: p50=70.064us
T=1 R=32 down_finalize/indexed/bf16 K0/cuda_graph/cold: p50=13.008us
T=1 R=32 down_finalize/indexed/bf16 K0/cuda_graph/hot: p50=9.312us
T=1 R=32 down_finalize/indexed/bf16 K0/eager/cold: p50=11.200us
T=1 R=32 down_finalize/indexed/bf16 K0/eager/hot: p50=34.416us
T=1 R=32 down_finalize/one_shot_bf16/bf16 K0/cuda_graph/cold: p50=17.120us
T=1 R=32 down_finalize/one_shot_bf16/bf16 K0/cuda_graph/hot: p50=11.936us
T=1 R=32 down_finalize/one_shot_bf16/bf16 K0/eager/cold: p50=20.464us
T=1 R=32 down_finalize/one_shot_bf16/bf16 K0/eager/hot: p50=68.816us
T=1 R=32 down_finalize/one_shot_fp32/bf16 K0/cuda_graph/cold: p50=17.120us
T=1 R=32 down_finalize/one_shot_fp32/bf16 K0/cuda_graph/hot: p50=11.760us
T=1 R=32 down_finalize/one_shot_fp32/bf16 K0/eager/cold: p50=20.480us
T=1 R=32 down_finalize/one_shot_fp32/bf16 K0/eager/hot: p50=67.744us
T=1 R=64 gate_a/bmm/bf16 K0/cuda_graph/cold: p50=23.696us
T=1 R=64 gate_a/bmm/bf16 K0/cuda_graph/hot: p50=20.000us
T=1 R=64 gate_a/bmm/bf16 K0/eager/cold: p50=75.152us
T=1 R=64 gate_a/bmm/bf16 K0/eager/hot: p50=143.104us
T=1 R=64 gate_a/segmented/bf16 K0/cuda_graph/cold: p50=23.296us
T=1 R=64 gate_a/segmented/bf16 K0/cuda_graph/hot: p50=13.776us
T=1 R=64 gate_a/segmented/bf16 K0/eager/cold: p50=23.552us
T=1 R=64 gate_a/segmented/bf16 K0/eager/hot: p50=46.080us
T=1 R=64 gate_a/aligned/bf16 K0/cuda_graph/cold: p50=13.056us
T=1 R=64 gate_a/aligned/bf16 K0/cuda_graph/hot: p50=9.920us
T=1 R=64 gate_a/aligned/bf16 K0/eager/cold: p50=13.264us
T=1 R=64 gate_a/aligned/bf16 K0/eager/hot: p50=47.552us
T=1 R=64 gate_a/indexed/bf16 K0/cuda_graph/cold: p50=21.264us
T=1 R=64 gate_a/indexed/bf16 K0/cuda_graph/hot: p50=13.568us
T=1 R=64 gate_a/indexed/bf16 K0/eager/cold: p50=21.504us
T=1 R=64 gate_a/indexed/bf16 K0/eager/hot: p50=44.128us
T=1 R=64 gate_consumer/bmm/bf16 K0/cuda_graph/cold: p50=47.968us
T=1 R=64 gate_consumer/bmm/bf16 K0/cuda_graph/hot: p50=40.928us
T=1 R=64 gate_consumer/bmm/bf16 K0/eager/cold: p50=321.248us
T=1 R=64 gate_consumer/bmm/bf16 K0/eager/hot: p50=381.584us
T=1 R=64 gate_consumer/segmented/bf16 K0/cuda_graph/cold: p50=13.088us
T=1 R=64 gate_consumer/segmented/bf16 K0/cuda_graph/hot: p50=9.920us
T=1 R=64 gate_consumer/segmented/bf16 K0/eager/cold: p50=13.312us
T=1 R=64 gate_consumer/segmented/bf16 K0/eager/hot: p50=53.280us
T=1 R=64 gate_consumer/aligned/bf16 K0/cuda_graph/cold: p50=13.056us
T=1 R=64 gate_consumer/aligned/bf16 K0/cuda_graph/hot: p50=9.520us
T=1 R=64 gate_consumer/aligned/bf16 K0/eager/cold: p50=14.336us
T=1 R=64 gate_consumer/aligned/bf16 K0/eager/hot: p50=75.888us
T=1 R=64 gate_consumer/indexed/bf16 K0/cuda_graph/cold: p50=17.168us
T=1 R=64 gate_consumer/indexed/bf16 K0/cuda_graph/hot: p50=13.776us
T=1 R=64 gate_consumer/indexed/bf16 K0/eager/cold: p50=18.432us
T=1 R=64 gate_consumer/indexed/bf16 K0/eager/hot: p50=67.088us
T=1 R=64 down_a/bmm/bf16 K0/cuda_graph/cold: p50=19.200us
T=1 R=64 down_a/bmm/bf16 K0/cuda_graph/hot: p50=15.808us
T=1 R=64 down_a/bmm/bf16 K0/eager/cold: p50=61.312us
T=1 R=64 down_a/bmm/bf16 K0/eager/hot: p50=123.520us
T=1 R=64 down_a/segmented/bf16 K0/cuda_graph/cold: p50=13.056us
T=1 R=64 down_a/segmented/bf16 K0/cuda_graph/hot: p50=9.696us
T=1 R=64 down_a/segmented/bf16 K0/eager/cold: p50=13.328us
T=1 R=64 down_a/segmented/bf16 K0/eager/hot: p50=46.192us
T=1 R=64 down_a/aligned/bf16 K0/cuda_graph/cold: p50=10.976us
T=1 R=64 down_a/aligned/bf16 K0/cuda_graph/hot: p50=9.680us
T=1 R=64 down_a/aligned/bf16 K0/eager/cold: p50=10.672us
T=1 R=64 down_a/aligned/bf16 K0/eager/hot: p50=47.872us
T=1 R=64 down_a/indexed/bf16 K0/cuda_graph/cold: p50=12.640us
T=1 R=64 down_a/indexed/bf16 K0/cuda_graph/hot: p50=9.552us
T=1 R=64 down_a/indexed/bf16 K0/eager/cold: p50=11.760us
T=1 R=64 down_a/indexed/bf16 K0/eager/hot: p50=43.984us
T=1 R=64 down_finalize/bmm/bf16 K0/cuda_graph/cold: p50=19.952us
T=1 R=64 down_finalize/bmm/bf16 K0/cuda_graph/hot: p50=15.776us
T=1 R=64 down_finalize/bmm/bf16 K0/eager/cold: p50=101.584us
T=1 R=64 down_finalize/bmm/bf16 K0/eager/hot: p50=169.968us
T=1 R=64 down_finalize/segmented/bf16 K0/cuda_graph/cold: p50=13.072us
T=1 R=64 down_finalize/segmented/bf16 K0/cuda_graph/hot: p50=9.888us
T=1 R=64 down_finalize/segmented/bf16 K0/eager/cold: p50=16.368us
T=1 R=64 down_finalize/segmented/bf16 K0/eager/hot: p50=64.816us
T=1 R=64 down_finalize/aligned/bf16 K0/cuda_graph/cold: p50=13.104us
T=1 R=64 down_finalize/aligned/bf16 K0/cuda_graph/hot: p50=10.368us
T=1 R=64 down_finalize/aligned/bf16 K0/eager/cold: p50=16.368us
T=1 R=64 down_finalize/aligned/bf16 K0/eager/hot: p50=67.920us
T=1 R=64 down_finalize/indexed/bf16 K0/cuda_graph/cold: p50=14.944us
T=1 R=64 down_finalize/indexed/bf16 K0/cuda_graph/hot: p50=10.000us
T=1 R=64 down_finalize/indexed/bf16 K0/eager/cold: p50=12.896us
T=1 R=64 down_finalize/indexed/bf16 K0/eager/hot: p50=32.912us
T=1 R=64 down_finalize/one_shot_bf16/bf16 K0/cuda_graph/cold: p50=24.672us
T=1 R=64 down_finalize/one_shot_bf16/bf16 K0/cuda_graph/hot: p50=15.808us
T=1 R=64 down_finalize/one_shot_bf16/bf16 K0/eager/cold: p50=26.880us
T=1 R=64 down_finalize/one_shot_bf16/bf16 K0/eager/hot: p50=66.512us
T=1 R=64 down_finalize/one_shot_fp32/bf16 K0/cuda_graph/cold: p50=23.296us
T=1 R=64 down_finalize/one_shot_fp32/bf16 K0/cuda_graph/hot: p50=15.808us
T=1 R=64 down_finalize/one_shot_fp32/bf16 K0/eager/cold: p50=26.112us
T=1 R=64 down_finalize/one_shot_fp32/bf16 K0/eager/hot: p50=67.968us
T=1 R=128 gate_a/bmm/bf16 K0/cuda_graph/cold: p50=25.344us
T=1 R=128 gate_a/bmm/bf16 K0/cuda_graph/hot: p50=21.088us
T=1 R=128 gate_a/bmm/bf16 K0/eager/cold: p50=82.128us
T=1 R=128 gate_a/bmm/bf16 K0/eager/hot: p50=145.712us
T=1 R=128 gate_a/segmented/bf16 K0/cuda_graph/cold: p50=23.312us
T=1 R=128 gate_a/segmented/bf16 K0/cuda_graph/hot: p50=13.792us
T=1 R=128 gate_a/segmented/bf16 K0/eager/cold: p50=23.584us
T=1 R=128 gate_a/segmented/bf16 K0/eager/hot: p50=47.072us
T=1 R=128 gate_a/aligned/bf16 K0/cuda_graph/cold: p50=15.104us
T=1 R=128 gate_a/aligned/bf16 K0/cuda_graph/hot: p50=10.016us
T=1 R=128 gate_a/aligned/bf16 K0/eager/cold: p50=15.360us
T=1 R=128 gate_a/aligned/bf16 K0/eager/hot: p50=46.656us
T=1 R=128 gate_a/indexed/bf16 K0/cuda_graph/cold: p50=21.248us
T=1 R=128 gate_a/indexed/bf16 K0/cuda_graph/hot: p50=13.760us
T=1 R=128 gate_a/indexed/bf16 K0/eager/cold: p50=21.504us
T=1 R=128 gate_a/indexed/bf16 K0/eager/hot: p50=44.832us
T=1 R=128 gate_consumer/bmm/bf16 K0/cuda_graph/cold: p50=49.936us
T=1 R=128 gate_consumer/bmm/bf16 K0/cuda_graph/hot: p50=42.464us
T=1 R=128 gate_consumer/bmm/bf16 K0/eager/cold: p50=318.192us
T=1 R=128 gate_consumer/bmm/bf16 K0/eager/hot: p50=381.680us
T=1 R=128 gate_consumer/segmented/bf16 K0/cuda_graph/cold: p50=13.088us
T=1 R=128 gate_consumer/segmented/bf16 K0/cuda_graph/hot: p50=10.032us
T=1 R=128 gate_consumer/segmented/bf16 K0/eager/cold: p50=14.304us
T=1 R=128 gate_consumer/segmented/bf16 K0/eager/hot: p50=57.872us
T=1 R=128 gate_consumer/aligned/bf16 K0/cuda_graph/cold: p50=13.072us
T=1 R=128 gate_consumer/aligned/bf16 K0/cuda_graph/hot: p50=9.856us
T=1 R=128 gate_consumer/aligned/bf16 K0/eager/cold: p50=14.240us
T=1 R=128 gate_consumer/aligned/bf16 K0/eager/hot: p50=69.840us
T=1 R=128 gate_consumer/indexed/bf16 K0/cuda_graph/cold: p50=17.168us
T=1 R=128 gate_consumer/indexed/bf16 K0/cuda_graph/hot: p50=15.728us
T=1 R=128 gate_consumer/indexed/bf16 K0/eager/cold: p50=17.408us
T=1 R=128 gate_consumer/indexed/bf16 K0/eager/hot: p50=63.328us
T=1 R=128 down_a/bmm/bf16 K0/cuda_graph/cold: p50=17.152us
T=1 R=128 down_a/bmm/bf16 K0/cuda_graph/hot: p50=13.776us
T=1 R=128 down_a/bmm/bf16 K0/eager/cold: p50=60.032us
T=1 R=128 down_a/bmm/bf16 K0/eager/hot: p50=124.192us
T=1 R=128 down_a/segmented/bf16 K0/cuda_graph/cold: p50=13.056us
T=1 R=128 down_a/segmented/bf16 K0/cuda_graph/hot: p50=9.904us
T=1 R=128 down_a/segmented/bf16 K0/eager/cold: p50=13.296us
T=1 R=128 down_a/segmented/bf16 K0/eager/hot: p50=46.192us
T=1 R=128 down_a/aligned/bf16 K0/cuda_graph/cold: p50=11.008us
T=1 R=128 down_a/aligned/bf16 K0/cuda_graph/hot: p50=9.920us
T=1 R=128 down_a/aligned/bf16 K0/eager/cold: p50=11.168us
T=1 R=128 down_a/aligned/bf16 K0/eager/hot: p50=45.600us
T=1 R=128 down_a/indexed/bf16 K0/cuda_graph/cold: p50=13.040us
T=1 R=128 down_a/indexed/bf16 K0/cuda_graph/hot: p50=9.648us
T=1 R=128 down_a/indexed/bf16 K0/eager/cold: p50=12.000us
T=1 R=128 down_a/indexed/bf16 K0/eager/hot: p50=42.272us
T=1 R=128 down_finalize/bmm/bf16 K0/cuda_graph/cold: p50=21.296us
T=1 R=128 down_finalize/bmm/bf16 K0/cuda_graph/hot: p50=16.496us
T=1 R=128 down_finalize/bmm/bf16 K0/eager/cold: p50=106.704us
T=1 R=128 down_finalize/bmm/bf16 K0/eager/hot: p50=158.432us
T=1 R=128 down_finalize/segmented/bf16 K0/cuda_graph/cold: p50=13.056us
T=1 R=128 down_finalize/segmented/bf16 K0/cuda_graph/hot: p50=9.904us
T=1 R=128 down_finalize/segmented/bf16 K0/eager/cold: p50=16.352us
T=1 R=128 down_finalize/segmented/bf16 K0/eager/hot: p50=66.016us
T=1 R=128 down_finalize/aligned/bf16 K0/cuda_graph/cold: p50=13.824us
T=1 R=128 down_finalize/aligned/bf16 K0/cuda_graph/hot: p50=11.040us
T=1 R=128 down_finalize/aligned/bf16 K0/eager/cold: p50=17.232us
T=1 R=128 down_finalize/aligned/bf16 K0/eager/hot: p50=69.520us
T=1 R=128 down_finalize/indexed/bf16 K0/cuda_graph/cold: p50=15.120us
T=1 R=128 down_finalize/indexed/bf16 K0/cuda_graph/hot: p50=9.632us
T=1 R=128 down_finalize/indexed/bf16 K0/eager/cold: p50=12.912us
T=1 R=128 down_finalize/indexed/bf16 K0/eager/hot: p50=35.088us
T=1 R=128 down_finalize/one_shot_bf16/bf16 K0/cuda_graph/cold: p50=23.376us
T=1 R=128 down_finalize/one_shot_bf16/bf16 K0/cuda_graph/hot: p50=17.776us
T=1 R=128 down_finalize/one_shot_bf16/bf16 K0/eager/cold: p50=27.632us
T=1 R=128 down_finalize/one_shot_bf16/bf16 K0/eager/hot: p50=70.368us
T=1 R=128 down_finalize/one_shot_fp32/bf16 K0/cuda_graph/cold: p50=25.312us
T=1 R=128 down_finalize/one_shot_fp32/bf16 K0/cuda_graph/hot: p50=17.888us
T=1 R=128 down_finalize/one_shot_fp32/bf16 K0/eager/cold: p50=27.904us
T=1 R=128 down_finalize/one_shot_fp32/bf16 K0/eager/hot: p50=68.832us
T=32 R=16 gate_a/bmm/bf16 K0/cuda_graph/cold: p50=25.344us
T=32 R=16 gate_a/bmm/bf16 K0/cuda_graph/hot: p50=19.952us
T=32 R=16 gate_a/bmm/bf16 K0/eager/cold: p50=79.856us
T=32 R=16 gate_a/bmm/bf16 K0/eager/hot: p50=145.568us
T=32 R=16 gate_a/segmented/bf16 K0/cuda_graph/cold: p50=22.816us
T=32 R=16 gate_a/segmented/bf16 K0/cuda_graph/hot: p50=13.952us
T=32 R=16 gate_a/segmented/bf16 K0/eager/cold: p50=24.080us
T=32 R=16 gate_a/segmented/bf16 K0/eager/hot: p50=49.008us
T=32 R=16 gate_a/aligned/bf16 K0/cuda_graph/cold: p50=13.056us
T=32 R=16 gate_a/aligned/bf16 K0/cuda_graph/hot: p50=10.304us
T=32 R=16 gate_a/aligned/bf16 K0/eager/cold: p50=13.280us
T=32 R=16 gate_a/aligned/bf16 K0/eager/hot: p50=48.640us
T=32 R=16 gate_a/indexed/bf16 K0/cuda_graph/cold: p50=21.248us
T=32 R=16 gate_a/indexed/bf16 K0/cuda_graph/hot: p50=15.712us
T=32 R=16 gate_a/indexed/bf16 K0/eager/cold: p50=20.688us
T=32 R=16 gate_a/indexed/bf16 K0/eager/hot: p50=43.552us
T=32 R=16 gate_consumer/bmm/bf16 K0/cuda_graph/cold: p50=56.064us
T=32 R=16 gate_consumer/bmm/bf16 K0/cuda_graph/hot: p50=46.560us
T=32 R=16 gate_consumer/bmm/bf16 K0/eager/cold: p50=322.128us
T=32 R=16 gate_consumer/bmm/bf16 K0/eager/hot: p50=388.816us
T=32 R=16 gate_consumer/segmented/bf16 K0/cuda_graph/cold: p50=15.136us
T=32 R=16 gate_consumer/segmented/bf16 K0/cuda_graph/hot: p50=12.688us
T=32 R=16 gate_consumer/segmented/bf16 K0/eager/cold: p50=14.720us
T=32 R=16 gate_consumer/segmented/bf16 K0/eager/hot: p50=55.248us
T=32 R=16 gate_consumer/aligned/bf16 K0/cuda_graph/cold: p50=15.104us
T=32 R=16 gate_consumer/aligned/bf16 K0/cuda_graph/hot: p50=11.872us
T=32 R=16 gate_consumer/aligned/bf16 K0/eager/cold: p50=15.744us
T=32 R=16 gate_consumer/aligned/bf16 K0/eager/hot: p50=71.504us
T=32 R=16 gate_consumer/indexed/bf16 K0/cuda_graph/cold: p50=17.152us
T=32 R=16 gate_consumer/indexed/bf16 K0/cuda_graph/hot: p50=15.808us
T=32 R=16 gate_consumer/indexed/bf16 K0/eager/cold: p50=17.424us
T=32 R=16 gate_consumer/indexed/bf16 K0/eager/hot: p50=64.256us
T=32 R=16 down_a/bmm/bf16 K0/cuda_graph/cold: p50=19.216us
T=32 R=16 down_a/bmm/bf16 K0/cuda_graph/hot: p50=15.680us
T=32 R=16 down_a/bmm/bf16 K0/eager/cold: p50=54.560us
T=32 R=16 down_a/bmm/bf16 K0/eager/hot: p50=126.016us
T=32 R=16 down_a/segmented/bf16 K0/cuda_graph/cold: p50=13.056us
T=32 R=16 down_a/segmented/bf16 K0/cuda_graph/hot: p50=9.248us
T=32 R=16 down_a/segmented/bf16 K0/eager/cold: p50=13.312us
T=32 R=16 down_a/segmented/bf16 K0/eager/hot: p50=45.024us
T=32 R=16 down_a/aligned/bf16 K0/cuda_graph/cold: p50=11.008us
T=32 R=16 down_a/aligned/bf16 K0/cuda_graph/hot: p50=9.984us
T=32 R=16 down_a/aligned/bf16 K0/eager/cold: p50=11.264us
T=32 R=16 down_a/aligned/bf16 K0/eager/hot: p50=47.088us
T=32 R=16 down_a/indexed/bf16 K0/cuda_graph/cold: p50=13.024us
T=32 R=16 down_a/indexed/bf16 K0/cuda_graph/hot: p50=10.000us
T=32 R=16 down_a/indexed/bf16 K0/eager/cold: p50=12.528us
T=32 R=16 down_a/indexed/bf16 K0/eager/hot: p50=44.112us
T=32 R=16 down_finalize/bmm/bf16 K0/cuda_graph/cold: p50=23.296us
T=32 R=16 down_finalize/bmm/bf16 K0/cuda_graph/hot: p50=19.840us
T=32 R=16 down_finalize/bmm/bf16 K0/eager/cold: p50=101.904us
T=32 R=16 down_finalize/bmm/bf16 K0/eager/hot: p50=170.176us
T=32 R=16 down_finalize/segmented/bf16 K0/cuda_graph/cold: p50=17.168us
T=32 R=16 down_finalize/segmented/bf16 K0/cuda_graph/hot: p50=15.744us
T=32 R=16 down_finalize/segmented/bf16 K0/eager/cold: p50=18.432us
T=32 R=16 down_finalize/segmented/bf16 K0/eager/hot: p50=65.328us
T=32 R=16 down_finalize/aligned/bf16 K0/cuda_graph/cold: p50=13.824us
T=32 R=16 down_finalize/aligned/bf16 K0/cuda_graph/hot: p50=10.400us
T=32 R=16 down_finalize/aligned/bf16 K0/eager/cold: p50=16.208us
T=32 R=16 down_finalize/aligned/bf16 K0/eager/hot: p50=68.128us
T=32 R=16 down_finalize/indexed/bf16 K0/cuda_graph/cold: p50=11.008us
T=32 R=16 down_finalize/indexed/bf16 K0/cuda_graph/hot: p50=9.568us
T=32 R=16 down_finalize/indexed/bf16 K0/eager/cold: p50=10.624us
T=32 R=16 down_finalize/indexed/bf16 K0/eager/hot: p50=34.960us
T=32 R=16 down_finalize/one_shot_bf16/bf16 K0/cuda_graph/cold: p50=54.032us
T=32 R=16 down_finalize/one_shot_bf16/bf16 K0/cuda_graph/hot: p50=52.672us
T=32 R=16 down_finalize/one_shot_bf16/bf16 K0/eager/cold: p50=58.336us
T=32 R=16 down_finalize/one_shot_bf16/bf16 K0/eager/hot: p50=79.808us
T=32 R=16 down_finalize/one_shot_fp32/bf16 K0/cuda_graph/cold: p50=53.984us
T=32 R=16 down_finalize/one_shot_fp32/bf16 K0/cuda_graph/hot: p50=50.656us
T=32 R=16 down_finalize/one_shot_fp32/bf16 K0/eager/cold: p50=55.296us
T=32 R=16 down_finalize/one_shot_fp32/bf16 K0/eager/hot: p50=77.488us
T=32 R=32 gate_a/bmm/bf16 K0/cuda_graph/cold: p50=25.312us
T=32 R=32 gate_a/bmm/bf16 K0/cuda_graph/hot: p50=21.952us
T=32 R=32 gate_a/bmm/bf16 K0/eager/cold: p50=88.576us
T=32 R=32 gate_a/bmm/bf16 K0/eager/hot: p50=152.496us
T=32 R=32 gate_a/segmented/bf16 K0/cuda_graph/cold: p50=25.232us
T=32 R=32 gate_a/segmented/bf16 K0/cuda_graph/hot: p50=15.744us
T=32 R=32 gate_a/segmented/bf16 K0/eager/cold: p50=25.120us
T=32 R=32 gate_a/segmented/bf16 K0/eager/hot: p50=47.472us
T=32 R=32 gate_a/aligned/bf16 K0/cuda_graph/cold: p50=14.592us
T=32 R=32 gate_a/aligned/bf16 K0/cuda_graph/hot: p50=10.112us
T=32 R=32 gate_a/aligned/bf16 K0/eager/cold: p50=16.064us
T=32 R=32 gate_a/aligned/bf16 K0/eager/hot: p50=49.984us
T=32 R=32 gate_a/indexed/bf16 K0/cuda_graph/cold: p50=21.248us
T=32 R=32 gate_a/indexed/bf16 K0/cuda_graph/hot: p50=15.856us
T=32 R=32 gate_a/indexed/bf16 K0/eager/cold: p50=22.032us
T=32 R=32 gate_a/indexed/bf16 K0/eager/hot: p50=47.440us
T=32 R=32 gate_consumer/bmm/bf16 K0/cuda_graph/cold: p50=56.400us
T=32 R=32 gate_consumer/bmm/bf16 K0/cuda_graph/hot: p50=48.576us
T=32 R=32 gate_consumer/bmm/bf16 K0/eager/cold: p50=330.320us
T=32 R=32 gate_consumer/bmm/bf16 K0/eager/hot: p50=403.936us
T=32 R=32 gate_consumer/segmented/bf16 K0/cuda_graph/cold: p50=13.024us
T=32 R=32 gate_consumer/segmented/bf16 K0/cuda_graph/hot: p50=9.792us
T=32 R=32 gate_consumer/segmented/bf16 K0/eager/cold: p50=13.280us
T=32 R=32 gate_consumer/segmented/bf16 K0/eager/hot: p50=49.232us
T=32 R=32 gate_consumer/aligned/bf16 K0/cuda_graph/cold: p50=13.088us
T=32 R=32 gate_consumer/aligned/bf16 K0/cuda_graph/hot: p50=10.400us
T=32 R=32 gate_consumer/aligned/bf16 K0/eager/cold: p50=14.560us
T=32 R=32 gate_consumer/aligned/bf16 K0/eager/hot: p50=72.960us
T=32 R=32 gate_consumer/indexed/bf16 K0/cuda_graph/cold: p50=17.264us
T=32 R=32 gate_consumer/indexed/bf16 K0/cuda_graph/hot: p50=15.808us
T=32 R=32 gate_consumer/indexed/bf16 K0/eager/cold: p50=18.448us
T=32 R=32 gate_consumer/indexed/bf16 K0/eager/hot: p50=66.928us
T=32 R=32 down_a/bmm/bf16 K0/cuda_graph/cold: p50=19.264us
T=32 R=32 down_a/bmm/bf16 K0/cuda_graph/hot: p50=15.824us
T=32 R=32 down_a/bmm/bf16 K0/eager/cold: p50=63.360us
T=32 R=32 down_a/bmm/bf16 K0/eager/hot: p50=126.432us
T=32 R=32 down_a/segmented/bf16 K0/cuda_graph/cold: p50=13.056us
T=32 R=32 down_a/segmented/bf16 K0/cuda_graph/hot: p50=10.112us
T=32 R=32 down_a/segmented/bf16 K0/eager/cold: p50=13.312us
T=32 R=32 down_a/segmented/bf16 K0/eager/hot: p50=47.072us
T=32 R=32 down_a/aligned/bf16 K0/cuda_graph/cold: p50=11.024us
T=32 R=32 down_a/aligned/bf16 K0/cuda_graph/hot: p50=10.080us
T=32 R=32 down_a/aligned/bf16 K0/eager/cold: p50=10.992us
T=32 R=32 down_a/aligned/bf16 K0/eager/hot: p50=47.232us
T=32 R=32 down_a/indexed/bf16 K0/cuda_graph/cold: p50=10.976us
T=32 R=32 down_a/indexed/bf16 K0/cuda_graph/hot: p50=9.920us
T=32 R=32 down_a/indexed/bf16 K0/eager/cold: p50=12.576us
T=32 R=32 down_a/indexed/bf16 K0/eager/hot: p50=42.816us
T=32 R=32 down_finalize/bmm/bf16 K0/cuda_graph/cold: p50=25.344us
T=32 R=32 down_finalize/bmm/bf16 K0/cuda_graph/hot: p50=19.936us
T=32 R=32 down_finalize/bmm/bf16 K0/eager/cold: p50=96.624us
T=32 R=32 down_finalize/bmm/bf16 K0/eager/hot: p50=168.176us
T=32 R=32 down_finalize/segmented/bf16 K0/cuda_graph/cold: p50=17.152us
T=32 R=32 down_finalize/segmented/bf16 K0/cuda_graph/hot: p50=13.808us
T=32 R=32 down_finalize/segmented/bf16 K0/eager/cold: p50=18.944us
T=32 R=32 down_finalize/segmented/bf16 K0/eager/hot: p50=65.968us
T=32 R=32 down_finalize/aligned/bf16 K0/cuda_graph/cold: p50=15.104us
T=32 R=32 down_finalize/aligned/bf16 K0/cuda_graph/hot: p50=10.320us
T=32 R=32 down_finalize/aligned/bf16 K0/eager/cold: p50=17.536us
T=32 R=32 down_finalize/aligned/bf16 K0/eager/hot: p50=70.400us
T=32 R=32 down_finalize/indexed/bf16 K0/cuda_graph/cold: p50=13.056us
T=32 R=32 down_finalize/indexed/bf16 K0/cuda_graph/hot: p50=11.632us
T=32 R=32 down_finalize/indexed/bf16 K0/eager/cold: p50=12.832us
T=32 R=32 down_finalize/indexed/bf16 K0/eager/hot: p50=34.320us
T=32 R=32 down_finalize/one_shot_bf16/bf16 K0/cuda_graph/cold: p50=70.432us
T=32 R=32 down_finalize/one_shot_bf16/bf16 K0/cuda_graph/hot: p50=69.072us
T=32 R=32 down_finalize/one_shot_bf16/bf16 K0/eager/cold: p50=73.216us
T=32 R=32 down_finalize/one_shot_bf16/bf16 K0/eager/hot: p50=74.464us
T=32 R=32 down_finalize/one_shot_fp32/bf16 K0/cuda_graph/cold: p50=68.352us
T=32 R=32 down_finalize/one_shot_fp32/bf16 K0/cuda_graph/hot: p50=67.008us
T=32 R=32 down_finalize/one_shot_fp32/bf16 K0/eager/cold: p50=71.680us
T=32 R=32 down_finalize/one_shot_fp32/bf16 K0/eager/hot: p50=74.576us
T=32 R=64 gate_a/bmm/bf16 K0/cuda_graph/cold: p50=30.288us
T=32 R=64 gate_a/bmm/bf16 K0/cuda_graph/hot: p50=24.032us
T=32 R=64 gate_a/bmm/bf16 K0/eager/cold: p50=81.520us
T=32 R=64 gate_a/bmm/bf16 K0/eager/hot: p50=154.816us
T=32 R=64 gate_a/segmented/bf16 K0/cuda_graph/cold: p50=24.224us
T=32 R=64 gate_a/segmented/bf16 K0/cuda_graph/hot: p50=13.808us
T=32 R=64 gate_a/segmented/bf16 K0/eager/cold: p50=26.144us
T=32 R=64 gate_a/segmented/bf16 K0/eager/hot: p50=48.480us
T=32 R=64 gate_a/aligned/bf16 K0/cuda_graph/cold: p50=15.104us
T=32 R=64 gate_a/aligned/bf16 K0/cuda_graph/hot: p50=11.424us
T=32 R=64 gate_a/aligned/bf16 K0/eager/cold: p50=15.392us
T=32 R=64 gate_a/aligned/bf16 K0/eager/hot: p50=48.880us
T=32 R=64 gate_a/indexed/bf16 K0/cuda_graph/cold: p50=23.280us
T=32 R=64 gate_a/indexed/bf16 K0/cuda_graph/hot: p50=21.888us
T=32 R=64 gate_a/indexed/bf16 K0/eager/cold: p50=24.048us
T=32 R=64 gate_a/indexed/bf16 K0/eager/hot: p50=50.272us
T=32 R=64 gate_consumer/bmm/bf16 K0/cuda_graph/cold: p50=58.080us
T=32 R=64 gate_consumer/bmm/bf16 K0/cuda_graph/hot: p50=48.576us
T=32 R=64 gate_consumer/bmm/bf16 K0/eager/cold: p50=333.680us
T=32 R=64 gate_consumer/bmm/bf16 K0/eager/hot: p50=396.960us
T=32 R=64 gate_consumer/segmented/bf16 K0/cuda_graph/cold: p50=14.544us
T=32 R=64 gate_consumer/segmented/bf16 K0/cuda_graph/hot: p50=10.464us
T=32 R=64 gate_consumer/segmented/bf16 K0/eager/cold: p50=15.136us
T=32 R=64 gate_consumer/segmented/bf16 K0/eager/hot: p50=54.512us
T=32 R=64 gate_consumer/aligned/bf16 K0/cuda_graph/cold: p50=15.072us
T=32 R=64 gate_consumer/aligned/bf16 K0/cuda_graph/hot: p50=10.144us
T=32 R=64 gate_consumer/aligned/bf16 K0/eager/cold: p50=16.752us
T=32 R=64 gate_consumer/aligned/bf16 K0/eager/hot: p50=74.832us
T=32 R=64 gate_consumer/indexed/bf16 K0/cuda_graph/cold: p50=19.168us
T=32 R=64 gate_consumer/indexed/bf16 K0/cuda_graph/hot: p50=17.760us
T=32 R=64 gate_consumer/indexed/bf16 K0/eager/cold: p50=20.464us
T=32 R=64 gate_consumer/indexed/bf16 K0/eager/hot: p50=68.320us
T=32 R=64 down_a/bmm/bf16 K0/cuda_graph/cold: p50=19.168us
T=32 R=64 down_a/bmm/bf16 K0/cuda_graph/hot: p50=15.760us
T=32 R=64 down_a/bmm/bf16 K0/eager/cold: p50=70.096us
T=32 R=64 down_a/bmm/bf16 K0/eager/hot: p50=131.824us
T=32 R=64 down_a/segmented/bf16 K0/cuda_graph/cold: p50=13.104us
T=32 R=64 down_a/segmented/bf16 K0/cuda_graph/hot: p50=9.872us
T=32 R=64 down_a/segmented/bf16 K0/eager/cold: p50=13.792us
T=32 R=64 down_a/segmented/bf16 K0/eager/hot: p50=47.280us
T=32 R=64 down_a/aligned/bf16 K0/cuda_graph/cold: p50=11.024us
T=32 R=64 down_a/aligned/bf16 K0/cuda_graph/hot: p50=10.160us
T=32 R=64 down_a/aligned/bf16 K0/eager/cold: p50=12.288us
T=32 R=64 down_a/aligned/bf16 K0/eager/hot: p50=48.144us
T=32 R=64 down_a/indexed/bf16 K0/cuda_graph/cold: p50=13.072us
T=32 R=64 down_a/indexed/bf16 K0/cuda_graph/hot: p50=10.224us
T=32 R=64 down_a/indexed/bf16 K0/eager/cold: p50=12.992us
T=32 R=64 down_a/indexed/bf16 K0/eager/hot: p50=47.024us
T=32 R=64 down_finalize/bmm/bf16 K0/cuda_graph/cold: p50=25.328us
T=32 R=64 down_finalize/bmm/bf16 K0/cuda_graph/hot: p50=19.936us
T=32 R=64 down_finalize/bmm/bf16 K0/eager/cold: p50=110.128us
T=32 R=64 down_finalize/bmm/bf16 K0/eager/hot: p50=174.592us
T=32 R=64 down_finalize/segmented/bf16 K0/cuda_graph/cold: p50=17.120us
T=32 R=64 down_finalize/segmented/bf16 K0/cuda_graph/hot: p50=14.688us
T=32 R=64 down_finalize/segmented/bf16 K0/eager/cold: p50=18.432us
T=32 R=64 down_finalize/segmented/bf16 K0/eager/hot: p50=66.400us
T=32 R=64 down_finalize/aligned/bf16 K0/cuda_graph/cold: p50=15.072us
T=32 R=64 down_finalize/aligned/bf16 K0/cuda_graph/hot: p50=11.840us
T=32 R=64 down_finalize/aligned/bf16 K0/eager/cold: p50=19.248us
T=32 R=64 down_finalize/aligned/bf16 K0/eager/hot: p50=71.680us
T=32 R=64 down_finalize/indexed/bf16 K0/cuda_graph/cold: p50=21.216us
T=32 R=64 down_finalize/indexed/bf16 K0/cuda_graph/hot: p50=15.296us
T=32 R=64 down_finalize/indexed/bf16 K0/eager/cold: p50=19.472us
T=32 R=64 down_finalize/indexed/bf16 K0/eager/hot: p50=36.336us
T=32 R=64 down_finalize/one_shot_bf16/bf16 K0/cuda_graph/cold: p50=108.256us
T=32 R=64 down_finalize/one_shot_bf16/bf16 K0/cuda_graph/hot: p50=103.872us
T=32 R=64 down_finalize/one_shot_bf16/bf16 K0/eager/cold: p50=111.088us
T=32 R=64 down_finalize/one_shot_bf16/bf16 K0/eager/hot: p50=105.792us
T=32 R=64 down_finalize/one_shot_fp32/bf16 K0/cuda_graph/cold: p50=107.744us
T=32 R=64 down_finalize/one_shot_fp32/bf16 K0/cuda_graph/hot: p50=101.888us
T=32 R=64 down_finalize/one_shot_fp32/bf16 K0/eager/cold: p50=110.592us
T=32 R=64 down_finalize/one_shot_fp32/bf16 K0/eager/hot: p50=105.792us
T=32 R=128 gate_a/bmm/bf16 K0/cuda_graph/cold: p50=33.552us
T=32 R=128 gate_a/bmm/bf16 K0/cuda_graph/hot: p50=25.328us
T=32 R=128 gate_a/bmm/bf16 K0/eager/cold: p50=77.216us
T=32 R=128 gate_a/bmm/bf16 K0/eager/hot: p50=146.880us
T=32 R=128 gate_a/segmented/bf16 K0/cuda_graph/cold: p50=27.360us
T=32 R=128 gate_a/segmented/bf16 K0/cuda_graph/hot: p50=17.680us
T=32 R=128 gate_a/segmented/bf16 K0/eager/cold: p50=28.688us
T=32 R=128 gate_a/segmented/bf16 K0/eager/hot: p50=46.720us
T=32 R=128 gate_a/aligned/bf16 K0/cuda_graph/cold: p50=19.184us
T=32 R=128 gate_a/aligned/bf16 K0/cuda_graph/hot: p50=13.728us
T=32 R=128 gate_a/aligned/bf16 K0/eager/cold: p50=19.456us
T=32 R=128 gate_a/aligned/bf16 K0/eager/hot: p50=46.256us
T=32 R=128 gate_a/indexed/bf16 K0/cuda_graph/cold: p50=37.632us
T=32 R=128 gate_a/indexed/bf16 K0/cuda_graph/hot: p50=33.584us
T=32 R=128 gate_a/indexed/bf16 K0/eager/cold: p50=38.912us
T=32 R=128 gate_a/indexed/bf16 K0/eager/hot: p50=48.048us
T=32 R=128 gate_consumer/bmm/bf16 K0/cuda_graph/cold: p50=59.840us
T=32 R=128 gate_consumer/bmm/bf16 K0/cuda_graph/hot: p50=50.096us
T=32 R=128 gate_consumer/bmm/bf16 K0/eager/cold: p50=318.272us
T=32 R=128 gate_consumer/bmm/bf16 K0/eager/hot: p50=380.720us
T=32 R=128 gate_consumer/segmented/bf16 K0/cuda_graph/cold: p50=17.216us
T=32 R=128 gate_consumer/segmented/bf16 K0/cuda_graph/hot: p50=13.760us
T=32 R=128 gate_consumer/segmented/bf16 K0/eager/cold: p50=18.096us
T=32 R=128 gate_consumer/segmented/bf16 K0/eager/hot: p50=51.824us
T=32 R=128 gate_consumer/aligned/bf16 K0/cuda_graph/cold: p50=19.200us
T=32 R=128 gate_consumer/aligned/bf16 K0/cuda_graph/hot: p50=13.664us
T=32 R=128 gate_consumer/aligned/bf16 K0/eager/cold: p50=19.664us
T=32 R=128 gate_consumer/aligned/bf16 K0/eager/hot: p50=73.328us
T=32 R=128 gate_consumer/indexed/bf16 K0/cuda_graph/cold: p50=25.344us
T=32 R=128 gate_consumer/indexed/bf16 K0/cuda_graph/hot: p50=21.968us
T=32 R=128 gate_consumer/indexed/bf16 K0/eager/cold: p50=26.000us
T=32 R=128 gate_consumer/indexed/bf16 K0/eager/hot: p50=68.688us
T=32 R=128 down_a/bmm/bf16 K0/cuda_graph/cold: p50=19.200us
T=32 R=128 down_a/bmm/bf16 K0/cuda_graph/hot: p50=15.840us
T=32 R=128 down_a/bmm/bf16 K0/eager/cold: p50=60.080us
T=32 R=128 down_a/bmm/bf16 K0/eager/hot: p50=124.864us
T=32 R=128 down_a/segmented/bf16 K0/cuda_graph/cold: p50=14.432us
T=32 R=128 down_a/segmented/bf16 K0/cuda_graph/hot: p50=9.840us
T=32 R=128 down_a/segmented/bf16 K0/eager/cold: p50=14.480us
T=32 R=128 down_a/segmented/bf16 K0/eager/hot: p50=45.712us
T=32 R=128 down_a/aligned/bf16 K0/cuda_graph/cold: p50=10.992us
T=32 R=128 down_a/aligned/bf16 K0/cuda_graph/hot: p50=9.968us
T=32 R=128 down_a/aligned/bf16 K0/eager/cold: p50=12.304us
T=32 R=128 down_a/aligned/bf16 K0/eager/hot: p50=47.200us
T=32 R=128 down_a/indexed/bf16 K0/cuda_graph/cold: p50=13.024us
T=32 R=128 down_a/indexed/bf16 K0/cuda_graph/hot: p50=11.664us
T=32 R=128 down_a/indexed/bf16 K0/eager/cold: p50=13.504us
T=32 R=128 down_a/indexed/bf16 K0/eager/hot: p50=44.160us
T=32 R=128 down_finalize/bmm/bf16 K0/cuda_graph/cold: p50=27.376us
T=32 R=128 down_finalize/bmm/bf16 K0/cuda_graph/hot: p50=21.952us
T=32 R=128 down_finalize/bmm/bf16 K0/eager/cold: p50=95.296us
T=32 R=128 down_finalize/bmm/bf16 K0/eager/hot: p50=164.096us
T=32 R=128 down_finalize/segmented/bf16 K0/cuda_graph/cold: p50=17.168us
T=32 R=128 down_finalize/segmented/bf16 K0/cuda_graph/hot: p50=15.808us
T=32 R=128 down_finalize/segmented/bf16 K0/eager/cold: p50=20.480us
T=32 R=128 down_finalize/segmented/bf16 K0/eager/hot: p50=63.728us
T=32 R=128 down_finalize/aligned/bf16 K0/cuda_graph/cold: p50=18.112us
T=32 R=128 down_finalize/aligned/bf16 K0/cuda_graph/hot: p50=13.664us
T=32 R=128 down_finalize/aligned/bf16 K0/eager/cold: p50=20.480us
T=32 R=128 down_finalize/aligned/bf16 K0/eager/hot: p50=69.072us
T=32 R=128 down_finalize/indexed/bf16 K0/cuda_graph/cold: p50=33.584us
T=32 R=128 down_finalize/indexed/bf16 K0/cuda_graph/hot: p50=26.080us
T=32 R=128 down_finalize/indexed/bf16 K0/eager/cold: p50=33.344us
T=32 R=128 down_finalize/indexed/bf16 K0/eager/hot: p50=38.992us
T=32 R=128 down_finalize/one_shot_bf16/bf16 K0/cuda_graph/cold: p50=171.616us
T=32 R=128 down_finalize/one_shot_bf16/bf16 K0/cuda_graph/hot: p50=167.392us
T=32 R=128 down_finalize/one_shot_bf16/bf16 K0/eager/cold: p50=174.528us
T=32 R=128 down_finalize/one_shot_bf16/bf16 K0/eager/hot: p50=171.392us
T=32 R=128 down_finalize/one_shot_fp32/bf16 K0/cuda_graph/cold: p50=174.848us
T=32 R=128 down_finalize/one_shot_fp32/bf16 K0/cuda_graph/hot: p50=171.456us
T=32 R=128 down_finalize/one_shot_fp32/bf16 K0/eager/cold: p50=176.128us
T=32 R=128 down_finalize/one_shot_fp32/bf16 K0/eager/hot: p50=173.344us
T=256 R=16 gate_a/bmm/bf16 K0/cuda_graph/cold: p50=25.344us
T=256 R=16 gate_a/bmm/bf16 K0/cuda_graph/hot: p50=23.936us
T=256 R=16 gate_a/bmm/bf16 K0/eager/cold: p50=82.624us
T=256 R=16 gate_a/bmm/bf16 K0/eager/hot: p50=150.384us
T=256 R=16 gate_a/segmented/bf16 K0/cuda_graph/cold: p50=23.360us
T=256 R=16 gate_a/segmented/bf16 K0/cuda_graph/hot: p50=17.824us
T=256 R=16 gate_a/segmented/bf16 K0/eager/cold: p50=24.544us
T=256 R=16 gate_a/segmented/bf16 K0/eager/hot: p50=47.312us
T=256 R=16 gate_a/aligned/bf16 K0/cuda_graph/cold: p50=17.184us
T=256 R=16 gate_a/aligned/bf16 K0/cuda_graph/hot: p50=12.928us
T=256 R=16 gate_a/aligned/bf16 K0/eager/cold: p50=18.432us
T=256 R=16 gate_a/aligned/bf16 K0/eager/hot: p50=47.360us
T=256 R=16 gate_a/indexed/bf16 K0/cuda_graph/cold: p50=36.624us
T=256 R=16 gate_a/indexed/bf16 K0/cuda_graph/hot: p50=32.192us
T=256 R=16 gate_a/indexed/bf16 K0/eager/cold: p50=38.880us
T=256 R=16 gate_a/indexed/bf16 K0/eager/hot: p50=49.440us
T=256 R=16 gate_consumer/bmm/bf16 K0/cuda_graph/cold: p50=62.496us
T=256 R=16 gate_consumer/bmm/bf16 K0/cuda_graph/hot: p50=54.752us
T=256 R=16 gate_consumer/bmm/bf16 K0/eager/cold: p50=327.040us
T=256 R=16 gate_consumer/bmm/bf16 K0/eager/hot: p50=387.648us
T=256 R=16 gate_consumer/segmented/bf16 K0/cuda_graph/cold: p50=23.232us
T=256 R=16 gate_consumer/segmented/bf16 K0/cuda_graph/hot: p50=19.888us
T=256 R=16 gate_consumer/segmented/bf16 K0/eager/cold: p50=22.704us
T=256 R=16 gate_consumer/segmented/bf16 K0/eager/hot: p50=55.840us
T=256 R=16 gate_consumer/aligned/bf16 K0/cuda_graph/cold: p50=21.248us
T=256 R=16 gate_consumer/aligned/bf16 K0/cuda_graph/hot: p50=17.584us
T=256 R=16 gate_consumer/aligned/bf16 K0/eager/cold: p50=21.888us
T=256 R=16 gate_consumer/aligned/bf16 K0/eager/hot: p50=72.976us
T=256 R=16 gate_consumer/indexed/bf16 K0/cuda_graph/cold: p50=31.488us
T=256 R=16 gate_consumer/indexed/bf16 K0/cuda_graph/hot: p50=30.192us
T=256 R=16 gate_consumer/indexed/bf16 K0/eager/cold: p50=32.752us
T=256 R=16 gate_consumer/indexed/bf16 K0/eager/hot: p50=70.032us
T=256 R=16 down_a/bmm/bf16 K0/cuda_graph/cold: p50=19.200us
T=256 R=16 down_a/bmm/bf16 K0/cuda_graph/hot: p50=15.840us
T=256 R=16 down_a/bmm/bf16 K0/eager/cold: p50=60.288us
T=256 R=16 down_a/bmm/bf16 K0/eager/hot: p50=117.696us
T=256 R=16 down_a/segmented/bf16 K0/cuda_graph/cold: p50=13.088us
T=256 R=16 down_a/segmented/bf16 K0/cuda_graph/hot: p50=10.288us
T=256 R=16 down_a/segmented/bf16 K0/eager/cold: p50=13.536us
T=256 R=16 down_a/segmented/bf16 K0/eager/hot: p50=45.056us
T=256 R=16 down_a/aligned/bf16 K0/cuda_graph/cold: p50=11.072us
T=256 R=16 down_a/aligned/bf16 K0/cuda_graph/hot: p50=9.824us
T=256 R=16 down_a/aligned/bf16 K0/eager/cold: p50=11.792us
T=256 R=16 down_a/aligned/bf16 K0/eager/hot: p50=44.928us
T=256 R=16 down_a/indexed/bf16 K0/cuda_graph/cold: p50=17.200us
T=256 R=16 down_a/indexed/bf16 K0/cuda_graph/hot: p50=15.664us
T=256 R=16 down_a/indexed/bf16 K0/eager/cold: p50=18.416us
T=256 R=16 down_a/indexed/bf16 K0/eager/hot: p50=43.536us
T=256 R=16 down_finalize/bmm/bf16 K0/cuda_graph/cold: p50=37.136us
T=256 R=16 down_finalize/bmm/bf16 K0/cuda_graph/hot: p50=32.192us
T=256 R=16 down_finalize/bmm/bf16 K0/eager/cold: p50=98.960us
T=256 R=16 down_finalize/bmm/bf16 K0/eager/hot: p50=168.240us
T=256 R=16 down_finalize/segmented/bf16 K0/cuda_graph/cold: p50=48.240us
T=256 R=16 down_finalize/segmented/bf16 K0/cuda_graph/hot: p50=46.528us
T=256 R=16 down_finalize/segmented/bf16 K0/eager/cold: p50=53.248us
T=256 R=16 down_finalize/segmented/bf16 K0/eager/hot: p50=73.104us
T=256 R=16 down_finalize/aligned/bf16 K0/cuda_graph/cold: p50=21.296us
T=256 R=16 down_finalize/aligned/bf16 K0/cuda_graph/hot: p50=17.824us
T=256 R=16 down_finalize/aligned/bf16 K0/eager/cold: p50=24.576us
T=256 R=16 down_finalize/aligned/bf16 K0/eager/hot: p50=69.536us
T=256 R=16 down_finalize/indexed/bf16 K0/cuda_graph/cold: p50=31.600us
T=256 R=16 down_finalize/indexed/bf16 K0/cuda_graph/hot: p50=30.128us
T=256 R=16 down_finalize/indexed/bf16 K0/eager/cold: p50=31.200us
T=256 R=16 down_finalize/indexed/bf16 K0/eager/hot: p50=37.808us
T=256 R=16 down_finalize/one_shot_bf16/bf16 K0/cuda_graph/cold: p50=344.912us
T=256 R=16 down_finalize/one_shot_bf16/bf16 K0/cuda_graph/hot: p50=341.440us
T=256 R=16 down_finalize/one_shot_bf16/bf16 K0/eager/cold: p50=349.184us
T=256 R=16 down_finalize/one_shot_bf16/bf16 K0/eager/hot: p50=345.184us
T=256 R=16 down_finalize/one_shot_fp32/bf16 K0/cuda_graph/cold: p50=335.344us
T=256 R=16 down_finalize/one_shot_fp32/bf16 K0/cuda_graph/hot: p50=333.248us
T=256 R=16 down_finalize/one_shot_fp32/bf16 K0/eager/cold: p50=339.968us
T=256 R=16 down_finalize/one_shot_fp32/bf16 K0/eager/hot: p50=334.960us
T=256 R=32 gate_a/bmm/bf16 K0/cuda_graph/cold: p50=28.112us
T=256 R=32 gate_a/bmm/bf16 K0/cuda_graph/hot: p50=23.936us
T=256 R=32 gate_a/bmm/bf16 K0/eager/cold: p50=78.608us
T=256 R=32 gate_a/bmm/bf16 K0/eager/hot: p50=144.736us
T=256 R=32 gate_a/segmented/bf16 K0/cuda_graph/cold: p50=23.328us
T=256 R=32 gate_a/segmented/bf16 K0/cuda_graph/hot: p50=16.800us
T=256 R=32 gate_a/segmented/bf16 K0/eager/cold: p50=25.632us
T=256 R=32 gate_a/segmented/bf16 K0/eager/hot: p50=46.464us
T=256 R=32 gate_a/aligned/bf16 K0/cuda_graph/cold: p50=17.136us
T=256 R=32 gate_a/aligned/bf16 K0/cuda_graph/hot: p50=13.728us
T=256 R=32 gate_a/aligned/bf16 K0/eager/cold: p50=18.432us
T=256 R=32 gate_a/aligned/bf16 K0/eager/hot: p50=47.312us
T=256 R=32 gate_a/indexed/bf16 K0/cuda_graph/cold: p50=56.064us
T=256 R=32 gate_a/indexed/bf16 K0/cuda_graph/hot: p50=53.392us
T=256 R=32 gate_a/indexed/bf16 K0/eager/cold: p50=57.888us
T=256 R=32 gate_a/indexed/bf16 K0/eager/hot: p50=54.704us
T=256 R=32 gate_consumer/bmm/bf16 K0/cuda_graph/cold: p50=64.240us
T=256 R=32 gate_consumer/bmm/bf16 K0/cuda_graph/hot: p50=54.752us
T=256 R=32 gate_consumer/bmm/bf16 K0/eager/cold: p50=333.856us
T=256 R=32 gate_consumer/bmm/bf16 K0/eager/hot: p50=390.800us
T=256 R=32 gate_consumer/segmented/bf16 K0/cuda_graph/cold: p50=19.232us
T=256 R=32 gate_consumer/segmented/bf16 K0/cuda_graph/hot: p50=15.840us
T=256 R=32 gate_consumer/segmented/bf16 K0/eager/cold: p50=19.456us
T=256 R=32 gate_consumer/segmented/bf16 K0/eager/hot: p50=51.440us
T=256 R=32 gate_consumer/aligned/bf16 K0/cuda_graph/cold: p50=15.136us
T=256 R=32 gate_consumer/aligned/bf16 K0/cuda_graph/hot: p50=12.752us
T=256 R=32 gate_consumer/aligned/bf16 K0/eager/cold: p50=16.368us
T=256 R=32 gate_consumer/aligned/bf16 K0/eager/hot: p50=69.808us
T=256 R=32 gate_consumer/indexed/bf16 K0/cuda_graph/cold: p50=41.696us
T=256 R=32 gate_consumer/indexed/bf16 K0/cuda_graph/hot: p50=38.336us
T=256 R=32 gate_consumer/indexed/bf16 K0/eager/cold: p50=39.952us
T=256 R=32 gate_consumer/indexed/bf16 K0/eager/hot: p50=69.216us
T=256 R=32 down_a/bmm/bf16 K0/cuda_graph/cold: p50=20.544us
T=256 R=32 down_a/bmm/bf16 K0/cuda_graph/hot: p50=15.968us
T=256 R=32 down_a/bmm/bf16 K0/eager/cold: p50=63.232us
T=256 R=32 down_a/bmm/bf16 K0/eager/hot: p50=124.080us
T=256 R=32 down_a/segmented/bf16 K0/cuda_graph/cold: p50=13.056us
T=256 R=32 down_a/segmented/bf16 K0/cuda_graph/hot: p50=9.856us
T=256 R=32 down_a/segmented/bf16 K0/eager/cold: p50=14.336us
T=256 R=32 down_a/segmented/bf16 K0/eager/hot: p50=46.416us
T=256 R=32 down_a/aligned/bf16 K0/cuda_graph/cold: p50=13.072us
T=256 R=32 down_a/aligned/bf16 K0/cuda_graph/hot: p50=9.648us
T=256 R=32 down_a/aligned/bf16 K0/eager/cold: p50=12.816us
T=256 R=32 down_a/aligned/bf16 K0/eager/hot: p50=48.608us
T=256 R=32 down_a/indexed/bf16 K0/cuda_graph/cold: p50=18.064us
T=256 R=32 down_a/indexed/bf16 K0/cuda_graph/hot: p50=15.808us
T=256 R=32 down_a/indexed/bf16 K0/eager/cold: p50=18.912us
T=256 R=32 down_a/indexed/bf16 K0/eager/hot: p50=42.672us
T=256 R=32 down_finalize/bmm/bf16 K0/cuda_graph/cold: p50=35.568us
T=256 R=32 down_finalize/bmm/bf16 K0/cuda_graph/hot: p50=31.536us
T=256 R=32 down_finalize/bmm/bf16 K0/eager/cold: p50=103.248us
T=256 R=32 down_finalize/bmm/bf16 K0/eager/hot: p50=165.296us
T=256 R=32 down_finalize/segmented/bf16 K0/cuda_graph/cold: p50=48.576us
T=256 R=32 down_finalize/segmented/bf16 K0/cuda_graph/hot: p50=46.528us
T=256 R=32 down_finalize/segmented/bf16 K0/eager/cold: p50=53.248us
T=256 R=32 down_finalize/segmented/bf16 K0/eager/hot: p50=72.400us
T=256 R=32 down_finalize/aligned/bf16 K0/cuda_graph/cold: p50=23.312us
T=256 R=32 down_finalize/aligned/bf16 K0/cuda_graph/hot: p50=17.856us
T=256 R=32 down_finalize/aligned/bf16 K0/eager/cold: p50=26.624us
T=256 R=32 down_finalize/aligned/bf16 K0/eager/hot: p50=68.048us
T=256 R=32 down_finalize/indexed/bf16 K0/cuda_graph/cold: p50=43.776us
T=256 R=32 down_finalize/indexed/bf16 K0/cuda_graph/hot: p50=40.416us
T=256 R=32 down_finalize/indexed/bf16 K0/eager/cold: p50=42.016us
T=256 R=32 down_finalize/indexed/bf16 K0/eager/hot: p50=41.376us
T=256 R=32 down_finalize/one_shot_bf16/bf16 K0/cuda_graph/cold: p50=471.904us
T=256 R=32 down_finalize/one_shot_bf16/bf16 K0/cuda_graph/hot: p50=468.448us
T=256 R=32 down_finalize/one_shot_bf16/bf16 K0/eager/cold: p50=476.160us
T=256 R=32 down_finalize/one_shot_bf16/bf16 K0/eager/hot: p50=472.112us
T=256 R=32 down_finalize/one_shot_fp32/bf16 K0/cuda_graph/cold: p50=464.688us
T=256 R=32 down_finalize/one_shot_fp32/bf16 K0/cuda_graph/hot: p50=462.272us
T=256 R=32 down_finalize/one_shot_fp32/bf16 K0/eager/cold: p50=468.992us
T=256 R=32 down_finalize/one_shot_fp32/bf16 K0/eager/hot: p50=465.840us
T=256 R=64 gate_a/bmm/bf16 K0/cuda_graph/cold: p50=31.504us
T=256 R=64 gate_a/bmm/bf16 K0/cuda_graph/hot: p50=23.952us
T=256 R=64 gate_a/bmm/bf16 K0/eager/cold: p50=78.336us
T=256 R=64 gate_a/bmm/bf16 K0/eager/hot: p50=145.008us
T=256 R=64 gate_a/segmented/bf16 K0/cuda_graph/cold: p50=25.760us
T=256 R=64 gate_a/segmented/bf16 K0/cuda_graph/hot: p50=22.016us
T=256 R=64 gate_a/segmented/bf16 K0/eager/cold: p50=26.624us
T=256 R=64 gate_a/segmented/bf16 K0/eager/hot: p50=50.832us
T=256 R=64 gate_a/aligned/bf16 K0/cuda_graph/cold: p50=19.200us
T=256 R=64 gate_a/aligned/bf16 K0/cuda_graph/hot: p50=17.856us
T=256 R=64 gate_a/aligned/bf16 K0/eager/cold: p50=20.480us
T=256 R=64 gate_a/aligned/bf16 K0/eager/hot: p50=47.520us
T=256 R=64 gate_a/indexed/bf16 K0/cuda_graph/cold: p50=101.168us
T=256 R=64 gate_a/indexed/bf16 K0/cuda_graph/hot: p50=97.728us
T=256 R=64 gate_a/indexed/bf16 K0/eager/cold: p50=102.400us
T=256 R=64 gate_a/indexed/bf16 K0/eager/hot: p50=99.616us
T=256 R=64 gate_consumer/bmm/bf16 K0/cuda_graph/cold: p50=64.256us
T=256 R=64 gate_consumer/bmm/bf16 K0/cuda_graph/hot: p50=56.800us
T=256 R=64 gate_consumer/bmm/bf16 K0/eager/cold: p50=326.304us
T=256 R=64 gate_consumer/bmm/bf16 K0/eager/hot: p50=381.312us
T=256 R=64 gate_consumer/segmented/bf16 K0/cuda_graph/cold: p50=21.248us
T=256 R=64 gate_consumer/segmented/bf16 K0/cuda_graph/hot: p50=19.840us
T=256 R=64 gate_consumer/segmented/bf16 K0/eager/cold: p50=21.520us
T=256 R=64 gate_consumer/segmented/bf16 K0/eager/hot: p50=53.856us
T=256 R=64 gate_consumer/aligned/bf16 K0/cuda_graph/cold: p50=17.200us
T=256 R=64 gate_consumer/aligned/bf16 K0/cuda_graph/hot: p50=15.728us
T=256 R=64 gate_consumer/aligned/bf16 K0/eager/cold: p50=18.576us
T=256 R=64 gate_consumer/aligned/bf16 K0/eager/hot: p50=72.416us
T=256 R=64 gate_consumer/indexed/bf16 K0/cuda_graph/cold: p50=60.160us
T=256 R=64 gate_consumer/indexed/bf16 K0/cuda_graph/hot: p50=56.768us
T=256 R=64 gate_consumer/indexed/bf16 K0/eager/cold: p50=61.440us
T=256 R=64 gate_consumer/indexed/bf16 K0/eager/hot: p50=71.616us
T=256 R=64 down_a/bmm/bf16 K0/cuda_graph/cold: p50=19.216us
T=256 R=64 down_a/bmm/bf16 K0/cuda_graph/hot: p50=15.824us
T=256 R=64 down_a/bmm/bf16 K0/eager/cold: p50=62.784us
T=256 R=64 down_a/bmm/bf16 K0/eager/hot: p50=127.712us
T=256 R=64 down_a/segmented/bf16 K0/cuda_graph/cold: p50=15.104us
T=256 R=64 down_a/segmented/bf16 K0/cuda_graph/hot: p50=10.432us
T=256 R=64 down_a/segmented/bf16 K0/eager/cold: p50=15.360us
T=256 R=64 down_a/segmented/bf16 K0/eager/hot: p50=46.304us
T=256 R=64 down_a/aligned/bf16 K0/cuda_graph/cold: p50=13.056us
T=256 R=64 down_a/aligned/bf16 K0/cuda_graph/hot: p50=10.064us
T=256 R=64 down_a/aligned/bf16 K0/eager/cold: p50=14.336us
T=256 R=64 down_a/aligned/bf16 K0/eager/hot: p50=46.432us
T=256 R=64 down_a/indexed/bf16 K0/cuda_graph/cold: p50=23.264us
T=256 R=64 down_a/indexed/bf16 K0/cuda_graph/hot: p50=21.952us
T=256 R=64 down_a/indexed/bf16 K0/eager/cold: p50=23.600us
T=256 R=64 down_a/indexed/bf16 K0/eager/hot: p50=46.016us
T=256 R=64 down_finalize/bmm/bf16 K0/cuda_graph/cold: p50=37.664us
T=256 R=64 down_finalize/bmm/bf16 K0/cuda_graph/hot: p50=32.208us
T=256 R=64 down_finalize/bmm/bf16 K0/eager/cold: p50=92.352us
T=256 R=64 down_finalize/bmm/bf16 K0/eager/hot: p50=164.480us
T=256 R=64 down_finalize/segmented/bf16 K0/cuda_graph/cold: p50=48.192us
T=256 R=64 down_finalize/segmented/bf16 K0/cuda_graph/hot: p50=46.528us
T=256 R=64 down_finalize/segmented/bf16 K0/eager/cold: p50=53.248us
T=256 R=64 down_finalize/segmented/bf16 K0/eager/hot: p50=67.696us
T=256 R=64 down_finalize/aligned/bf16 K0/cuda_graph/cold: p50=25.392us
T=256 R=64 down_finalize/aligned/bf16 K0/cuda_graph/hot: p50=19.904us
T=256 R=64 down_finalize/aligned/bf16 K0/eager/cold: p50=28.672us
T=256 R=64 down_finalize/aligned/bf16 K0/eager/hot: p50=66.544us
T=256 R=64 down_finalize/indexed/bf16 K0/cuda_graph/cold: p50=68.352us
T=256 R=64 down_finalize/indexed/bf16 K0/cuda_graph/hot: p50=62.912us
T=256 R=64 down_finalize/indexed/bf16 K0/eager/cold: p50=67.584us
T=256 R=64 down_finalize/indexed/bf16 K0/eager/hot: p50=61.888us
T=256 R=64 down_finalize/one_shot_bf16/bf16 K0/cuda_graph/cold: p50=742.144us
T=256 R=64 down_finalize/one_shot_bf16/bf16 K0/cuda_graph/hot: p50=735.728us
T=256 R=64 down_finalize/one_shot_bf16/bf16 K0/eager/cold: p50=745.472us
T=256 R=64 down_finalize/one_shot_bf16/bf16 K0/eager/hot: p50=738.064us
T=256 R=64 down_finalize/one_shot_fp32/bf16 K0/cuda_graph/cold: p50=735.728us
T=256 R=64 down_finalize/one_shot_fp32/bf16 K0/cuda_graph/hot: p50=728.512us
T=256 R=64 down_finalize/one_shot_fp32/bf16 K0/eager/cold: p50=737.280us
T=256 R=64 down_finalize/one_shot_fp32/bf16 K0/eager/hot: p50=730.672us
T=256 R=128 gate_a/bmm/bf16 K0/cuda_graph/cold: p50=37.632us
T=256 R=128 gate_a/bmm/bf16 K0/cuda_graph/hot: p50=28.128us
T=256 R=128 gate_a/bmm/bf16 K0/eager/cold: p50=79.904us
T=256 R=128 gate_a/bmm/bf16 K0/eager/hot: p50=146.496us
T=256 R=128 gate_a/segmented/bf16 K0/cuda_graph/cold: p50=30.224us
T=256 R=128 gate_a/segmented/bf16 K0/cuda_graph/hot: p50=30.832us
T=256 R=128 gate_a/segmented/bf16 K0/eager/cold: p50=31.744us
T=256 R=128 gate_a/segmented/bf16 K0/eager/hot: p50=52.656us
T=256 R=128 gate_a/aligned/bf16 K0/cuda_graph/cold: p50=25.360us
T=256 R=128 gate_a/aligned/bf16 K0/cuda_graph/hot: p50=23.872us
T=256 R=128 gate_a/aligned/bf16 K0/eager/cold: p50=25.392us
T=256 R=128 gate_a/aligned/bf16 K0/eager/hot: p50=51.600us
T=256 R=128 gate_a/indexed/bf16 K0/cuda_graph/cold: p50=187.488us
T=256 R=128 gate_a/indexed/bf16 K0/cuda_graph/hot: p50=183.776us
T=256 R=128 gate_a/indexed/bf16 K0/eager/cold: p50=188.800us
T=256 R=128 gate_a/indexed/bf16 K0/eager/hot: p50=185.696us
T=256 R=128 gate_consumer/bmm/bf16 K0/cuda_graph/cold: p50=66.416us
T=256 R=128 gate_consumer/bmm/bf16 K0/cuda_graph/hot: p50=56.816us
T=256 R=128 gate_consumer/bmm/bf16 K0/eager/cold: p50=328.144us
T=256 R=128 gate_consumer/bmm/bf16 K0/eager/hot: p50=372.768us
T=256 R=128 gate_consumer/segmented/bf16 K0/cuda_graph/cold: p50=27.424us
T=256 R=128 gate_consumer/segmented/bf16 K0/cuda_graph/hot: p50=24.000us
T=256 R=128 gate_consumer/segmented/bf16 K0/eager/cold: p50=28.672us
T=256 R=128 gate_consumer/segmented/bf16 K0/eager/hot: p50=57.808us
T=256 R=128 gate_consumer/aligned/bf16 K0/cuda_graph/cold: p50=25.344us
T=256 R=128 gate_consumer/aligned/bf16 K0/cuda_graph/hot: p50=19.200us
T=256 R=128 gate_consumer/aligned/bf16 K0/eager/cold: p50=26.624us
T=256 R=128 gate_consumer/aligned/bf16 K0/eager/hot: p50=71.648us
T=256 R=128 gate_consumer/indexed/bf16 K0/cuda_graph/cold: p50=111.376us
T=256 R=128 gate_consumer/indexed/bf16 K0/cuda_graph/hot: p50=105.920us
T=256 R=128 gate_consumer/indexed/bf16 K0/eager/cold: p50=112.640us
T=256 R=128 gate_consumer/indexed/bf16 K0/eager/hot: p50=107.904us
T=256 R=128 down_a/bmm/bf16 K0/cuda_graph/cold: p50=21.248us
T=256 R=128 down_a/bmm/bf16 K0/cuda_graph/hot: p50=17.872us
T=256 R=128 down_a/bmm/bf16 K0/eager/cold: p50=53.360us
T=256 R=128 down_a/bmm/bf16 K0/eager/hot: p50=123.904us
T=256 R=128 down_a/segmented/bf16 K0/cuda_graph/cold: p50=15.152us
T=256 R=128 down_a/segmented/bf16 K0/cuda_graph/hot: p50=13.184us
T=256 R=128 down_a/segmented/bf16 K0/eager/cold: p50=16.384us
T=256 R=128 down_a/segmented/bf16 K0/eager/hot: p50=44.912us
T=256 R=128 down_a/aligned/bf16 K0/cuda_graph/cold: p50=13.056us
T=256 R=128 down_a/aligned/bf16 K0/cuda_graph/hot: p50=11.104us
T=256 R=128 down_a/aligned/bf16 K0/eager/cold: p50=14.336us
T=256 R=128 down_a/aligned/bf16 K0/eager/hot: p50=46.400us
T=256 R=128 down_a/indexed/bf16 K0/cuda_graph/cold: p50=35.568us
T=256 R=128 down_a/indexed/bf16 K0/cuda_graph/hot: p50=34.240us
T=256 R=128 down_a/indexed/bf16 K0/eager/cold: p50=36.992us
T=256 R=128 down_a/indexed/bf16 K0/eager/hot: p50=48.032us
T=256 R=128 down_finalize/bmm/bf16 K0/cuda_graph/cold: p50=41.728us
T=256 R=128 down_finalize/bmm/bf16 K0/cuda_graph/hot: p50=34.112us
T=256 R=128 down_finalize/bmm/bf16 K0/eager/cold: p50=101.952us
T=256 R=128 down_finalize/bmm/bf16 K0/eager/hot: p50=166.416us
T=256 R=128 down_finalize/segmented/bf16 K0/cuda_graph/cold: p50=49.936us
T=256 R=128 down_finalize/segmented/bf16 K0/cuda_graph/hot: p50=46.528us
T=256 R=128 down_finalize/segmented/bf16 K0/eager/cold: p50=53.248us
T=256 R=128 down_finalize/segmented/bf16 K0/eager/hot: p50=66.976us
T=256 R=128 down_finalize/aligned/bf16 K0/cuda_graph/cold: p50=31.760us
T=256 R=128 down_finalize/aligned/bf16 K0/cuda_graph/hot: p50=24.016us
T=256 R=128 down_finalize/aligned/bf16 K0/eager/cold: p50=34.352us
T=256 R=128 down_finalize/aligned/bf16 K0/eager/hot: p50=67.664us
T=256 R=128 down_finalize/indexed/bf16 K0/cuda_graph/cold: p50=174.880us
T=256 R=128 down_finalize/indexed/bf16 K0/cuda_graph/hot: p50=144.832us
T=256 R=128 down_finalize/indexed/bf16 K0/eager/cold: p50=174.784us
T=256 R=128 down_finalize/indexed/bf16 K0/eager/hot: p50=143.808us
T=256 R=128 down_finalize/one_shot_bf16/bf16 K0/cuda_graph/cold: p50=1271.184us
T=256 R=128 down_finalize/one_shot_bf16/bf16 K0/cuda_graph/hot: p50=1266.112us
T=256 R=128 down_finalize/one_shot_bf16/bf16 K0/eager/cold: p50=1274.528us
T=256 R=128 down_finalize/one_shot_bf16/bf16 K0/eager/hot: p50=1268.832us
T=256 R=128 down_finalize/one_shot_fp32/bf16 K0/cuda_graph/cold: p50=1283.184us
T=256 R=128 down_finalize/one_shot_fp32/bf16 K0/cuda_graph/hot: p50=1278.432us
T=256 R=128 down_finalize/one_shot_fp32/bf16 K0/eager/cold: p50=1286.144us
T=256 R=128 down_finalize/one_shot_fp32/bf16 K0/eager/hot: p50=1281.104us
T=2048 R=16 gate_a/bmm/bf16 K0/cuda_graph/cold: p50=41.728us
T=2048 R=16 gate_a/bmm/bf16 K0/cuda_graph/hot: p50=40.416us
T=2048 R=16 gate_a/bmm/bf16 K0/eager/cold: p50=81.456us
T=2048 R=16 gate_a/bmm/bf16 K0/eager/hot: p50=146.624us
T=2048 R=16 gate_a/segmented/bf16 K0/cuda_graph/cold: p50=39.664us
T=2048 R=16 gate_a/segmented/bf16 K0/cuda_graph/hot: p50=38.336us
T=2048 R=16 gate_a/segmented/bf16 K0/eager/cold: p50=40.960us
T=2048 R=16 gate_a/segmented/bf16 K0/eager/hot: p50=51.616us
T=2048 R=16 gate_a/aligned/bf16 K0/cuda_graph/cold: p50=29.424us
T=2048 R=16 gate_a/aligned/bf16 K0/cuda_graph/hot: p50=28.096us
T=2048 R=16 gate_a/aligned/bf16 K0/eager/cold: p50=30.720us
T=2048 R=16 gate_a/aligned/bf16 K0/eager/hot: p50=50.592us
T=2048 R=16 gate_a/indexed/bf16 K0/cuda_graph/cold: p50=191.312us
T=2048 R=16 gate_a/indexed/bf16 K0/cuda_graph/hot: p50=185.264us
T=2048 R=16 gate_a/indexed/bf16 K0/eager/cold: p50=192.816us
T=2048 R=16 gate_a/indexed/bf16 K0/eager/hot: p50=185.728us
T=2048 R=16 gate_consumer/bmm/bf16 K0/cuda_graph/cold: p50=216.128us
T=2048 R=16 gate_consumer/bmm/bf16 K0/cuda_graph/hot: p50=216.512us
T=2048 R=16 gate_consumer/bmm/bf16 K0/eager/cold: p50=323.456us
T=2048 R=16 gate_consumer/bmm/bf16 K0/eager/hot: p50=398.928us
T=2048 R=16 gate_consumer/segmented/bf16 K0/cuda_graph/cold: p50=115.456us
T=2048 R=16 gate_consumer/segmented/bf16 K0/cuda_graph/hot: p50=106.400us
T=2048 R=16 gate_consumer/segmented/bf16 K0/eager/cold: p50=116.720us
T=2048 R=16 gate_consumer/segmented/bf16 K0/eager/hot: p50=107.840us
T=2048 R=16 gate_consumer/aligned/bf16 K0/cuda_graph/cold: p50=66.352us
T=2048 R=16 gate_consumer/aligned/bf16 K0/cuda_graph/hot: p50=52.688us
T=2048 R=16 gate_consumer/aligned/bf16 K0/eager/cold: p50=67.584us
T=2048 R=16 gate_consumer/aligned/bf16 K0/eager/hot: p50=73.696us
T=2048 R=16 gate_consumer/indexed/bf16 K0/cuda_graph/cold: p50=176.912us
T=2048 R=16 gate_consumer/indexed/bf16 K0/cuda_graph/hot: p50=175.552us
T=2048 R=16 gate_consumer/indexed/bf16 K0/eager/cold: p50=178.176us
T=2048 R=16 gate_consumer/indexed/bf16 K0/eager/hot: p50=177.136us
T=2048 R=16 down_a/bmm/bf16 K0/cuda_graph/cold: p50=27.440us
T=2048 R=16 down_a/bmm/bf16 K0/cuda_graph/hot: p50=24.000us
T=2048 R=16 down_a/bmm/bf16 K0/eager/cold: p50=57.120us
T=2048 R=16 down_a/bmm/bf16 K0/eager/hot: p50=118.400us
T=2048 R=16 down_a/segmented/bf16 K0/cuda_graph/cold: p50=19.328us
T=2048 R=16 down_a/segmented/bf16 K0/cuda_graph/hot: p50=17.872us
T=2048 R=16 down_a/segmented/bf16 K0/eager/cold: p50=20.480us
T=2048 R=16 down_a/segmented/bf16 K0/eager/hot: p50=47.904us
T=2048 R=16 down_a/aligned/bf16 K0/cuda_graph/cold: p50=15.120us
T=2048 R=16 down_a/aligned/bf16 K0/cuda_graph/hot: p50=13.728us
T=2048 R=16 down_a/aligned/bf16 K0/eager/cold: p50=16.384us
T=2048 R=16 down_a/aligned/bf16 K0/eager/hot: p50=45.712us
T=2048 R=16 down_a/indexed/bf16 K0/cuda_graph/cold: p50=62.720us
T=2048 R=16 down_a/indexed/bf16 K0/cuda_graph/hot: p50=58.832us
T=2048 R=16 down_a/indexed/bf16 K0/eager/cold: p50=63.760us
T=2048 R=16 down_a/indexed/bf16 K0/eager/hot: p50=60.816us
T=2048 R=16 down_finalize/bmm/bf16 K0/cuda_graph/cold: p50=176.912us
T=2048 R=16 down_finalize/bmm/bf16 K0/cuda_graph/hot: p50=175.552us
T=2048 R=16 down_finalize/bmm/bf16 K0/eager/cold: p50=183.648us
T=2048 R=16 down_finalize/bmm/bf16 K0/eager/hot: p50=183.504us
T=2048 R=16 down_finalize/segmented/bf16 K0/cuda_graph/cold: p50=340.736us
T=2048 R=16 down_finalize/segmented/bf16 K0/cuda_graph/hot: p50=339.424us
T=2048 R=16 down_finalize/segmented/bf16 K0/eager/cold: p50=344.064us
T=2048 R=16 down_finalize/segmented/bf16 K0/eager/hot: p50=343.392us
T=2048 R=16 down_finalize/aligned/bf16 K0/cuda_graph/cold: p50=84.064us
T=2048 R=16 down_finalize/aligned/bf16 K0/cuda_graph/hot: p50=83.424us
T=2048 R=16 down_finalize/aligned/bf16 K0/eager/cold: p50=88.976us
T=2048 R=16 down_finalize/aligned/bf16 K0/eager/hot: p50=87.456us
T=2048 R=16 down_finalize/indexed/bf16 K0/cuda_graph/cold: p50=193.280us
T=2048 R=16 down_finalize/indexed/bf16 K0/cuda_graph/hot: p50=189.888us
T=2048 R=16 down_finalize/indexed/bf16 K0/eager/cold: p50=193.248us
T=2048 R=16 down_finalize/indexed/bf16 K0/eager/hot: p50=190.336us
T=2048 R=16 down_finalize/one_shot_bf16/bf16 K0/cuda_graph/cold: p50=2691.840us
T=2048 R=16 down_finalize/one_shot_bf16/bf16 K0/cuda_graph/hot: p50=2689.520us
T=2048 R=16 down_finalize/one_shot_bf16/bf16 K0/eager/cold: p50=2695.168us
T=2048 R=16 down_finalize/one_shot_bf16/bf16 K0/eager/hot: p50=2694.864us
T=2048 R=16 down_finalize/one_shot_fp32/bf16 K0/cuda_graph/cold: p50=2615.104us
T=2048 R=16 down_finalize/one_shot_fp32/bf16 K0/cuda_graph/hot: p50=2613.744us
T=2048 R=16 down_finalize/one_shot_fp32/bf16 K0/eager/cold: p50=2618.752us
T=2048 R=16 down_finalize/one_shot_fp32/bf16 K0/eager/hot: p50=2617.792us
T=2048 R=32 gate_a/bmm/bf16 K0/cuda_graph/cold: p50=45.824us
T=2048 R=32 gate_a/bmm/bf16 K0/cuda_graph/hot: p50=44.480us
T=2048 R=32 gate_a/bmm/bf16 K0/eager/cold: p50=73.648us
T=2048 R=32 gate_a/bmm/bf16 K0/eager/hot: p50=143.888us
T=2048 R=32 gate_a/segmented/bf16 K0/cuda_graph/cold: p50=33.920us
T=2048 R=32 gate_a/segmented/bf16 K0/cuda_graph/hot: p50=34.176us
T=2048 R=32 gate_a/segmented/bf16 K0/eager/cold: p50=37.888us
T=2048 R=32 gate_a/segmented/bf16 K0/eager/hot: p50=50.592us
T=2048 R=32 gate_a/aligned/bf16 K0/cuda_graph/cold: p50=35.616us
T=2048 R=32 gate_a/aligned/bf16 K0/cuda_graph/hot: p50=34.240us
T=2048 R=32 gate_a/aligned/bf16 K0/eager/cold: p50=37.888us
T=2048 R=32 gate_a/aligned/bf16 K0/eager/hot: p50=51.136us
T=2048 R=32 gate_a/indexed/bf16 K0/cuda_graph/cold: p50=364.800us
T=2048 R=32 gate_a/indexed/bf16 K0/cuda_graph/hot: p50=357.824us
T=2048 R=32 gate_a/indexed/bf16 K0/eager/cold: p50=366.880us
T=2048 R=32 gate_a/indexed/bf16 K0/eager/hot: p50=360.032us
T=2048 R=32 gate_consumer/bmm/bf16 K0/cuda_graph/cold: p50=217.920us
T=2048 R=32 gate_consumer/bmm/bf16 K0/cuda_graph/hot: p50=216.464us
T=2048 R=32 gate_consumer/bmm/bf16 K0/eager/cold: p50=312.208us
T=2048 R=32 gate_consumer/bmm/bf16 K0/eager/hot: p50=371.776us
T=2048 R=32 gate_consumer/segmented/bf16 K0/cuda_graph/cold: p50=80.640us
T=2048 R=32 gate_consumer/segmented/bf16 K0/cuda_graph/hot: p50=79.328us
T=2048 R=32 gate_consumer/segmented/bf16 K0/eager/cold: p50=81.920us
T=2048 R=32 gate_consumer/segmented/bf16 K0/eager/hot: p50=81.328us
T=2048 R=32 gate_consumer/aligned/bf16 K0/cuda_graph/cold: p50=43.264us
T=2048 R=32 gate_consumer/aligned/bf16 K0/cuda_graph/hot: p50=33.184us
T=2048 R=32 gate_consumer/aligned/bf16 K0/eager/cold: p50=43.600us
T=2048 R=32 gate_consumer/aligned/bf16 K0/eager/hot: p50=75.392us
T=2048 R=32 gate_consumer/indexed/bf16 K0/cuda_graph/cold: p50=243.232us
T=2048 R=32 gate_consumer/indexed/bf16 K0/cuda_graph/hot: p50=241.104us
T=2048 R=32 gate_consumer/indexed/bf16 K0/eager/cold: p50=243.712us
T=2048 R=32 gate_consumer/indexed/bf16 K0/eager/hot: p50=241.376us
T=2048 R=32 down_a/bmm/bf16 K0/cuda_graph/cold: p50=27.392us
T=2048 R=32 down_a/bmm/bf16 K0/cuda_graph/hot: p50=24.032us
T=2048 R=32 down_a/bmm/bf16 K0/eager/cold: p50=54.880us
T=2048 R=32 down_a/bmm/bf16 K0/eager/hot: p50=119.104us
T=2048 R=32 down_a/segmented/bf16 K0/cuda_graph/cold: p50=19.216us
T=2048 R=32 down_a/segmented/bf16 K0/cuda_graph/hot: p50=17.872us
T=2048 R=32 down_a/segmented/bf16 K0/eager/cold: p50=20.672us
T=2048 R=32 down_a/segmented/bf16 K0/eager/hot: p50=49.056us
T=2048 R=32 down_a/aligned/bf16 K0/cuda_graph/cold: p50=16.880us
T=2048 R=32 down_a/aligned/bf16 K0/cuda_graph/hot: p50=13.936us
T=2048 R=32 down_a/aligned/bf16 K0/eager/cold: p50=18.432us
T=2048 R=32 down_a/aligned/bf16 K0/eager/hot: p50=45.744us
T=2048 R=32 down_a/indexed/bf16 K0/cuda_graph/cold: p50=64.480us
T=2048 R=32 down_a/indexed/bf16 K0/cuda_graph/hot: p50=58.848us
T=2048 R=32 down_a/indexed/bf16 K0/eager/cold: p50=67.584us
T=2048 R=32 down_a/indexed/bf16 K0/eager/hot: p50=60.832us
T=2048 R=32 down_finalize/bmm/bf16 K0/cuda_graph/cold: p50=176.896us
T=2048 R=32 down_finalize/bmm/bf16 K0/cuda_graph/hot: p50=175.552us
T=2048 R=32 down_finalize/bmm/bf16 K0/eager/cold: p50=185.408us
T=2048 R=32 down_finalize/bmm/bf16 K0/eager/hot: p50=183.648us
T=2048 R=32 down_finalize/segmented/bf16 K0/cuda_graph/cold: p50=342.752us
T=2048 R=32 down_finalize/segmented/bf16 K0/cuda_graph/hot: p50=343.472us
T=2048 R=32 down_finalize/segmented/bf16 K0/eager/cold: p50=346.112us
T=2048 R=32 down_finalize/segmented/bf16 K0/eager/hot: p50=345.456us
T=2048 R=32 down_finalize/aligned/bf16 K0/cuda_graph/cold: p50=93.152us
T=2048 R=32 down_finalize/aligned/bf16 K0/cuda_graph/hot: p50=93.664us
T=2048 R=32 down_finalize/aligned/bf16 K0/eager/cold: p50=97.296us
T=2048 R=32 down_finalize/aligned/bf16 K0/eager/hot: p50=95.904us
T=2048 R=32 down_finalize/indexed/bf16 K0/cuda_graph/cold: p50=277.376us
T=2048 R=32 down_finalize/indexed/bf16 K0/cuda_graph/hot: p50=275.936us
T=2048 R=32 down_finalize/indexed/bf16 K0/eager/cold: p50=277.216us
T=2048 R=32 down_finalize/indexed/bf16 K0/eager/hot: p50=274.928us
T=2048 R=32 down_finalize/one_shot_bf16/bf16 K0/cuda_graph/cold: p50=3707.024us
T=2048 R=32 down_finalize/one_shot_bf16/bf16 K0/cuda_graph/hot: p50=3706.304us
T=2048 R=32 down_finalize/one_shot_bf16/bf16 K0/eager/cold: p50=3712.000us
T=2048 R=32 down_finalize/one_shot_bf16/bf16 K0/eager/hot: p50=3711.424us
T=2048 R=32 down_finalize/one_shot_fp32/bf16 K0/cuda_graph/cold: p50=3649.264us
T=2048 R=32 down_finalize/one_shot_fp32/bf16 K0/cuda_graph/hot: p50=3648.960us
T=2048 R=32 down_finalize/one_shot_fp32/bf16 K0/eager/cold: p50=3653.088us
T=2048 R=32 down_finalize/one_shot_fp32/bf16 K0/eager/hot: p50=3652.384us
T=2048 R=64 gate_a/bmm/bf16 K0/cuda_graph/cold: p50=54.480us
T=2048 R=64 gate_a/bmm/bf16 K0/cuda_graph/hot: p50=54.720us
T=2048 R=64 gate_a/bmm/bf16 K0/eager/cold: p50=73.824us
T=2048 R=64 gate_a/bmm/bf16 K0/eager/hot: p50=138.624us
T=2048 R=64 gate_a/segmented/bf16 K0/cuda_graph/cold: p50=64.272us
T=2048 R=64 gate_a/segmented/bf16 K0/cuda_graph/hot: p50=60.864us
T=2048 R=64 gate_a/segmented/bf16 K0/eager/cold: p50=66.560us
T=2048 R=64 gate_a/segmented/bf16 K0/eager/hot: p50=62.880us
T=2048 R=64 gate_a/aligned/bf16 K0/cuda_graph/cold: p50=56.784us
T=2048 R=64 gate_a/aligned/bf16 K0/cuda_graph/hot: p50=54.704us
T=2048 R=64 gate_a/aligned/bf16 K0/eager/cold: p50=58.368us
T=2048 R=64 gate_a/aligned/bf16 K0/eager/hot: p50=56.768us
T=2048 R=64 gate_a/indexed/bf16 K0/cuda_graph/cold: p50=712.480us
T=2048 R=64 gate_a/indexed/bf16 K0/cuda_graph/hot: p50=706.016us
T=2048 R=64 gate_a/indexed/bf16 K0/eager/cold: p50=713.280us
T=2048 R=64 gate_a/indexed/bf16 K0/eager/hot: p50=708.880us
T=2048 R=64 gate_consumer/bmm/bf16 K0/cuda_graph/cold: p50=219.872us
T=2048 R=64 gate_consumer/bmm/bf16 K0/cuda_graph/hot: p50=219.216us
T=2048 R=64 gate_consumer/bmm/bf16 K0/eager/cold: p50=320.576us
T=2048 R=64 gate_consumer/bmm/bf16 K0/eager/hot: p50=368.768us
T=2048 R=64 gate_consumer/segmented/bf16 K0/cuda_graph/cold: p50=94.976us
T=2048 R=64 gate_consumer/segmented/bf16 K0/cuda_graph/hot: p50=89.568us
T=2048 R=64 gate_consumer/segmented/bf16 K0/eager/cold: p50=96.288us
T=2048 R=64 gate_consumer/segmented/bf16 K0/eager/hot: p50=91.984us
T=2048 R=64 gate_consumer/aligned/bf16 K0/cuda_graph/cold: p50=54.016us
T=2048 R=64 gate_consumer/aligned/bf16 K0/cuda_graph/hot: p50=46.432us
T=2048 R=64 gate_consumer/aligned/bf16 K0/eager/cold: p50=56.320us
T=2048 R=64 gate_consumer/aligned/bf16 K0/eager/hot: p50=75.168us
T=2048 R=64 gate_consumer/indexed/bf16 K0/cuda_graph/cold: p50=396.032us
T=2048 R=64 gate_consumer/indexed/bf16 K0/cuda_graph/hot: p50=388.560us
T=2048 R=64 gate_consumer/indexed/bf16 K0/eager/cold: p50=397.312us
T=2048 R=64 gate_consumer/indexed/bf16 K0/eager/hot: p50=391.744us
T=2048 R=64 down_a/bmm/bf16 K0/cuda_graph/cold: p50=29.472us
T=2048 R=64 down_a/bmm/bf16 K0/cuda_graph/hot: p50=26.080us
T=2048 R=64 down_a/bmm/bf16 K0/eager/cold: p50=60.592us
T=2048 R=64 down_a/bmm/bf16 K0/eager/hot: p50=126.480us
T=2048 R=64 down_a/segmented/bf16 K0/cuda_graph/cold: p50=19.216us
T=2048 R=64 down_a/segmented/bf16 K0/cuda_graph/hot: p50=18.000us
T=2048 R=64 down_a/segmented/bf16 K0/eager/cold: p50=21.488us
T=2048 R=64 down_a/segmented/bf16 K0/eager/hot: p50=48.144us
T=2048 R=64 down_a/aligned/bf16 K0/cuda_graph/cold: p50=19.200us
T=2048 R=64 down_a/aligned/bf16 K0/cuda_graph/hot: p50=17.792us
T=2048 R=64 down_a/aligned/bf16 K0/eager/cold: p50=21.504us
T=2048 R=64 down_a/aligned/bf16 K0/eager/hot: p50=48.704us
T=2048 R=64 down_a/indexed/bf16 K0/cuda_graph/cold: p50=115.968us
T=2048 R=64 down_a/indexed/bf16 K0/cuda_graph/hot: p50=110.048us
T=2048 R=64 down_a/indexed/bf16 K0/eager/cold: p50=117.024us
T=2048 R=64 down_a/indexed/bf16 K0/eager/hot: p50=112.704us
T=2048 R=64 down_finalize/bmm/bf16 K0/cuda_graph/cold: p50=174.848us
T=2048 R=64 down_finalize/bmm/bf16 K0/cuda_graph/hot: p50=173.504us
T=2048 R=64 down_finalize/bmm/bf16 K0/eager/cold: p50=181.840us
T=2048 R=64 down_finalize/bmm/bf16 K0/eager/hot: p50=181.680us
T=2048 R=64 down_finalize/segmented/bf16 K0/cuda_graph/cold: p50=342.752us
T=2048 R=64 down_finalize/segmented/bf16 K0/cuda_graph/hot: p50=341.440us
T=2048 R=64 down_finalize/segmented/bf16 K0/eager/cold: p50=346.112us
T=2048 R=64 down_finalize/segmented/bf16 K0/eager/hot: p50=345.984us
T=2048 R=64 down_finalize/aligned/bf16 K0/cuda_graph/cold: p50=109.296us
T=2048 R=64 down_finalize/aligned/bf16 K0/cuda_graph/hot: p50=110.016us
T=2048 R=64 down_finalize/aligned/bf16 K0/eager/cold: p50=113.056us
T=2048 R=64 down_finalize/aligned/bf16 K0/eager/hot: p50=112.608us
T=2048 R=64 down_finalize/indexed/bf16 K0/cuda_graph/cold: p50=465.008us
T=2048 R=64 down_finalize/indexed/bf16 K0/cuda_graph/hot: p50=458.176us
T=2048 R=64 down_finalize/indexed/bf16 K0/eager/cold: p50=463.872us
T=2048 R=64 down_finalize/indexed/bf16 K0/eager/hot: p50=457.168us
T=2048 R=64 down_finalize/one_shot_bf16/bf16 K0/cuda_graph/cold: p50=5830.768us
T=2048 R=64 down_finalize/one_shot_bf16/bf16 K0/cuda_graph/hot: p50=5831.104us
T=2048 R=64 down_finalize/one_shot_bf16/bf16 K0/eager/cold: p50=5835.776us
T=2048 R=64 down_finalize/one_shot_bf16/bf16 K0/eager/hot: p50=5834.464us
T=2048 R=64 down_finalize/one_shot_fp32/bf16 K0/cuda_graph/cold: p50=5770.512us
T=2048 R=64 down_finalize/one_shot_fp32/bf16 K0/cuda_graph/hot: p50=5767.648us
T=2048 R=64 down_finalize/one_shot_fp32/bf16 K0/eager/cold: p50=5774.144us
T=2048 R=64 down_finalize/one_shot_fp32/bf16 K0/eager/hot: p50=5772.944us
T=2048 R=128 gate_a/bmm/bf16 K0/cuda_graph/cold: p50=70.976us
T=2048 R=128 gate_a/bmm/bf16 K0/cuda_graph/hot: p50=71.120us
T=2048 R=128 gate_a/bmm/bf16 K0/eager/cold: p50=79.680us
T=2048 R=128 gate_a/bmm/bf16 K0/eager/hot: p50=142.848us
T=2048 R=128 gate_a/segmented/bf16 K0/cuda_graph/cold: p50=101.216us
T=2048 R=128 gate_a/segmented/bf16 K0/cuda_graph/hot: p50=101.840us
T=2048 R=128 gate_a/segmented/bf16 K0/eager/cold: p50=103.104us
T=2048 R=128 gate_a/segmented/bf16 K0/eager/hot: p50=101.776us
T=2048 R=128 gate_a/aligned/bf16 K0/cuda_graph/cold: p50=99.072us
T=2048 R=128 gate_a/aligned/bf16 K0/cuda_graph/hot: p50=95.808us
T=2048 R=128 gate_a/aligned/bf16 K0/eager/cold: p50=100.432us
T=2048 R=128 gate_a/aligned/bf16 K0/eager/hot: p50=97.472us
T=2048 R=128 gate_a/indexed/bf16 K0/cuda_graph/cold: p50=1407.712us
T=2048 R=128 gate_a/indexed/bf16 K0/cuda_graph/hot: p50=1401.280us
T=2048 R=128 gate_a/indexed/bf16 K0/eager/cold: p50=1410.048us
T=2048 R=128 gate_a/indexed/bf16 K0/eager/hot: p50=1403.120us
T=2048 R=128 gate_consumer/bmm/bf16 K0/cuda_graph/cold: p50=226.048us
T=2048 R=128 gate_consumer/bmm/bf16 K0/cuda_graph/hot: p50=225.232us
T=2048 R=128 gate_consumer/bmm/bf16 K0/eager/cold: p50=313.712us
T=2048 R=128 gate_consumer/bmm/bf16 K0/eager/hot: p50=373.648us
T=2048 R=128 gate_consumer/segmented/bf16 K0/cuda_graph/cold: p50=138.816us
T=2048 R=128 gate_consumer/segmented/bf16 K0/cuda_graph/hot: p50=128.480us
T=2048 R=128 gate_consumer/segmented/bf16 K0/eager/cold: p50=139.648us
T=2048 R=128 gate_consumer/segmented/bf16 K0/eager/hot: p50=132.304us
T=2048 R=128 gate_consumer/aligned/bf16 K0/cuda_graph/cold: p50=94.512us
T=2048 R=128 gate_consumer/aligned/bf16 K0/cuda_graph/hot: p50=81.376us
T=2048 R=128 gate_consumer/aligned/bf16 K0/eager/cold: p50=95.232us
T=2048 R=128 gate_consumer/aligned/bf16 K0/eager/hot: p50=85.328us
T=2048 R=128 gate_consumer/indexed/bf16 K0/cuda_graph/cold: p50=803.584us
T=2048 R=128 gate_consumer/indexed/bf16 K0/cuda_graph/hot: p50=781.744us
T=2048 R=128 gate_consumer/indexed/bf16 K0/eager/cold: p50=804.880us
T=2048 R=128 gate_consumer/indexed/bf16 K0/eager/hot: p50=783.504us
T=2048 R=128 down_a/bmm/bf16 K0/cuda_graph/cold: p50=33.552us
T=2048 R=128 down_a/bmm/bf16 K0/cuda_graph/hot: p50=30.176us
T=2048 R=128 down_a/bmm/bf16 K0/eager/cold: p50=51.952us
T=2048 R=128 down_a/bmm/bf16 K0/eager/hot: p50=121.200us
T=2048 R=128 down_a/segmented/bf16 K0/cuda_graph/cold: p50=29.456us
T=2048 R=128 down_a/segmented/bf16 K0/cuda_graph/hot: p50=28.144us
T=2048 R=128 down_a/segmented/bf16 K0/eager/cold: p50=30.736us
T=2048 R=128 down_a/segmented/bf16 K0/eager/hot: p50=49.776us
T=2048 R=128 down_a/aligned/bf16 K0/cuda_graph/cold: p50=24.080us
T=2048 R=128 down_a/aligned/bf16 K0/cuda_graph/hot: p50=21.952us
T=2048 R=128 down_a/aligned/bf16 K0/eager/cold: p50=25.312us
T=2048 R=128 down_a/aligned/bf16 K0/eager/hot: p50=50.608us
T=2048 R=128 down_a/indexed/bf16 K0/cuda_graph/cold: p50=217.856us
T=2048 R=128 down_a/indexed/bf16 K0/cuda_graph/hot: p50=210.400us
T=2048 R=128 down_a/indexed/bf16 K0/eager/cold: p50=219.440us
T=2048 R=128 down_a/indexed/bf16 K0/eager/hot: p50=214.368us
T=2048 R=128 down_finalize/bmm/bf16 K0/cuda_graph/cold: p50=176.896us
T=2048 R=128 down_finalize/bmm/bf16 K0/cuda_graph/hot: p50=177.344us
T=2048 R=128 down_finalize/bmm/bf16 K0/eager/cold: p50=185.408us
T=2048 R=128 down_finalize/bmm/bf16 K0/eager/hot: p50=183.744us
T=2048 R=128 down_finalize/segmented/bf16 K0/cuda_graph/cold: p50=346.912us
T=2048 R=128 down_finalize/segmented/bf16 K0/cuda_graph/hot: p50=347.584us
T=2048 R=128 down_finalize/segmented/bf16 K0/eager/cold: p50=352.256us
T=2048 R=128 down_finalize/segmented/bf16 K0/eager/hot: p50=351.392us
T=2048 R=128 down_finalize/aligned/bf16 K0/cuda_graph/cold: p50=142.128us
T=2048 R=128 down_finalize/aligned/bf16 K0/cuda_graph/hot: p50=141.968us
T=2048 R=128 down_finalize/aligned/bf16 K0/eager/cold: p50=145.536us
T=2048 R=128 down_finalize/aligned/bf16 K0/eager/hot: p50=144.800us
T=2048 R=128 down_finalize/indexed/bf16 K0/cuda_graph/cold: p50=1313.424us
T=2048 R=128 down_finalize/indexed/bf16 K0/cuda_graph/hot: p50=1255.392us
T=2048 R=128 down_finalize/indexed/bf16 K0/eager/cold: p50=1311.744us
T=2048 R=128 down_finalize/indexed/bf16 K0/eager/hot: p50=1255.872us
T=2048 R=128 down_finalize/one_shot_bf16/bf16 K0/cuda_graph/cold: p50=10072.736us
T=2048 R=128 down_finalize/one_shot_bf16/bf16 K0/cuda_graph/hot: p50=10070.464us
T=2048 R=128 down_finalize/one_shot_bf16/bf16 K0/eager/cold: p50=10074.112us
T=2048 R=128 down_finalize/one_shot_bf16/bf16 K0/eager/hot: p50=10073.120us
T=2048 R=128 down_finalize/one_shot_fp32/bf16 K0/cuda_graph/cold: p50=10169.088us
T=2048 R=128 down_finalize/one_shot_fp32/bf16 K0/cuda_graph/hot: p50=10167.248us
T=2048 R=128 down_finalize/one_shot_fp32/bf16 K0/eager/cold: p50=10172.944us
T=2048 R=128 down_finalize/one_shot_fp32/bf16 K0/eager/hot: p50=10171.152us
/usr/local/lib/python3.12/dist-packages/torch/cuda/__init__.py:61: FutureWarning: The pynvml package is deprecated. Please install nvidia-ml-py instead. If you did not install pynvml directly, please report this to the maintainers of the package that installed pynvml for you.
  import pynvml  # type: ignore[import]
T=1 R=16 gate_a/bmm/bf16 O0/cuda_graph/cold: p50=35.616us
T=1 R=16 gate_a/bmm/bf16 O0/cuda_graph/hot: p50=32.192us
T=1 R=16 gate_a/bmm/bf16 O0/eager/cold: p50=274.128us
T=1 R=16 gate_a/bmm/bf16 O0/eager/hot: p50=337.232us
T=1 R=16 gate_a/segmented/bf16 O0/cuda_graph/cold: p50=45.824us
T=1 R=16 gate_a/segmented/bf16 O0/cuda_graph/hot: p50=42.480us
T=1 R=16 gate_a/segmented/bf16 O0/eager/cold: p50=312.640us
T=1 R=16 gate_a/segmented/bf16 O0/eager/hot: p50=376.560us
T=1 R=16 gate_a/aligned/bf16 O0/cuda_graph/cold: p50=35.072us
T=1 R=16 gate_a/aligned/bf16 O0/cuda_graph/hot: p50=28.128us
T=1 R=16 gate_a/aligned/bf16 O0/eager/cold: p50=284.672us
T=1 R=16 gate_a/aligned/bf16 O0/eager/hot: p50=341.472us
T=1 R=16 gate_a/indexed/bf16 O0/cuda_graph/cold: p50=21.248us
T=1 R=16 gate_a/indexed/bf16 O0/cuda_graph/hot: p50=13.104us
T=1 R=16 gate_a/indexed/bf16 O0/eager/cold: p50=20.816us
T=1 R=16 gate_a/indexed/bf16 O0/eager/hot: p50=48.816us
T=1 R=16 gate_consumer/bmm/bf16 O0/cuda_graph/cold: p50=46.272us
T=1 R=16 gate_consumer/bmm/bf16 O0/cuda_graph/hot: p50=40.896us
T=1 R=16 gate_consumer/bmm/bf16 O0/eager/cold: p50=353.616us
T=1 R=16 gate_consumer/bmm/bf16 O0/eager/hot: p50=399.456us
T=1 R=16 gate_consumer/segmented/bf16 O0/cuda_graph/cold: p50=44.048us
T=1 R=16 gate_consumer/segmented/bf16 O0/cuda_graph/hot: p50=38.352us
T=1 R=16 gate_consumer/segmented/bf16 O0/eager/cold: p50=327.856us
T=1 R=16 gate_consumer/segmented/bf16 O0/eager/hot: p50=382.480us
T=1 R=16 gate_consumer/aligned/bf16 O0/cuda_graph/cold: p50=35.616us
T=1 R=16 gate_consumer/aligned/bf16 O0/cuda_graph/hot: p50=29.968us
T=1 R=16 gate_consumer/aligned/bf16 O0/eager/cold: p50=291.456us
T=1 R=16 gate_consumer/aligned/bf16 O0/eager/hot: p50=373.232us
T=1 R=16 gate_consumer/indexed/bf16 O0/cuda_graph/cold: p50=15.136us
T=1 R=16 gate_consumer/indexed/bf16 O0/cuda_graph/hot: p50=13.760us
T=1 R=16 gate_consumer/indexed/bf16 O0/eager/cold: p50=16.384us
T=1 R=16 gate_consumer/indexed/bf16 O0/eager/hot: p50=68.240us
T=1 R=16 down_a/bmm/bf16 O0/cuda_graph/cold: p50=39.696us
T=1 R=16 down_a/bmm/bf16 O0/cuda_graph/hot: p50=32.208us
T=1 R=16 down_a/bmm/bf16 O0/eager/cold: p50=272.240us
T=1 R=16 down_a/bmm/bf16 O0/eager/hot: p50=327.248us
T=1 R=16 down_a/segmented/bf16 O0/cuda_graph/cold: p50=44.416us
T=1 R=16 down_a/segmented/bf16 O0/cuda_graph/hot: p50=36.832us
T=1 R=16 down_a/segmented/bf16 O0/eager/cold: p50=308.064us
T=1 R=16 down_a/segmented/bf16 O0/eager/hot: p50=372.896us
T=1 R=16 down_a/aligned/bf16 O0/cuda_graph/cold: p50=33.568us
T=1 R=16 down_a/aligned/bf16 O0/cuda_graph/hot: p50=27.472us
T=1 R=16 down_a/aligned/bf16 O0/eager/cold: p50=259.504us
T=1 R=16 down_a/aligned/bf16 O0/eager/hot: p50=331.936us
T=1 R=16 down_a/indexed/bf16 O0/cuda_graph/cold: p50=10.992us
T=1 R=16 down_a/indexed/bf16 O0/cuda_graph/hot: p50=9.856us
T=1 R=16 down_a/indexed/bf16 O0/eager/cold: p50=11.248us
T=1 R=16 down_a/indexed/bf16 O0/eager/hot: p50=44.112us
T=1 R=16 down_finalize/bmm/bf16 O0/cuda_graph/cold: p50=19.936us
T=1 R=16 down_finalize/bmm/bf16 O0/cuda_graph/hot: p50=15.808us
T=1 R=16 down_finalize/bmm/bf16 O0/eager/cold: p50=98.608us
T=1 R=16 down_finalize/bmm/bf16 O0/eager/hot: p50=178.496us
T=1 R=16 down_finalize/segmented/bf16 O0/cuda_graph/cold: p50=43.952us
T=1 R=16 down_finalize/segmented/bf16 O0/cuda_graph/hot: p50=38.880us
T=1 R=16 down_finalize/segmented/bf16 O0/eager/cold: p50=328.144us
T=1 R=16 down_finalize/segmented/bf16 O0/eager/hot: p50=389.056us
T=1 R=16 down_finalize/aligned/bf16 O0/cuda_graph/cold: p50=34.048us
T=1 R=16 down_finalize/aligned/bf16 O0/cuda_graph/hot: p50=30.144us
T=1 R=16 down_finalize/aligned/bf16 O0/eager/cold: p50=292.448us
T=1 R=16 down_finalize/aligned/bf16 O0/eager/hot: p50=364.256us
T=1 R=16 down_finalize/indexed/bf16 O0/cuda_graph/cold: p50=11.008us
T=1 R=16 down_finalize/indexed/bf16 O0/cuda_graph/hot: p50=9.520us
T=1 R=16 down_finalize/indexed/bf16 O0/eager/cold: p50=9.216us
T=1 R=16 down_finalize/indexed/bf16 O0/eager/hot: p50=34.992us
T=1 R=16 down_finalize/one_shot_bf16/bf16 O0/cuda_graph/cold: p50=15.104us
T=1 R=16 down_finalize/one_shot_bf16/bf16 O0/cuda_graph/hot: p50=12.032us
T=1 R=16 down_finalize/one_shot_bf16/bf16 O0/eager/cold: p50=17.792us
T=1 R=16 down_finalize/one_shot_bf16/bf16 O0/eager/hot: p50=69.344us
T=1 R=16 down_finalize/one_shot_fp32/bf16 O0/cuda_graph/cold: p50=15.088us
T=1 R=16 down_finalize/one_shot_fp32/bf16 O0/cuda_graph/hot: p50=12.688us
T=1 R=16 down_finalize/one_shot_fp32/bf16 O0/eager/cold: p50=18.432us
T=1 R=16 down_finalize/one_shot_fp32/bf16 O0/eager/hot: p50=69.840us
T=1 R=32 gate_a/bmm/bf16 O0/cuda_graph/cold: p50=47.872us
T=1 R=32 gate_a/bmm/bf16 O0/cuda_graph/hot: p50=40.416us
T=1 R=32 gate_a/bmm/bf16 O0/eager/cold: p50=285.856us
T=1 R=32 gate_a/bmm/bf16 O0/eager/hot: p50=352.672us
T=1 R=32 gate_a/segmented/bf16 O0/cuda_graph/cold: p50=56.064us
T=1 R=32 gate_a/segmented/bf16 O0/cuda_graph/hot: p50=42.464us
T=1 R=32 gate_a/segmented/bf16 O0/eager/cold: p50=296.032us
T=1 R=32 gate_a/segmented/bf16 O0/eager/hot: p50=371.184us
T=1 R=32 gate_a/aligned/bf16 O0/cuda_graph/cold: p50=41.392us
T=1 R=32 gate_a/aligned/bf16 O0/cuda_graph/hot: p50=32.192us
T=1 R=32 gate_a/aligned/bf16 O0/eager/cold: p50=255.104us
T=1 R=32 gate_a/aligned/bf16 O0/eager/hot: p50=333.136us
T=1 R=32 gate_a/indexed/bf16 O0/cuda_graph/cold: p50=21.248us
T=1 R=32 gate_a/indexed/bf16 O0/cuda_graph/hot: p50=13.760us
T=1 R=32 gate_a/indexed/bf16 O0/eager/cold: p50=21.504us
T=1 R=32 gate_a/indexed/bf16 O0/eager/hot: p50=44.800us
T=1 R=32 gate_consumer/bmm/bf16 O0/cuda_graph/cold: p50=47.872us
T=1 R=32 gate_consumer/bmm/bf16 O0/cuda_graph/hot: p50=40.416us
T=1 R=32 gate_consumer/bmm/bf16 O0/eager/cold: p50=325.216us
T=1 R=32 gate_consumer/bmm/bf16 O0/eager/hot: p50=392.576us
T=1 R=32 gate_consumer/segmented/bf16 O0/cuda_graph/cold: p50=44.160us
T=1 R=32 gate_consumer/segmented/bf16 O0/cuda_graph/hot: p50=38.368us
T=1 R=32 gate_consumer/segmented/bf16 O0/eager/cold: p50=313.824us
T=1 R=32 gate_consumer/segmented/bf16 O0/eager/hot: p50=377.680us
T=1 R=32 gate_consumer/aligned/bf16 O0/cuda_graph/cold: p50=39.728us
T=1 R=32 gate_consumer/aligned/bf16 O0/cuda_graph/hot: p50=32.192us
T=1 R=32 gate_consumer/aligned/bf16 O0/eager/cold: p50=277.920us
T=1 R=32 gate_consumer/aligned/bf16 O0/eager/hot: p50=358.688us
T=1 R=32 gate_consumer/indexed/bf16 O0/cuda_graph/cold: p50=15.104us
T=1 R=32 gate_consumer/indexed/bf16 O0/cuda_graph/hot: p50=13.712us
T=1 R=32 gate_consumer/indexed/bf16 O0/eager/cold: p50=16.384us
T=1 R=32 gate_consumer/indexed/bf16 O0/eager/hot: p50=66.672us
T=1 R=32 down_a/bmm/bf16 O0/cuda_graph/cold: p50=42.640us
T=1 R=32 down_a/bmm/bf16 O0/cuda_graph/hot: p50=36.320us
T=1 R=32 down_a/bmm/bf16 O0/eager/cold: p50=252.064us
T=1 R=32 down_a/bmm/bf16 O0/eager/hot: p50=323.216us
T=1 R=32 down_a/segmented/bf16 O0/cuda_graph/cold: p50=45.792us
T=1 R=32 down_a/segmented/bf16 O0/cuda_graph/hot: p50=36.432us
T=1 R=32 down_a/segmented/bf16 O0/eager/cold: p50=304.800us
T=1 R=32 down_a/segmented/bf16 O0/eager/hot: p50=363.552us
T=1 R=32 down_a/aligned/bf16 O0/cuda_graph/cold: p50=37.600us
T=1 R=32 down_a/aligned/bf16 O0/cuda_graph/hot: p50=30.176us
T=1 R=32 down_a/aligned/bf16 O0/eager/cold: p50=252.400us
T=1 R=32 down_a/aligned/bf16 O0/eager/hot: p50=320.944us
T=1 R=32 down_a/indexed/bf16 O0/cuda_graph/cold: p50=11.008us
T=1 R=32 down_a/indexed/bf16 O0/cuda_graph/hot: p50=10.144us
T=1 R=32 down_a/indexed/bf16 O0/eager/cold: p50=11.264us
T=1 R=32 down_a/indexed/bf16 O0/eager/hot: p50=41.488us
T=1 R=32 down_finalize/bmm/bf16 O0/cuda_graph/cold: p50=19.936us
T=1 R=32 down_finalize/bmm/bf16 O0/cuda_graph/hot: p50=15.792us
T=1 R=32 down_finalize/bmm/bf16 O0/eager/cold: p50=103.504us
T=1 R=32 down_finalize/bmm/bf16 O0/eager/hot: p50=166.624us
T=1 R=32 down_finalize/segmented/bf16 O0/cuda_graph/cold: p50=45.824us
T=1 R=32 down_finalize/segmented/bf16 O0/cuda_graph/hot: p50=39.040us
T=1 R=32 down_finalize/segmented/bf16 O0/eager/cold: p50=321.696us
T=1 R=32 down_finalize/segmented/bf16 O0/eager/hot: p50=389.696us
T=1 R=32 down_finalize/aligned/bf16 O0/cuda_graph/cold: p50=39.680us
T=1 R=32 down_finalize/aligned/bf16 O0/cuda_graph/hot: p50=32.208us
T=1 R=32 down_finalize/aligned/bf16 O0/eager/cold: p50=283.552us
T=1 R=32 down_finalize/aligned/bf16 O0/eager/hot: p50=357.312us
T=1 R=32 down_finalize/indexed/bf16 O0/cuda_graph/cold: p50=11.424us
T=1 R=32 down_finalize/indexed/bf16 O0/cuda_graph/hot: p50=9.920us
T=1 R=32 down_finalize/indexed/bf16 O0/eager/cold: p50=10.800us
T=1 R=32 down_finalize/indexed/bf16 O0/eager/hot: p50=33.952us
T=1 R=32 down_finalize/one_shot_bf16/bf16 O0/cuda_graph/cold: p50=17.120us
T=1 R=32 down_finalize/one_shot_bf16/bf16 O0/cuda_graph/hot: p50=13.056us
T=1 R=32 down_finalize/one_shot_bf16/bf16 O0/eager/cold: p50=19.632us
T=1 R=32 down_finalize/one_shot_bf16/bf16 O0/eager/hot: p50=68.560us
T=1 R=32 down_finalize/one_shot_fp32/bf16 O0/cuda_graph/cold: p50=17.152us
T=1 R=32 down_finalize/one_shot_fp32/bf16 O0/cuda_graph/hot: p50=13.696us
T=1 R=32 down_finalize/one_shot_fp32/bf16 O0/eager/cold: p50=20.384us
T=1 R=32 down_finalize/one_shot_fp32/bf16 O0/eager/hot: p50=67.680us
T=1 R=64 gate_a/bmm/bf16 O0/cuda_graph/cold: p50=49.920us
T=1 R=64 gate_a/bmm/bf16 O0/cuda_graph/hot: p50=42.416us
T=1 R=64 gate_a/bmm/bf16 O0/eager/cold: p50=279.824us
T=1 R=64 gate_a/bmm/bf16 O0/eager/hot: p50=345.408us
T=1 R=64 gate_a/segmented/bf16 O0/cuda_graph/cold: p50=56.064us
T=1 R=64 gate_a/segmented/bf16 O0/cuda_graph/hot: p50=44.512us
T=1 R=64 gate_a/segmented/bf16 O0/eager/cold: p50=301.392us
T=1 R=64 gate_a/segmented/bf16 O0/eager/hot: p50=363.088us
T=1 R=64 gate_a/aligned/bf16 O0/cuda_graph/cold: p50=39.680us
T=1 R=64 gate_a/aligned/bf16 O0/cuda_graph/hot: p50=34.160us
T=1 R=64 gate_a/aligned/bf16 O0/eager/cold: p50=248.432us
T=1 R=64 gate_a/aligned/bf16 O0/eager/hot: p50=323.600us
T=1 R=64 gate_a/indexed/bf16 O0/cuda_graph/cold: p50=21.216us
T=1 R=64 gate_a/indexed/bf16 O0/cuda_graph/hot: p50=13.696us
T=1 R=64 gate_a/indexed/bf16 O0/eager/cold: p50=21.424us
T=1 R=64 gate_a/indexed/bf16 O0/eager/hot: p50=43.648us
T=1 R=64 gate_consumer/bmm/bf16 O0/cuda_graph/cold: p50=47.904us
T=1 R=64 gate_consumer/bmm/bf16 O0/cuda_graph/hot: p50=42.448us
T=1 R=64 gate_consumer/bmm/bf16 O0/eager/cold: p50=313.312us
T=1 R=64 gate_consumer/bmm/bf16 O0/eager/hot: p50=385.504us
T=1 R=64 gate_consumer/segmented/bf16 O0/cuda_graph/cold: p50=45.824us
T=1 R=64 gate_consumer/segmented/bf16 O0/cuda_graph/hot: p50=40.384us
T=1 R=64 gate_consumer/segmented/bf16 O0/eager/cold: p50=308.976us
T=1 R=64 gate_consumer/segmented/bf16 O0/eager/hot: p50=369.856us
T=1 R=64 gate_consumer/aligned/bf16 O0/cuda_graph/cold: p50=39.680us
T=1 R=64 gate_consumer/aligned/bf16 O0/cuda_graph/hot: p50=32.192us
T=1 R=64 gate_consumer/aligned/bf16 O0/eager/cold: p50=274.560us
T=1 R=64 gate_consumer/aligned/bf16 O0/eager/hot: p50=351.408us
T=1 R=64 gate_consumer/indexed/bf16 O0/cuda_graph/cold: p50=17.168us
T=1 R=64 gate_consumer/indexed/bf16 O0/cuda_graph/hot: p50=13.792us
T=1 R=64 gate_consumer/indexed/bf16 O0/eager/cold: p50=18.432us
T=1 R=64 gate_consumer/indexed/bf16 O0/eager/hot: p50=65.056us
T=1 R=64 down_a/bmm/bf16 O0/cuda_graph/cold: p50=43.776us
T=1 R=64 down_a/bmm/bf16 O0/cuda_graph/hot: p50=36.304us
T=1 R=64 down_a/bmm/bf16 O0/eager/cold: p50=254.880us
T=1 R=64 down_a/bmm/bf16 O0/eager/hot: p50=319.616us
T=1 R=64 down_a/segmented/bf16 O0/cuda_graph/cold: p50=46.400us
T=1 R=64 down_a/segmented/bf16 O0/cuda_graph/hot: p50=38.368us
T=1 R=64 down_a/segmented/bf16 O0/eager/cold: p50=299.696us
T=1 R=64 down_a/segmented/bf16 O0/eager/hot: p50=359.296us
T=1 R=64 down_a/aligned/bf16 O0/cuda_graph/cold: p50=37.632us
T=1 R=64 down_a/aligned/bf16 O0/cuda_graph/hot: p50=31.648us
T=1 R=64 down_a/aligned/bf16 O0/eager/cold: p50=254.320us
T=1 R=64 down_a/aligned/bf16 O0/eager/hot: p50=323.936us
T=1 R=64 down_a/indexed/bf16 O0/cuda_graph/cold: p50=11.008us
T=1 R=64 down_a/indexed/bf16 O0/cuda_graph/hot: p50=10.208us
T=1 R=64 down_a/indexed/bf16 O0/eager/cold: p50=12.272us
T=1 R=64 down_a/indexed/bf16 O0/eager/hot: p50=42.096us
T=1 R=64 down_finalize/bmm/bf16 O0/cuda_graph/cold: p50=19.200us
T=1 R=64 down_finalize/bmm/bf16 O0/cuda_graph/hot: p50=17.808us
T=1 R=64 down_finalize/bmm/bf16 O0/eager/cold: p50=102.976us
T=1 R=64 down_finalize/bmm/bf16 O0/eager/hot: p50=175.904us
T=1 R=64 down_finalize/segmented/bf16 O0/cuda_graph/cold: p50=45.824us
T=1 R=64 down_finalize/segmented/bf16 O0/cuda_graph/hot: p50=40.416us
T=1 R=64 down_finalize/segmented/bf16 O0/eager/cold: p50=323.488us
T=1 R=64 down_finalize/segmented/bf16 O0/eager/hot: p50=381.936us
T=1 R=64 down_finalize/aligned/bf16 O0/cuda_graph/cold: p50=39.648us
T=1 R=64 down_finalize/aligned/bf16 O0/cuda_graph/hot: p50=34.272us
T=1 R=64 down_finalize/aligned/bf16 O0/eager/cold: p50=289.376us
T=1 R=64 down_finalize/aligned/bf16 O0/eager/hot: p50=353.552us
T=1 R=64 down_finalize/indexed/bf16 O0/cuda_graph/cold: p50=13.376us
T=1 R=64 down_finalize/indexed/bf16 O0/cuda_graph/hot: p50=10.144us
T=1 R=64 down_finalize/indexed/bf16 O0/eager/cold: p50=13.008us
T=1 R=64 down_finalize/indexed/bf16 O0/eager/hot: p50=34.976us
T=1 R=64 down_finalize/one_shot_bf16/bf16 O0/cuda_graph/cold: p50=23.312us
T=1 R=64 down_finalize/one_shot_bf16/bf16 O0/cuda_graph/hot: p50=15.792us
T=1 R=64 down_finalize/one_shot_bf16/bf16 O0/eager/cold: p50=26.272us
T=1 R=64 down_finalize/one_shot_bf16/bf16 O0/eager/hot: p50=69.584us
T=1 R=64 down_finalize/one_shot_fp32/bf16 O0/cuda_graph/cold: p50=23.296us
T=1 R=64 down_finalize/one_shot_fp32/bf16 O0/cuda_graph/hot: p50=15.840us
T=1 R=64 down_finalize/one_shot_fp32/bf16 O0/eager/cold: p50=26.320us
T=1 R=64 down_finalize/one_shot_fp32/bf16 O0/eager/hot: p50=68.288us
T=1 R=128 gate_a/bmm/bf16 O0/cuda_graph/cold: p50=49.696us
T=1 R=128 gate_a/bmm/bf16 O0/cuda_graph/hot: p50=40.384us
T=1 R=128 gate_a/bmm/bf16 O0/eager/cold: p50=276.800us
T=1 R=128 gate_a/bmm/bf16 O0/eager/hot: p50=342.576us
T=1 R=128 gate_a/segmented/bf16 O0/cuda_graph/cold: p50=58.112us
T=1 R=128 gate_a/segmented/bf16 O0/cuda_graph/hot: p50=42.464us
T=1 R=128 gate_a/segmented/bf16 O0/eager/cold: p50=301.616us
T=1 R=128 gate_a/segmented/bf16 O0/eager/hot: p50=357.952us
T=1 R=128 gate_a/aligned/bf16 O0/cuda_graph/cold: p50=37.648us
T=1 R=128 gate_a/aligned/bf16 O0/cuda_graph/hot: p50=29.472us
T=1 R=128 gate_a/aligned/bf16 O0/eager/cold: p50=250.336us
T=1 R=128 gate_a/aligned/bf16 O0/eager/hot: p50=324.064us
T=1 R=128 gate_a/indexed/bf16 O0/cuda_graph/cold: p50=21.248us
T=1 R=128 gate_a/indexed/bf16 O0/cuda_graph/hot: p50=13.712us
T=1 R=128 gate_a/indexed/bf16 O0/eager/cold: p50=21.456us
T=1 R=128 gate_a/indexed/bf16 O0/eager/hot: p50=44.496us
T=1 R=128 gate_consumer/bmm/bf16 O0/cuda_graph/cold: p50=49.952us
T=1 R=128 gate_consumer/bmm/bf16 O0/cuda_graph/hot: p50=42.464us
T=1 R=128 gate_consumer/bmm/bf16 O0/eager/cold: p50=317.888us
T=1 R=128 gate_consumer/bmm/bf16 O0/eager/hot: p50=386.624us
T=1 R=128 gate_consumer/segmented/bf16 O0/cuda_graph/cold: p50=47.856us
T=1 R=128 gate_consumer/segmented/bf16 O0/cuda_graph/hot: p50=38.352us
T=1 R=128 gate_consumer/segmented/bf16 O0/eager/cold: p50=314.608us
T=1 R=128 gate_consumer/segmented/bf16 O0/eager/hot: p50=372.048us
T=1 R=128 gate_consumer/aligned/bf16 O0/cuda_graph/cold: p50=37.600us
T=1 R=128 gate_consumer/aligned/bf16 O0/cuda_graph/hot: p50=29.296us
T=1 R=128 gate_consumer/aligned/bf16 O0/eager/cold: p50=272.368us
T=1 R=128 gate_consumer/aligned/bf16 O0/eager/hot: p50=345.872us
T=1 R=128 gate_consumer/indexed/bf16 O0/cuda_graph/cold: p50=17.152us
T=1 R=128 gate_consumer/indexed/bf16 O0/cuda_graph/hot: p50=13.856us
T=1 R=128 gate_consumer/indexed/bf16 O0/eager/cold: p50=17.408us
T=1 R=128 gate_consumer/indexed/bf16 O0/eager/hot: p50=65.456us
T=1 R=128 down_a/bmm/bf16 O0/cuda_graph/cold: p50=39.680us
T=1 R=128 down_a/bmm/bf16 O0/cuda_graph/hot: p50=34.256us
T=1 R=128 down_a/bmm/bf16 O0/eager/cold: p50=255.488us
T=1 R=128 down_a/bmm/bf16 O0/eager/hot: p50=321.104us
T=1 R=128 down_a/segmented/bf16 O0/cuda_graph/cold: p50=45.824us
T=1 R=128 down_a/segmented/bf16 O0/cuda_graph/hot: p50=38.336us
T=1 R=128 down_a/segmented/bf16 O0/eager/cold: p50=296.688us
T=1 R=128 down_a/segmented/bf16 O0/eager/hot: p50=355.152us
T=1 R=128 down_a/aligned/bf16 O0/cuda_graph/cold: p50=33.888us
T=1 R=128 down_a/aligned/bf16 O0/cuda_graph/hot: p50=28.096us
T=1 R=128 down_a/aligned/bf16 O0/eager/cold: p50=248.736us
T=1 R=128 down_a/aligned/bf16 O0/eager/hot: p50=324.480us
T=1 R=128 down_a/indexed/bf16 O0/cuda_graph/cold: p50=11.408us
T=1 R=128 down_a/indexed/bf16 O0/cuda_graph/hot: p50=10.352us
T=1 R=128 down_a/indexed/bf16 O0/eager/cold: p50=12.256us
T=1 R=128 down_a/indexed/bf16 O0/eager/hot: p50=43.456us
T=1 R=128 down_finalize/bmm/bf16 O0/cuda_graph/cold: p50=21.280us
T=1 R=128 down_finalize/bmm/bf16 O0/cuda_graph/hot: p50=17.808us
T=1 R=128 down_finalize/bmm/bf16 O0/eager/cold: p50=107.488us
T=1 R=128 down_finalize/bmm/bf16 O0/eager/hot: p50=167.936us
T=1 R=128 down_finalize/segmented/bf16 O0/cuda_graph/cold: p50=45.840us
T=1 R=128 down_finalize/segmented/bf16 O0/cuda_graph/hot: p50=38.816us
T=1 R=128 down_finalize/segmented/bf16 O0/eager/cold: p50=326.080us
T=1 R=128 down_finalize/segmented/bf16 O0/eager/hot: p50=381.712us
T=1 R=128 down_finalize/aligned/bf16 O0/cuda_graph/cold: p50=37.600us
T=1 R=128 down_finalize/aligned/bf16 O0/cuda_graph/hot: p50=30.160us
T=1 R=128 down_finalize/aligned/bf16 O0/eager/cold: p50=291.488us
T=1 R=128 down_finalize/aligned/bf16 O0/eager/hot: p50=366.848us
T=1 R=128 down_finalize/indexed/bf16 O0/cuda_graph/cold: p50=15.088us
T=1 R=128 down_finalize/indexed/bf16 O0/cuda_graph/hot: p50=10.208us
T=1 R=128 down_finalize/indexed/bf16 O0/eager/cold: p50=12.992us
T=1 R=128 down_finalize/indexed/bf16 O0/eager/hot: p50=33.968us
T=1 R=128 down_finalize/one_shot_bf16/bf16 O0/cuda_graph/cold: p50=24.016us
T=1 R=128 down_finalize/one_shot_bf16/bf16 O0/cuda_graph/hot: p50=17.824us
T=1 R=128 down_finalize/one_shot_bf16/bf16 O0/eager/cold: p50=27.632us
T=1 R=128 down_finalize/one_shot_bf16/bf16 O0/eager/hot: p50=67.696us
T=1 R=128 down_finalize/one_shot_fp32/bf16 O0/cuda_graph/cold: p50=25.360us
T=1 R=128 down_finalize/one_shot_fp32/bf16 O0/cuda_graph/hot: p50=17.888us
T=1 R=128 down_finalize/one_shot_fp32/bf16 O0/eager/cold: p50=27.648us
T=1 R=128 down_finalize/one_shot_fp32/bf16 O0/eager/hot: p50=70.352us
T=32 R=16 gate_a/bmm/bf16 O0/cuda_graph/cold: p50=64.256us
T=32 R=16 gate_a/bmm/bf16 O0/cuda_graph/hot: p50=58.816us
T=32 R=16 gate_a/bmm/bf16 O0/eager/cold: p50=296.832us
T=32 R=16 gate_a/bmm/bf16 O0/eager/hot: p50=352.448us
T=32 R=16 gate_a/segmented/bf16 O0/cuda_graph/cold: p50=70.640us
T=32 R=16 gate_a/segmented/bf16 O0/cuda_graph/hot: p50=58.832us
T=32 R=16 gate_a/segmented/bf16 O0/eager/cold: p50=313.488us
T=32 R=16 gate_a/segmented/bf16 O0/eager/hot: p50=377.488us
T=32 R=16 gate_a/aligned/bf16 O0/cuda_graph/cold: p50=39.712us
T=32 R=16 gate_a/aligned/bf16 O0/cuda_graph/hot: p50=32.224us
T=32 R=16 gate_a/aligned/bf16 O0/eager/cold: p50=270.048us
T=32 R=16 gate_a/aligned/bf16 O0/eager/hot: p50=340.688us
T=32 R=16 gate_a/indexed/bf16 O0/cuda_graph/cold: p50=19.344us
T=32 R=16 gate_a/indexed/bf16 O0/cuda_graph/hot: p50=13.776us
T=32 R=16 gate_a/indexed/bf16 O0/eager/cold: p50=21.472us
T=32 R=16 gate_a/indexed/bf16 O0/eager/hot: p50=44.656us
T=32 R=16 gate_consumer/bmm/bf16 O0/cuda_graph/cold: p50=54.608us
T=32 R=16 gate_consumer/bmm/bf16 O0/cuda_graph/hot: p50=46.560us
T=32 R=16 gate_consumer/bmm/bf16 O0/eager/cold: p50=333.104us
T=32 R=16 gate_consumer/bmm/bf16 O0/eager/hot: p50=385.296us
T=32 R=16 gate_consumer/segmented/bf16 O0/cuda_graph/cold: p50=64.224us
T=32 R=16 gate_consumer/segmented/bf16 O0/cuda_graph/hot: p50=56.784us
T=32 R=16 gate_consumer/segmented/bf16 O0/eager/cold: p50=318.800us
T=32 R=16 gate_consumer/segmented/bf16 O0/eager/hot: p50=379.792us
T=32 R=16 gate_consumer/aligned/bf16 O0/cuda_graph/cold: p50=41.232us
T=32 R=16 gate_consumer/aligned/bf16 O0/cuda_graph/hot: p50=36.288us
T=32 R=16 gate_consumer/aligned/bf16 O0/eager/cold: p50=290.480us
T=32 R=16 gate_consumer/aligned/bf16 O0/eager/hot: p50=353.120us
T=32 R=16 gate_consumer/indexed/bf16 O0/cuda_graph/cold: p50=17.168us
T=32 R=16 gate_consumer/indexed/bf16 O0/cuda_graph/hot: p50=16.032us
T=32 R=16 gate_consumer/indexed/bf16 O0/eager/cold: p50=17.408us
T=32 R=16 gate_consumer/indexed/bf16 O0/eager/hot: p50=66.624us
T=32 R=16 down_a/bmm/bf16 O0/cuda_graph/cold: p50=58.080us
T=32 R=16 down_a/bmm/bf16 O0/cuda_graph/hot: p50=52.704us
T=32 R=16 down_a/bmm/bf16 O0/eager/cold: p50=261.024us
T=32 R=16 down_a/bmm/bf16 O0/eager/hot: p50=326.128us
T=32 R=16 down_a/segmented/bf16 O0/cuda_graph/cold: p50=60.160us
T=32 R=16 down_a/segmented/bf16 O0/cuda_graph/hot: p50=54.736us
T=32 R=16 down_a/segmented/bf16 O0/eager/cold: p50=311.616us
T=32 R=16 down_a/segmented/bf16 O0/eager/hot: p50=369.584us
T=32 R=16 down_a/aligned/bf16 O0/cuda_graph/cold: p50=35.616us
T=32 R=16 down_a/aligned/bf16 O0/cuda_graph/hot: p50=32.224us
T=32 R=16 down_a/aligned/bf16 O0/eager/cold: p50=258.048us
T=32 R=16 down_a/aligned/bf16 O0/eager/hot: p50=324.448us
T=32 R=16 down_a/indexed/bf16 O0/cuda_graph/cold: p50=12.448us
T=32 R=16 down_a/indexed/bf16 O0/cuda_graph/hot: p50=9.856us
T=32 R=16 down_a/indexed/bf16 O0/eager/cold: p50=11.328us
T=32 R=16 down_a/indexed/bf16 O0/eager/hot: p50=42.688us
T=32 R=16 down_finalize/bmm/bf16 O0/cuda_graph/cold: p50=23.296us
T=32 R=16 down_finalize/bmm/bf16 O0/cuda_graph/hot: p50=19.760us
T=32 R=16 down_finalize/bmm/bf16 O0/eager/cold: p50=103.504us
T=32 R=16 down_finalize/bmm/bf16 O0/eager/hot: p50=168.640us
T=32 R=16 down_finalize/segmented/bf16 O0/cuda_graph/cold: p50=66.144us
T=32 R=16 down_finalize/segmented/bf16 O0/cuda_graph/hot: p50=58.608us
T=32 R=16 down_finalize/segmented/bf16 O0/eager/cold: p50=327.056us
T=32 R=16 down_finalize/segmented/bf16 O0/eager/hot: p50=393.632us
T=32 R=16 down_finalize/aligned/bf16 O0/cuda_graph/cold: p50=39.648us
T=32 R=16 down_finalize/aligned/bf16 O0/cuda_graph/hot: p50=33.728us
T=32 R=16 down_finalize/aligned/bf16 O0/eager/cold: p50=286.688us
T=32 R=16 down_finalize/aligned/bf16 O0/eager/hot: p50=362.304us
T=32 R=16 down_finalize/indexed/bf16 O0/cuda_graph/cold: p50=11.008us
T=32 R=16 down_finalize/indexed/bf16 O0/cuda_graph/hot: p50=10.256us
T=32 R=16 down_finalize/indexed/bf16 O0/eager/cold: p50=10.624us
T=32 R=16 down_finalize/indexed/bf16 O0/eager/hot: p50=34.176us
T=32 R=16 down_finalize/one_shot_bf16/bf16 O0/cuda_graph/cold: p50=54.000us
T=32 R=16 down_finalize/one_shot_bf16/bf16 O0/cuda_graph/hot: p50=52.704us
T=32 R=16 down_finalize/one_shot_bf16/bf16 O0/eager/cold: p50=57.488us
T=32 R=16 down_finalize/one_shot_bf16/bf16 O0/eager/hot: p50=75.600us
T=32 R=16 down_finalize/one_shot_fp32/bf16 O0/cuda_graph/cold: p50=54.144us
T=32 R=16 down_finalize/one_shot_fp32/bf16 O0/cuda_graph/hot: p50=52.672us
T=32 R=16 down_finalize/one_shot_fp32/bf16 O0/eager/cold: p50=55.312us
T=32 R=16 down_finalize/one_shot_fp32/bf16 O0/eager/hot: p50=76.096us
T=32 R=32 gate_a/bmm/bf16 O0/cuda_graph/cold: p50=66.304us
T=32 R=32 gate_a/bmm/bf16 O0/cuda_graph/hot: p50=60.896us
T=32 R=32 gate_a/bmm/bf16 O0/eager/cold: p50=295.328us
T=32 R=32 gate_a/bmm/bf16 O0/eager/hot: p50=352.144us
T=32 R=32 gate_a/segmented/bf16 O0/cuda_graph/cold: p50=74.496us
T=32 R=32 gate_a/segmented/bf16 O0/cuda_graph/hot: p50=60.896us
T=32 R=32 gate_a/segmented/bf16 O0/eager/cold: p50=306.016us
T=32 R=32 gate_a/segmented/bf16 O0/eager/hot: p50=373.216us
T=32 R=32 gate_a/aligned/bf16 O0/cuda_graph/cold: p50=39.760us
T=32 R=32 gate_a/aligned/bf16 O0/cuda_graph/hot: p50=34.240us
T=32 R=32 gate_a/aligned/bf16 O0/eager/cold: p50=267.488us
T=32 R=32 gate_a/aligned/bf16 O0/eager/hot: p50=330.416us
T=32 R=32 gate_a/indexed/bf16 O0/cuda_graph/cold: p50=21.264us
T=32 R=32 gate_a/indexed/bf16 O0/cuda_graph/hot: p50=17.824us
T=32 R=32 gate_a/indexed/bf16 O0/eager/cold: p50=22.512us
T=32 R=32 gate_a/indexed/bf16 O0/eager/hot: p50=44.480us
T=32 R=32 gate_consumer/bmm/bf16 O0/cuda_graph/cold: p50=56.064us
T=32 R=32 gate_consumer/bmm/bf16 O0/cuda_graph/hot: p50=48.608us
T=32 R=32 gate_consumer/bmm/bf16 O0/eager/cold: p50=327.888us
T=32 R=32 gate_consumer/bmm/bf16 O0/eager/hot: p50=391.872us
T=32 R=32 gate_consumer/segmented/bf16 O0/cuda_graph/cold: p50=62.720us
T=32 R=32 gate_consumer/segmented/bf16 O0/cuda_graph/hot: p50=56.768us
T=32 R=32 gate_consumer/segmented/bf16 O0/eager/cold: p50=319.520us
T=32 R=32 gate_consumer/segmented/bf16 O0/eager/hot: p50=373.376us
T=32 R=32 gate_consumer/aligned/bf16 O0/cuda_graph/cold: p50=39.840us
T=32 R=32 gate_consumer/aligned/bf16 O0/cuda_graph/hot: p50=32.224us
T=32 R=32 gate_consumer/aligned/bf16 O0/eager/cold: p50=292.192us
T=32 R=32 gate_consumer/aligned/bf16 O0/eager/hot: p50=361.648us
T=32 R=32 gate_consumer/indexed/bf16 O0/cuda_graph/cold: p50=19.232us
T=32 R=32 gate_consumer/indexed/bf16 O0/cuda_graph/hot: p50=16.816us
T=32 R=32 gate_consumer/indexed/bf16 O0/eager/cold: p50=18.432us
T=32 R=32 gate_consumer/indexed/bf16 O0/eager/hot: p50=66.480us
T=32 R=32 down_a/bmm/bf16 O0/cuda_graph/cold: p50=60.128us
T=32 R=32 down_a/bmm/bf16 O0/cuda_graph/hot: p50=52.704us
T=32 R=32 down_a/bmm/bf16 O0/eager/cold: p50=268.912us
T=32 R=32 down_a/bmm/bf16 O0/eager/hot: p50=331.760us
T=32 R=32 down_a/segmented/bf16 O0/cuda_graph/cold: p50=64.240us
T=32 R=32 down_a/segmented/bf16 O0/cuda_graph/hot: p50=56.800us
T=32 R=32 down_a/segmented/bf16 O0/eager/cold: p50=314.064us
T=32 R=32 down_a/segmented/bf16 O0/eager/hot: p50=376.144us
T=32 R=32 down_a/aligned/bf16 O0/cuda_graph/cold: p50=36.064us
T=32 R=32 down_a/aligned/bf16 O0/cuda_graph/hot: p50=31.328us
T=32 R=32 down_a/aligned/bf16 O0/eager/cold: p50=261.328us
T=32 R=32 down_a/aligned/bf16 O0/eager/hot: p50=338.416us
T=32 R=32 down_a/indexed/bf16 O0/cuda_graph/cold: p50=12.496us
T=32 R=32 down_a/indexed/bf16 O0/cuda_graph/hot: p50=10.176us
T=32 R=32 down_a/indexed/bf16 O0/eager/cold: p50=12.672us
T=32 R=32 down_a/indexed/bf16 O0/eager/hot: p50=42.608us
T=32 R=32 down_finalize/bmm/bf16 O0/cuda_graph/cold: p50=25.328us
T=32 R=32 down_finalize/bmm/bf16 O0/cuda_graph/hot: p50=19.872us
T=32 R=32 down_finalize/bmm/bf16 O0/eager/cold: p50=102.784us
T=32 R=32 down_finalize/bmm/bf16 O0/eager/hot: p50=168.960us
T=32 R=32 down_finalize/segmented/bf16 O0/cuda_graph/cold: p50=66.320us
T=32 R=32 down_finalize/segmented/bf16 O0/cuda_graph/hot: p50=60.896us
T=32 R=32 down_finalize/segmented/bf16 O0/eager/cold: p50=323.056us
T=32 R=32 down_finalize/segmented/bf16 O0/eager/hot: p50=393.664us
T=32 R=32 down_finalize/aligned/bf16 O0/cuda_graph/cold: p50=39.712us
T=32 R=32 down_finalize/aligned/bf16 O0/cuda_graph/hot: p50=34.256us
T=32 R=32 down_finalize/aligned/bf16 O0/eager/cold: p50=293.472us
T=32 R=32 down_finalize/aligned/bf16 O0/eager/hot: p50=354.784us
T=32 R=32 down_finalize/indexed/bf16 O0/cuda_graph/cold: p50=13.072us
T=32 R=32 down_finalize/indexed/bf16 O0/cuda_graph/hot: p50=11.632us
T=32 R=32 down_finalize/indexed/bf16 O0/eager/cold: p50=12.448us
T=32 R=32 down_finalize/indexed/bf16 O0/eager/hot: p50=34.592us
T=32 R=32 down_finalize/one_shot_bf16/bf16 O0/cuda_graph/cold: p50=70.416us
T=32 R=32 down_finalize/one_shot_bf16/bf16 O0/cuda_graph/hot: p50=69.072us
T=32 R=32 down_finalize/one_shot_bf16/bf16 O0/eager/cold: p50=72.704us
T=32 R=32 down_finalize/one_shot_bf16/bf16 O0/eager/hot: p50=72.512us
T=32 R=32 down_finalize/one_shot_fp32/bf16 O0/cuda_graph/cold: p50=70.400us
T=32 R=32 down_finalize/one_shot_fp32/bf16 O0/cuda_graph/hot: p50=67.040us
T=32 R=32 down_finalize/one_shot_fp32/bf16 O0/eager/cold: p50=72.160us
T=32 R=32 down_finalize/one_shot_fp32/bf16 O0/eager/hot: p50=73.344us
T=32 R=64 gate_a/bmm/bf16 O0/cuda_graph/cold: p50=70.416us
T=32 R=64 gate_a/bmm/bf16 O0/cuda_graph/hot: p50=60.944us
T=32 R=64 gate_a/bmm/bf16 O0/eager/cold: p50=284.928us
T=32 R=64 gate_a/bmm/bf16 O0/eager/hot: p50=349.440us
T=32 R=64 gate_a/segmented/bf16 O0/cuda_graph/cold: p50=72.528us
T=32 R=64 gate_a/segmented/bf16 O0/cuda_graph/hot: p50=58.848us
T=32 R=64 gate_a/segmented/bf16 O0/eager/cold: p50=306.960us
T=32 R=64 gate_a/segmented/bf16 O0/eager/hot: p50=363.392us
T=32 R=64 gate_a/aligned/bf16 O0/cuda_graph/cold: p50=41.712us
T=32 R=64 gate_a/aligned/bf16 O0/cuda_graph/hot: p50=34.320us
T=32 R=64 gate_a/aligned/bf16 O0/eager/cold: p50=259.696us
T=32 R=64 gate_a/aligned/bf16 O0/eager/hot: p50=339.056us
T=32 R=64 gate_a/indexed/bf16 O0/cuda_graph/cold: p50=23.344us
T=32 R=64 gate_a/indexed/bf16 O0/cuda_graph/hot: p50=21.888us
T=32 R=64 gate_a/indexed/bf16 O0/eager/cold: p50=23.568us
T=32 R=64 gate_a/indexed/bf16 O0/eager/hot: p50=47.552us
T=32 R=64 gate_consumer/bmm/bf16 O0/cuda_graph/cold: p50=56.928us
T=32 R=64 gate_consumer/bmm/bf16 O0/cuda_graph/hot: p50=48.608us
T=32 R=64 gate_consumer/bmm/bf16 O0/eager/cold: p50=325.344us
T=32 R=64 gate_consumer/bmm/bf16 O0/eager/hot: p50=377.152us
T=32 R=64 gate_consumer/segmented/bf16 O0/cuda_graph/cold: p50=62.224us
T=32 R=64 gate_consumer/segmented/bf16 O0/cuda_graph/hot: p50=56.768us
T=32 R=64 gate_consumer/segmented/bf16 O0/eager/cold: p50=315.072us
T=32 R=64 gate_consumer/segmented/bf16 O0/eager/hot: p50=376.352us
T=32 R=64 gate_consumer/aligned/bf16 O0/cuda_graph/cold: p50=39.680us
T=32 R=64 gate_consumer/aligned/bf16 O0/cuda_graph/hot: p50=34.256us
T=32 R=64 gate_consumer/aligned/bf16 O0/eager/cold: p50=291.808us
T=32 R=64 gate_consumer/aligned/bf16 O0/eager/hot: p50=353.600us
T=32 R=64 gate_consumer/indexed/bf16 O0/cuda_graph/cold: p50=19.216us
T=32 R=64 gate_consumer/indexed/bf16 O0/cuda_graph/hot: p50=17.824us
T=32 R=64 gate_consumer/indexed/bf16 O0/eager/cold: p50=19.648us
T=32 R=64 gate_consumer/indexed/bf16 O0/eager/hot: p50=71.760us
T=32 R=64 down_a/bmm/bf16 O0/cuda_graph/cold: p50=58.544us
T=32 R=64 down_a/bmm/bf16 O0/cuda_graph/hot: p50=54.752us
T=32 R=64 down_a/bmm/bf16 O0/eager/cold: p50=264.336us
T=32 R=64 down_a/bmm/bf16 O0/eager/hot: p50=327.552us
T=32 R=64 down_a/segmented/bf16 O0/cuda_graph/cold: p50=62.208us
T=32 R=64 down_a/segmented/bf16 O0/cuda_graph/hot: p50=54.752us
T=32 R=64 down_a/segmented/bf16 O0/eager/cold: p50=308.544us
T=32 R=64 down_a/segmented/bf16 O0/eager/hot: p50=368.848us
T=32 R=64 down_a/aligned/bf16 O0/cuda_graph/cold: p50=36.672us
T=32 R=64 down_a/aligned/bf16 O0/cuda_graph/hot: p50=33.392us
T=32 R=64 down_a/aligned/bf16 O0/eager/cold: p50=259.248us
T=32 R=64 down_a/aligned/bf16 O0/eager/hot: p50=334.896us
T=32 R=64 down_a/indexed/bf16 O0/cuda_graph/cold: p50=11.904us
T=32 R=64 down_a/indexed/bf16 O0/cuda_graph/hot: p50=9.952us
T=32 R=64 down_a/indexed/bf16 O0/eager/cold: p50=13.328us
T=32 R=64 down_a/indexed/bf16 O0/eager/hot: p50=43.008us
T=32 R=64 down_finalize/bmm/bf16 O0/cuda_graph/cold: p50=25.312us
T=32 R=64 down_finalize/bmm/bf16 O0/cuda_graph/hot: p50=19.904us
T=32 R=64 down_finalize/bmm/bf16 O0/eager/cold: p50=104.192us
T=32 R=64 down_finalize/bmm/bf16 O0/eager/hot: p50=170.704us
T=32 R=64 down_finalize/segmented/bf16 O0/cuda_graph/cold: p50=66.336us
T=32 R=64 down_finalize/segmented/bf16 O0/cuda_graph/hot: p50=58.848us
T=32 R=64 down_finalize/segmented/bf16 O0/eager/cold: p50=328.224us
T=32 R=64 down_finalize/segmented/bf16 O0/eager/hot: p50=386.832us
T=32 R=64 down_finalize/aligned/bf16 O0/cuda_graph/cold: p50=41.712us
T=32 R=64 down_finalize/aligned/bf16 O0/cuda_graph/hot: p50=34.272us
T=32 R=64 down_finalize/aligned/bf16 O0/eager/cold: p50=293.472us
T=32 R=64 down_finalize/aligned/bf16 O0/eager/hot: p50=368.912us
T=32 R=64 down_finalize/indexed/bf16 O0/cuda_graph/cold: p50=20.272us
T=32 R=64 down_finalize/indexed/bf16 O0/cuda_graph/hot: p50=15.664us
T=32 R=64 down_finalize/indexed/bf16 O0/eager/cold: p50=19.088us
T=32 R=64 down_finalize/indexed/bf16 O0/eager/hot: p50=35.920us
T=32 R=64 down_finalize/one_shot_bf16/bf16 O0/cuda_graph/cold: p50=109.280us
T=32 R=64 down_finalize/one_shot_bf16/bf16 O0/cuda_graph/hot: p50=103.904us
T=32 R=64 down_finalize/one_shot_bf16/bf16 O0/eager/cold: p50=110.592us
T=32 R=64 down_finalize/one_shot_bf16/bf16 O0/eager/hot: p50=105.904us
T=32 R=64 down_finalize/one_shot_fp32/bf16 O0/cuda_graph/cold: p50=107.712us
T=32 R=64 down_finalize/one_shot_fp32/bf16 O0/cuda_graph/hot: p50=101.888us
T=32 R=64 down_finalize/one_shot_fp32/bf16 O0/eager/cold: p50=110.592us
T=32 R=64 down_finalize/one_shot_fp32/bf16 O0/eager/hot: p50=105.744us
T=32 R=128 gate_a/bmm/bf16 O0/cuda_graph/cold: p50=74.496us
T=32 R=128 gate_a/bmm/bf16 O0/cuda_graph/hot: p50=63.504us
T=32 R=128 gate_a/bmm/bf16 O0/eager/cold: p50=287.584us
T=32 R=128 gate_a/bmm/bf16 O0/eager/hot: p50=353.856us
T=32 R=128 gate_a/segmented/bf16 O0/cuda_graph/cold: p50=76.528us
T=32 R=128 gate_a/segmented/bf16 O0/cuda_graph/hot: p50=64.992us
T=32 R=128 gate_a/segmented/bf16 O0/eager/cold: p50=296.720us
T=32 R=128 gate_a/segmented/bf16 O0/eager/hot: p50=357.920us
T=32 R=128 gate_a/aligned/bf16 O0/cuda_graph/cold: p50=43.792us
T=32 R=128 gate_a/aligned/bf16 O0/cuda_graph/hot: p50=37.488us
T=32 R=128 gate_a/aligned/bf16 O0/eager/cold: p50=251.424us
T=32 R=128 gate_a/aligned/bf16 O0/eager/hot: p50=317.760us
T=32 R=128 gate_a/indexed/bf16 O0/cuda_graph/cold: p50=37.632us
T=32 R=128 gate_a/indexed/bf16 O0/cuda_graph/hot: p50=32.208us
T=32 R=128 gate_a/indexed/bf16 O0/eager/cold: p50=38.384us
T=32 R=128 gate_a/indexed/bf16 O0/eager/hot: p50=48.512us
T=32 R=128 gate_consumer/bmm/bf16 O0/cuda_graph/cold: p50=58.144us
T=32 R=128 gate_consumer/bmm/bf16 O0/cuda_graph/hot: p50=50.656us
T=32 R=128 gate_consumer/bmm/bf16 O0/eager/cold: p50=316.432us
T=32 R=128 gate_consumer/bmm/bf16 O0/eager/hot: p50=382.640us
T=32 R=128 gate_consumer/segmented/bf16 O0/cuda_graph/cold: p50=68.320us
T=32 R=128 gate_consumer/segmented/bf16 O0/cuda_graph/hot: p50=58.848us
T=32 R=128 gate_consumer/segmented/bf16 O0/eager/cold: p50=305.824us
T=32 R=128 gate_consumer/segmented/bf16 O0/eager/hot: p50=373.520us
T=32 R=128 gate_consumer/aligned/bf16 O0/cuda_graph/cold: p50=45.808us
T=32 R=128 gate_consumer/aligned/bf16 O0/cuda_graph/hot: p50=36.272us
T=32 R=128 gate_consumer/aligned/bf16 O0/eager/cold: p50=288.768us
T=32 R=128 gate_consumer/aligned/bf16 O0/eager/hot: p50=352.864us
T=32 R=128 gate_consumer/indexed/bf16 O0/cuda_graph/cold: p50=25.392us
T=32 R=128 gate_consumer/indexed/bf16 O0/cuda_graph/hot: p50=23.632us
T=32 R=128 gate_consumer/indexed/bf16 O0/eager/cold: p50=26.304us
T=32 R=128 gate_consumer/indexed/bf16 O0/eager/hot: p50=70.672us
T=32 R=128 down_a/bmm/bf16 O0/cuda_graph/cold: p50=62.192us
T=32 R=128 down_a/bmm/bf16 O0/cuda_graph/hot: p50=52.704us
T=32 R=128 down_a/bmm/bf16 O0/eager/cold: p50=256.048us
T=32 R=128 down_a/bmm/bf16 O0/eager/hot: p50=324.016us
T=32 R=128 down_a/segmented/bf16 O0/cuda_graph/cold: p50=64.352us
T=32 R=128 down_a/segmented/bf16 O0/cuda_graph/hot: p50=56.800us
T=32 R=128 down_a/segmented/bf16 O0/eager/cold: p50=300.848us
T=32 R=128 down_a/segmented/bf16 O0/eager/hot: p50=371.120us
T=32 R=128 down_a/aligned/bf16 O0/cuda_graph/cold: p50=38.256us
T=32 R=128 down_a/aligned/bf16 O0/cuda_graph/hot: p50=32.224us
T=32 R=128 down_a/aligned/bf16 O0/eager/cold: p50=258.864us
T=32 R=128 down_a/aligned/bf16 O0/eager/hot: p50=318.160us
T=32 R=128 down_a/indexed/bf16 O0/cuda_graph/cold: p50=13.024us
T=32 R=128 down_a/indexed/bf16 O0/cuda_graph/hot: p50=12.640us
T=32 R=128 down_a/indexed/bf16 O0/eager/cold: p50=13.552us
T=32 R=128 down_a/indexed/bf16 O0/eager/hot: p50=44.704us
T=32 R=128 down_finalize/bmm/bf16 O0/cuda_graph/cold: p50=29.408us
T=32 R=128 down_finalize/bmm/bf16 O0/cuda_graph/hot: p50=21.968us
T=32 R=128 down_finalize/bmm/bf16 O0/eager/cold: p50=103.552us
T=32 R=128 down_finalize/bmm/bf16 O0/eager/hot: p50=170.720us
T=32 R=128 down_finalize/segmented/bf16 O0/cuda_graph/cold: p50=68.336us
T=32 R=128 down_finalize/segmented/bf16 O0/cuda_graph/hot: p50=60.896us
T=32 R=128 down_finalize/segmented/bf16 O0/eager/cold: p50=330.144us
T=32 R=128 down_finalize/segmented/bf16 O0/eager/hot: p50=384.960us
T=32 R=128 down_finalize/aligned/bf16 O0/cuda_graph/cold: p50=44.784us
T=32 R=128 down_finalize/aligned/bf16 O0/cuda_graph/hot: p50=36.304us
T=32 R=128 down_finalize/aligned/bf16 O0/eager/cold: p50=294.928us
T=32 R=128 down_finalize/aligned/bf16 O0/eager/hot: p50=366.496us
T=32 R=128 down_finalize/indexed/bf16 O0/cuda_graph/cold: p50=33.504us
T=32 R=128 down_finalize/indexed/bf16 O0/cuda_graph/hot: p50=26.032us
T=32 R=128 down_finalize/indexed/bf16 O0/eager/cold: p50=33.792us
T=32 R=128 down_finalize/indexed/bf16 O0/eager/hot: p50=39.328us
T=32 R=128 down_finalize/one_shot_bf16/bf16 O0/cuda_graph/cold: p50=171.248us
T=32 R=128 down_finalize/one_shot_bf16/bf16 O0/cuda_graph/hot: p50=169.440us
T=32 R=128 down_finalize/one_shot_bf16/bf16 O0/eager/cold: p50=174.144us
T=32 R=128 down_finalize/one_shot_bf16/bf16 O0/eager/hot: p50=171.392us
T=32 R=128 down_finalize/one_shot_fp32/bf16 O0/cuda_graph/cold: p50=174.336us
T=32 R=128 down_finalize/one_shot_fp32/bf16 O0/cuda_graph/hot: p50=171.456us
T=32 R=128 down_finalize/one_shot_fp32/bf16 O0/eager/cold: p50=176.208us
T=32 R=128 down_finalize/one_shot_fp32/bf16 O0/eager/hot: p50=173.392us
T=256 R=16 gate_a/bmm/bf16 O0/cuda_graph/cold: p50=70.384us
T=256 R=16 gate_a/bmm/bf16 O0/cuda_graph/hot: p50=60.880us
T=256 R=16 gate_a/bmm/bf16 O0/eager/cold: p50=277.232us
T=256 R=16 gate_a/bmm/bf16 O0/eager/hot: p50=346.960us
T=256 R=16 gate_a/segmented/bf16 O0/cuda_graph/cold: p50=74.544us
T=256 R=16 gate_a/segmented/bf16 O0/cuda_graph/hot: p50=64.960us
T=256 R=16 gate_a/segmented/bf16 O0/eager/cold: p50=310.256us
T=256 R=16 gate_a/segmented/bf16 O0/eager/hot: p50=369.728us
T=256 R=16 gate_a/aligned/bf16 O0/cuda_graph/cold: p50=44.112us
T=256 R=16 gate_a/aligned/bf16 O0/cuda_graph/hot: p50=36.320us
T=256 R=16 gate_a/aligned/bf16 O0/eager/cold: p50=263.712us
T=256 R=16 gate_a/aligned/bf16 O0/eager/hot: p50=332.016us
T=256 R=16 gate_a/indexed/bf16 O0/cuda_graph/cold: p50=37.632us
T=256 R=16 gate_a/indexed/bf16 O0/cuda_graph/hot: p50=32.224us
T=256 R=16 gate_a/indexed/bf16 O0/eager/cold: p50=37.936us
T=256 R=16 gate_a/indexed/bf16 O0/eager/hot: p50=51.488us
T=256 R=16 gate_consumer/bmm/bf16 O0/cuda_graph/cold: p50=62.368us
T=256 R=16 gate_consumer/bmm/bf16 O0/cuda_graph/hot: p50=54.752us
T=256 R=16 gate_consumer/bmm/bf16 O0/eager/cold: p50=330.704us
T=256 R=16 gate_consumer/bmm/bf16 O0/eager/hot: p50=390.144us
T=256 R=16 gate_consumer/segmented/bf16 O0/cuda_graph/cold: p50=74.512us
T=256 R=16 gate_consumer/segmented/bf16 O0/cuda_graph/hot: p50=64.992us
T=256 R=16 gate_consumer/segmented/bf16 O0/eager/cold: p50=312.384us
T=256 R=16 gate_consumer/segmented/bf16 O0/eager/hot: p50=371.568us
T=256 R=16 gate_consumer/aligned/bf16 O0/cuda_graph/cold: p50=49.936us
T=256 R=16 gate_consumer/aligned/bf16 O0/cuda_graph/hot: p50=40.416us
T=256 R=16 gate_consumer/aligned/bf16 O0/eager/cold: p50=280.880us
T=256 R=16 gate_consumer/aligned/bf16 O0/eager/hot: p50=347.872us
T=256 R=16 gate_consumer/indexed/bf16 O0/cuda_graph/cold: p50=31.488us
T=256 R=16 gate_consumer/indexed/bf16 O0/cuda_graph/hot: p50=30.176us
T=256 R=16 gate_consumer/indexed/bf16 O0/eager/cold: p50=31.776us
T=256 R=16 gate_consumer/indexed/bf16 O0/eager/hot: p50=70.272us
T=256 R=16 down_a/bmm/bf16 O0/cuda_graph/cold: p50=64.256us
T=256 R=16 down_a/bmm/bf16 O0/cuda_graph/hot: p50=54.752us
T=256 R=16 down_a/bmm/bf16 O0/eager/cold: p50=258.192us
T=256 R=16 down_a/bmm/bf16 O0/eager/hot: p50=323.984us
T=256 R=16 down_a/segmented/bf16 O0/cuda_graph/cold: p50=65.280us
T=256 R=16 down_a/segmented/bf16 O0/cuda_graph/hot: p50=56.800us
T=256 R=16 down_a/segmented/bf16 O0/eager/cold: p50=305.504us
T=256 R=16 down_a/segmented/bf16 O0/eager/hot: p50=369.152us
T=256 R=16 down_a/aligned/bf16 O0/cuda_graph/cold: p50=39.872us
T=256 R=16 down_a/aligned/bf16 O0/cuda_graph/hot: p50=33.552us
T=256 R=16 down_a/aligned/bf16 O0/eager/cold: p50=267.792us
T=256 R=16 down_a/aligned/bf16 O0/eager/hot: p50=330.528us
T=256 R=16 down_a/indexed/bf16 O0/cuda_graph/cold: p50=17.152us
T=256 R=16 down_a/indexed/bf16 O0/cuda_graph/hot: p50=15.488us
T=256 R=16 down_a/indexed/bf16 O0/eager/cold: p50=18.368us
T=256 R=16 down_a/indexed/bf16 O0/eager/hot: p50=43.552us
T=256 R=16 down_finalize/bmm/bf16 O0/cuda_graph/cold: p50=35.568us
T=256 R=16 down_finalize/bmm/bf16 O0/cuda_graph/hot: p50=32.192us
T=256 R=16 down_finalize/bmm/bf16 O0/eager/cold: p50=108.480us
T=256 R=16 down_finalize/bmm/bf16 O0/eager/hot: p50=170.752us
T=256 R=16 down_finalize/segmented/bf16 O0/cuda_graph/cold: p50=100.512us
T=256 R=16 down_finalize/segmented/bf16 O0/cuda_graph/hot: p50=93.664us
T=256 R=16 down_finalize/segmented/bf16 O0/eager/cold: p50=333.680us
T=256 R=16 down_finalize/segmented/bf16 O0/eager/hot: p50=396.048us
T=256 R=16 down_finalize/aligned/bf16 O0/cuda_graph/cold: p50=47.840us
T=256 R=16 down_finalize/aligned/bf16 O0/cuda_graph/hot: p50=40.832us
T=256 R=16 down_finalize/aligned/bf16 O0/eager/cold: p50=299.056us
T=256 R=16 down_finalize/aligned/bf16 O0/eager/hot: p50=364.944us
T=256 R=16 down_finalize/indexed/bf16 O0/cuda_graph/cold: p50=31.536us
T=256 R=16 down_finalize/indexed/bf16 O0/cuda_graph/hot: p50=30.128us
T=256 R=16 down_finalize/indexed/bf16 O0/eager/cold: p50=31.712us
T=256 R=16 down_finalize/indexed/bf16 O0/eager/hot: p50=38.736us
T=256 R=16 down_finalize/one_shot_bf16/bf16 O0/cuda_graph/cold: p50=344.832us
T=256 R=16 down_finalize/one_shot_bf16/bf16 O0/cuda_graph/hot: p50=341.472us
T=256 R=16 down_finalize/one_shot_bf16/bf16 O0/eager/cold: p50=349.184us
T=256 R=16 down_finalize/one_shot_bf16/bf16 O0/eager/hot: p50=345.072us
T=256 R=16 down_finalize/one_shot_fp32/bf16 O0/cuda_graph/cold: p50=336.064us
T=256 R=16 down_finalize/one_shot_fp32/bf16 O0/cuda_graph/hot: p50=333.248us
T=256 R=16 down_finalize/one_shot_fp32/bf16 O0/eager/cold: p50=339.968us
T=256 R=16 down_finalize/one_shot_fp32/bf16 O0/eager/hot: p50=335.232us
T=256 R=32 gate_a/bmm/bf16 O0/cuda_graph/cold: p50=72.448us
T=256 R=32 gate_a/bmm/bf16 O0/cuda_graph/hot: p50=60.896us
T=256 R=32 gate_a/bmm/bf16 O0/eager/cold: p50=276.496us
T=256 R=32 gate_a/bmm/bf16 O0/eager/hot: p50=339.728us
T=256 R=32 gate_a/segmented/bf16 O0/cuda_graph/cold: p50=76.544us
T=256 R=32 gate_a/segmented/bf16 O0/cuda_graph/hot: p50=64.960us
T=256 R=32 gate_a/segmented/bf16 O0/eager/cold: p50=296.864us
T=256 R=32 gate_a/segmented/bf16 O0/eager/hot: p50=358.560us
T=256 R=32 gate_a/aligned/bf16 O0/cuda_graph/cold: p50=47.360us
T=256 R=32 gate_a/aligned/bf16 O0/cuda_graph/hot: p50=38.336us
T=256 R=32 gate_a/aligned/bf16 O0/eager/cold: p50=262.224us
T=256 R=32 gate_a/aligned/bf16 O0/eager/hot: p50=321.024us
T=256 R=32 gate_a/indexed/bf16 O0/cuda_graph/cold: p50=56.624us
T=256 R=32 gate_a/indexed/bf16 O0/cuda_graph/hot: p50=53.360us
T=256 R=32 gate_a/indexed/bf16 O0/eager/cold: p50=57.552us
T=256 R=32 gate_a/indexed/bf16 O0/eager/hot: p50=54.672us
T=256 R=32 gate_consumer/bmm/bf16 O0/cuda_graph/cold: p50=64.272us
T=256 R=32 gate_consumer/bmm/bf16 O0/cuda_graph/hot: p50=54.752us
T=256 R=32 gate_consumer/bmm/bf16 O0/eager/cold: p50=316.640us
T=256 R=32 gate_consumer/bmm/bf16 O0/eager/hot: p50=380.192us
T=256 R=32 gate_consumer/segmented/bf16 O0/cuda_graph/cold: p50=70.368us
T=256 R=32 gate_consumer/segmented/bf16 O0/cuda_graph/hot: p50=64.960us
T=256 R=32 gate_consumer/segmented/bf16 O0/eager/cold: p50=302.528us
T=256 R=32 gate_consumer/segmented/bf16 O0/eager/hot: p50=369.872us
T=256 R=32 gate_consumer/aligned/bf16 O0/cuda_graph/cold: p50=43.792us
T=256 R=32 gate_consumer/aligned/bf16 O0/cuda_graph/hot: p50=36.288us
T=256 R=32 gate_consumer/aligned/bf16 O0/eager/cold: p50=286.048us
T=256 R=32 gate_consumer/aligned/bf16 O0/eager/hot: p50=349.328us
T=256 R=32 gate_consumer/indexed/bf16 O0/cuda_graph/cold: p50=41.680us
T=256 R=32 gate_consumer/indexed/bf16 O0/cuda_graph/hot: p50=38.336us
T=256 R=32 gate_consumer/indexed/bf16 O0/eager/cold: p50=75.168us
T=256 R=32 gate_consumer/indexed/bf16 O0/eager/hot: p50=123.040us
T=256 R=32 down_a/bmm/bf16 O0/cuda_graph/cold: p50=62.192us
T=256 R=32 down_a/bmm/bf16 O0/cuda_graph/hot: p50=56.384us
T=256 R=32 down_a/bmm/bf16 O0/eager/cold: p50=446.496us
T=256 R=32 down_a/bmm/bf16 O0/eager/hot: p50=481.072us
T=256 R=32 down_a/segmented/bf16 O0/cuda_graph/cold: p50=65.040us
T=256 R=32 down_a/segmented/bf16 O0/cuda_graph/hot: p50=58.848us
T=256 R=32 down_a/segmented/bf16 O0/eager/cold: p50=440.704us
T=256 R=32 down_a/segmented/bf16 O0/eager/hot: p50=484.848us
T=256 R=32 down_a/aligned/bf16 O0/cuda_graph/cold: p50=41.680us
T=256 R=32 down_a/aligned/bf16 O0/cuda_graph/hot: p50=34.240us
T=256 R=32 down_a/aligned/bf16 O0/eager/cold: p50=356.864us
T=256 R=32 down_a/aligned/bf16 O0/eager/hot: p50=409.344us
T=256 R=32 down_a/indexed/bf16 O0/cuda_graph/cold: p50=17.152us
T=256 R=32 down_a/indexed/bf16 O0/cuda_graph/hot: p50=15.488us
T=256 R=32 down_a/indexed/bf16 O0/eager/cold: p50=18.816us
T=256 R=32 down_a/indexed/bf16 O0/eager/hot: p50=54.880us
T=256 R=32 down_finalize/bmm/bf16 O0/cuda_graph/cold: p50=35.600us
T=256 R=32 down_finalize/bmm/bf16 O0/cuda_graph/hot: p50=32.176us
T=256 R=32 down_finalize/bmm/bf16 O0/eager/cold: p50=127.088us
T=256 R=32 down_finalize/bmm/bf16 O0/eager/hot: p50=192.432us
T=256 R=32 down_finalize/segmented/bf16 O0/cuda_graph/cold: p50=101.184us
T=256 R=32 down_finalize/segmented/bf16 O0/cuda_graph/hot: p50=93.664us
T=256 R=32 down_finalize/segmented/bf16 O0/eager/cold: p50=365.776us
T=256 R=32 down_finalize/segmented/bf16 O0/eager/hot: p50=410.992us
T=256 R=32 down_finalize/aligned/bf16 O0/cuda_graph/cold: p50=49.920us
T=256 R=32 down_finalize/aligned/bf16 O0/cuda_graph/hot: p50=40.432us
T=256 R=32 down_finalize/aligned/bf16 O0/eager/cold: p50=317.984us
T=256 R=32 down_finalize/aligned/bf16 O0/eager/hot: p50=380.592us
T=256 R=32 down_finalize/indexed/bf16 O0/cuda_graph/cold: p50=43.744us
T=256 R=32 down_finalize/indexed/bf16 O0/cuda_graph/hot: p50=40.384us
T=256 R=32 down_finalize/indexed/bf16 O0/eager/cold: p50=41.936us
T=256 R=32 down_finalize/indexed/bf16 O0/eager/hot: p50=41.728us
T=256 R=32 down_finalize/one_shot_bf16/bf16 O0/cuda_graph/cold: p50=472.464us
T=256 R=32 down_finalize/one_shot_bf16/bf16 O0/cuda_graph/hot: p50=470.464us
T=256 R=32 down_finalize/one_shot_bf16/bf16 O0/eager/cold: p50=476.160us
T=256 R=32 down_finalize/one_shot_bf16/bf16 O0/eager/hot: p50=472.128us
T=256 R=32 down_finalize/one_shot_fp32/bf16 O0/cuda_graph/cold: p50=465.664us
T=256 R=32 down_finalize/one_shot_fp32/bf16 O0/cuda_graph/hot: p50=462.272us
T=256 R=32 down_finalize/one_shot_fp32/bf16 O0/eager/cold: p50=468.992us
T=256 R=32 down_finalize/one_shot_fp32/bf16 O0/eager/hot: p50=466.016us
T=256 R=64 gate_a/bmm/bf16 O0/cuda_graph/cold: p50=74.560us
T=256 R=64 gate_a/bmm/bf16 O0/cuda_graph/hot: p50=64.960us
T=256 R=64 gate_a/bmm/bf16 O0/eager/cold: p50=286.144us
T=256 R=64 gate_a/bmm/bf16 O0/eager/hot: p50=356.512us
T=256 R=64 gate_a/segmented/bf16 O0/cuda_graph/cold: p50=76.944us
T=256 R=64 gate_a/segmented/bf16 O0/cuda_graph/hot: p50=69.056us
T=256 R=64 gate_a/segmented/bf16 O0/eager/cold: p50=318.528us
T=256 R=64 gate_a/segmented/bf16 O0/eager/hot: p50=370.496us
T=256 R=64 gate_a/aligned/bf16 O0/cuda_graph/cold: p50=45.840us
T=256 R=64 gate_a/aligned/bf16 O0/cuda_graph/hot: p50=40.400us
T=256 R=64 gate_a/aligned/bf16 O0/eager/cold: p50=263.648us
T=256 R=64 gate_a/aligned/bf16 O0/eager/hot: p50=327.728us
T=256 R=64 gate_a/indexed/bf16 O0/cuda_graph/cold: p50=101.120us
T=256 R=64 gate_a/indexed/bf16 O0/cuda_graph/hot: p50=97.728us
T=256 R=64 gate_a/indexed/bf16 O0/eager/cold: p50=101.376us
T=256 R=64 gate_a/indexed/bf16 O0/eager/hot: p50=99.392us
T=256 R=64 gate_consumer/bmm/bf16 O0/cuda_graph/cold: p50=64.320us
T=256 R=64 gate_consumer/bmm/bf16 O0/cuda_graph/hot: p50=54.752us
T=256 R=64 gate_consumer/bmm/bf16 O0/eager/cold: p50=320.688us
T=256 R=64 gate_consumer/bmm/bf16 O0/eager/hot: p50=385.504us
T=256 R=64 gate_consumer/segmented/bf16 O0/cuda_graph/cold: p50=73.632us
T=256 R=64 gate_consumer/segmented/bf16 O0/cuda_graph/hot: p50=64.992us
T=256 R=64 gate_consumer/segmented/bf16 O0/eager/cold: p50=314.112us
T=256 R=64 gate_consumer/segmented/bf16 O0/eager/hot: p50=367.504us
T=256 R=64 gate_consumer/aligned/bf16 O0/cuda_graph/cold: p50=37.840us
T=256 R=64 gate_consumer/aligned/bf16 O0/cuda_graph/hot: p50=34.240us
T=256 R=64 gate_consumer/aligned/bf16 O0/eager/cold: p50=264.544us
T=256 R=64 gate_consumer/aligned/bf16 O0/eager/hot: p50=337.952us
T=256 R=64 gate_consumer/indexed/bf16 O0/cuda_graph/cold: p50=58.768us
T=256 R=64 gate_consumer/indexed/bf16 O0/cuda_graph/hot: p50=56.800us
T=256 R=64 gate_consumer/indexed/bf16 O0/eager/cold: p50=61.440us
T=256 R=64 gate_consumer/indexed/bf16 O0/eager/hot: p50=68.528us
T=256 R=64 down_a/bmm/bf16 O0/cuda_graph/cold: p50=64.336us
T=256 R=64 down_a/bmm/bf16 O0/cuda_graph/hot: p50=54.752us
T=256 R=64 down_a/bmm/bf16 O0/eager/cold: p50=244.512us
T=256 R=64 down_a/bmm/bf16 O0/eager/hot: p50=314.464us
T=256 R=64 down_a/segmented/bf16 O0/cuda_graph/cold: p50=66.304us
T=256 R=64 down_a/segmented/bf16 O0/cuda_graph/hot: p50=56.800us
T=256 R=64 down_a/segmented/bf16 O0/eager/cold: p50=294.624us
T=256 R=64 down_a/segmented/bf16 O0/eager/hot: p50=352.096us
T=256 R=64 down_a/aligned/bf16 O0/cuda_graph/cold: p50=39.664us
T=256 R=64 down_a/aligned/bf16 O0/cuda_graph/hot: p50=33.232us
T=256 R=64 down_a/aligned/bf16 O0/eager/cold: p50=258.976us
T=256 R=64 down_a/aligned/bf16 O0/eager/hot: p50=320.096us
T=256 R=64 down_a/indexed/bf16 O0/cuda_graph/cold: p50=23.312us
T=256 R=64 down_a/indexed/bf16 O0/cuda_graph/hot: p50=21.888us
T=256 R=64 down_a/indexed/bf16 O0/eager/cold: p50=24.576us
T=256 R=64 down_a/indexed/bf16 O0/eager/hot: p50=49.024us
T=256 R=64 down_finalize/bmm/bf16 O0/cuda_graph/cold: p50=39.648us
T=256 R=64 down_finalize/bmm/bf16 O0/cuda_graph/hot: p50=33.696us
T=256 R=64 down_finalize/bmm/bf16 O0/eager/cold: p50=101.104us
T=256 R=64 down_finalize/bmm/bf16 O0/eager/hot: p50=166.624us
T=256 R=64 down_finalize/segmented/bf16 O0/cuda_graph/cold: p50=101.120us
T=256 R=64 down_finalize/segmented/bf16 O0/cuda_graph/hot: p50=93.680us
T=256 R=64 down_finalize/segmented/bf16 O0/eager/cold: p50=318.928us
T=256 R=64 down_finalize/segmented/bf16 O0/eager/hot: p50=379.712us
T=256 R=64 down_finalize/aligned/bf16 O0/cuda_graph/cold: p50=51.968us
T=256 R=64 down_finalize/aligned/bf16 O0/cuda_graph/hot: p50=42.512us
T=256 R=64 down_finalize/aligned/bf16 O0/eager/cold: p50=274.416us
T=256 R=64 down_finalize/aligned/bf16 O0/eager/hot: p50=351.504us
T=256 R=64 down_finalize/indexed/bf16 O0/cuda_graph/cold: p50=68.384us
T=256 R=64 down_finalize/indexed/bf16 O0/cuda_graph/hot: p50=62.928us
T=256 R=64 down_finalize/indexed/bf16 O0/eager/cold: p50=68.304us
T=256 R=64 down_finalize/indexed/bf16 O0/eager/hot: p50=61.904us
T=256 R=64 down_finalize/one_shot_bf16/bf16 O0/cuda_graph/cold: p50=742.560us
T=256 R=64 down_finalize/one_shot_bf16/bf16 O0/cuda_graph/hot: p50=735.664us
T=256 R=64 down_finalize/one_shot_bf16/bf16 O0/eager/cold: p50=745.472us
T=256 R=64 down_finalize/one_shot_bf16/bf16 O0/eager/hot: p50=738.224us
T=256 R=64 down_finalize/one_shot_fp32/bf16 O0/cuda_graph/cold: p50=734.000us
T=256 R=64 down_finalize/one_shot_fp32/bf16 O0/cuda_graph/hot: p50=726.496us
T=256 R=64 down_finalize/one_shot_fp32/bf16 O0/eager/cold: p50=737.280us
T=256 R=64 down_finalize/one_shot_fp32/bf16 O0/eager/hot: p50=730.208us
T=256 R=128 gate_a/bmm/bf16 O0/cuda_graph/cold: p50=82.656us
T=256 R=128 gate_a/bmm/bf16 O0/cuda_graph/hot: p50=73.152us
T=256 R=128 gate_a/bmm/bf16 O0/eager/cold: p50=271.552us
T=256 R=128 gate_a/bmm/bf16 O0/eager/hot: p50=343.232us
T=256 R=128 gate_a/segmented/bf16 O0/cuda_graph/cold: p50=82.656us
T=256 R=128 gate_a/segmented/bf16 O0/cuda_graph/hot: p50=79.328us
T=256 R=128 gate_a/segmented/bf16 O0/eager/cold: p50=297.344us
T=256 R=128 gate_a/segmented/bf16 O0/eager/hot: p50=358.384us
T=256 R=128 gate_a/aligned/bf16 O0/cuda_graph/cold: p50=51.984us
T=256 R=128 gate_a/aligned/bf16 O0/cuda_graph/hot: p50=44.544us
T=256 R=128 gate_a/aligned/bf16 O0/eager/cold: p50=250.368us
T=256 R=128 gate_a/aligned/bf16 O0/eager/hot: p50=323.872us
T=256 R=128 gate_a/indexed/bf16 O0/cuda_graph/cold: p50=187.552us
T=256 R=128 gate_a/indexed/bf16 O0/cuda_graph/hot: p50=183.776us
T=256 R=128 gate_a/indexed/bf16 O0/eager/cold: p50=188.496us
T=256 R=128 gate_a/indexed/bf16 O0/eager/hot: p50=185.696us
T=256 R=128 gate_consumer/bmm/bf16 O0/cuda_graph/cold: p50=66.352us
T=256 R=128 gate_consumer/bmm/bf16 O0/cuda_graph/hot: p50=58.848us
T=256 R=128 gate_consumer/bmm/bf16 O0/eager/cold: p50=315.872us
T=256 R=128 gate_consumer/bmm/bf16 O0/eager/hot: p50=374.640us
T=256 R=128 gate_consumer/segmented/bf16 O0/cuda_graph/cold: p50=77.904us
T=256 R=128 gate_consumer/segmented/bf16 O0/cuda_graph/hot: p50=69.088us
T=256 R=128 gate_consumer/segmented/bf16 O0/eager/cold: p50=303.296us
T=256 R=128 gate_consumer/segmented/bf16 O0/eager/hot: p50=366.400us
T=256 R=128 gate_consumer/aligned/bf16 O0/cuda_graph/cold: p50=54.016us
T=256 R=128 gate_consumer/aligned/bf16 O0/cuda_graph/hot: p50=42.464us
T=256 R=128 gate_consumer/aligned/bf16 O0/eager/cold: p50=277.472us
T=256 R=128 gate_consumer/aligned/bf16 O0/eager/hot: p50=352.576us
T=256 R=128 gate_consumer/indexed/bf16 O0/cuda_graph/cold: p50=111.392us
T=256 R=128 gate_consumer/indexed/bf16 O0/cuda_graph/hot: p50=105.952us
T=256 R=128 gate_consumer/indexed/bf16 O0/eager/cold: p50=112.640us
T=256 R=128 gate_consumer/indexed/bf16 O0/eager/hot: p50=107.936us
T=256 R=128 down_a/bmm/bf16 O0/cuda_graph/cold: p50=66.304us
T=256 R=128 down_a/bmm/bf16 O0/cuda_graph/hot: p50=56.800us
T=256 R=128 down_a/bmm/bf16 O0/eager/cold: p50=259.296us
T=256 R=128 down_a/bmm/bf16 O0/eager/hot: p50=322.416us
T=256 R=128 down_a/segmented/bf16 O0/cuda_graph/cold: p50=64.224us
T=256 R=128 down_a/segmented/bf16 O0/cuda_graph/hot: p50=58.832us
T=256 R=128 down_a/segmented/bf16 O0/eager/cold: p50=300.704us
T=256 R=128 down_a/segmented/bf16 O0/eager/hot: p50=356.800us
T=256 R=128 down_a/aligned/bf16 O0/cuda_graph/cold: p50=41.712us
T=256 R=128 down_a/aligned/bf16 O0/cuda_graph/hot: p50=35.248us
T=256 R=128 down_a/aligned/bf16 O0/eager/cold: p50=259.088us
T=256 R=128 down_a/aligned/bf16 O0/eager/hot: p50=336.160us
T=256 R=128 down_a/indexed/bf16 O0/cuda_graph/cold: p50=35.808us
T=256 R=128 down_a/indexed/bf16 O0/cuda_graph/hot: p50=34.240us
T=256 R=128 down_a/indexed/bf16 O0/eager/cold: p50=36.976us
T=256 R=128 down_a/indexed/bf16 O0/eager/hot: p50=46.496us
T=256 R=128 down_finalize/bmm/bf16 O0/cuda_graph/cold: p50=39.712us
T=256 R=128 down_finalize/bmm/bf16 O0/cuda_graph/hot: p50=34.240us
T=256 R=128 down_finalize/bmm/bf16 O0/eager/cold: p50=105.296us
T=256 R=128 down_finalize/bmm/bf16 O0/eager/hot: p50=173.568us
T=256 R=128 down_finalize/segmented/bf16 O0/cuda_graph/cold: p50=101.120us
T=256 R=128 down_finalize/segmented/bf16 O0/cuda_graph/hot: p50=91.616us
T=256 R=128 down_finalize/segmented/bf16 O0/eager/cold: p50=320.864us
T=256 R=128 down_finalize/segmented/bf16 O0/eager/hot: p50=389.440us
T=256 R=128 down_finalize/aligned/bf16 O0/cuda_graph/cold: p50=58.144us
T=256 R=128 down_finalize/aligned/bf16 O0/cuda_graph/hot: p50=46.528us
T=256 R=128 down_finalize/aligned/bf16 O0/eager/cold: p50=288.256us
T=256 R=128 down_finalize/aligned/bf16 O0/eager/hot: p50=352.752us
T=256 R=128 down_finalize/indexed/bf16 O0/cuda_graph/cold: p50=174.848us
T=256 R=128 down_finalize/indexed/bf16 O0/cuda_graph/hot: p50=144.832us
T=256 R=128 down_finalize/indexed/bf16 O0/eager/cold: p50=174.096us
T=256 R=128 down_finalize/indexed/bf16 O0/eager/hot: p50=143.904us
T=256 R=128 down_finalize/one_shot_bf16/bf16 O0/cuda_graph/cold: p50=1271.440us
T=256 R=128 down_finalize/one_shot_bf16/bf16 O0/cuda_graph/hot: p50=1266.144us
T=256 R=128 down_finalize/one_shot_bf16/bf16 O0/eager/cold: p50=1273.072us
T=256 R=128 down_finalize/one_shot_bf16/bf16 O0/eager/hot: p50=1269.024us
T=256 R=128 down_finalize/one_shot_fp32/bf16 O0/cuda_graph/cold: p50=1282.016us
T=256 R=128 down_finalize/one_shot_fp32/bf16 O0/cuda_graph/hot: p50=1278.400us
T=256 R=128 down_finalize/one_shot_fp32/bf16 O0/eager/cold: p50=1286.256us
T=256 R=128 down_finalize/one_shot_fp32/bf16 O0/eager/hot: p50=1281.216us
T=2048 R=16 gate_a/bmm/bf16 O0/cuda_graph/cold: p50=154.368us
T=2048 R=16 gate_a/bmm/bf16 O0/cuda_graph/hot: p50=160.112us
T=2048 R=16 gate_a/bmm/bf16 O0/eager/cold: p50=301.088us
T=2048 R=16 gate_a/bmm/bf16 O0/eager/hot: p50=374.384us
T=2048 R=16 gate_a/segmented/bf16 O0/cuda_graph/cold: p50=170.720us
T=2048 R=16 gate_a/segmented/bf16 O0/cuda_graph/hot: p50=163.264us
T=2048 R=16 gate_a/segmented/bf16 O0/eager/cold: p50=318.144us
T=2048 R=16 gate_a/segmented/bf16 O0/eager/hot: p50=384.928us
T=2048 R=16 gate_a/aligned/bf16 O0/cuda_graph/cold: p50=64.256us
T=2048 R=16 gate_a/aligned/bf16 O0/cuda_graph/hot: p50=56.800us
T=2048 R=16 gate_a/aligned/bf16 O0/eager/cold: p50=263.488us
T=2048 R=16 gate_a/aligned/bf16 O0/eager/hot: p50=322.592us
T=2048 R=16 gate_a/indexed/bf16 O0/cuda_graph/cold: p50=191.232us
T=2048 R=16 gate_a/indexed/bf16 O0/cuda_graph/hot: p50=183.776us
T=2048 R=16 gate_a/indexed/bf16 O0/eager/cold: p50=192.512us
T=2048 R=16 gate_a/indexed/bf16 O0/eager/hot: p50=184.800us
T=2048 R=16 gate_consumer/bmm/bf16 O0/cuda_graph/cold: p50=217.856us
T=2048 R=16 gate_consumer/bmm/bf16 O0/cuda_graph/hot: p50=216.544us
T=2048 R=16 gate_consumer/bmm/bf16 O0/eager/cold: p50=315.440us
T=2048 R=16 gate_consumer/bmm/bf16 O0/eager/hot: p50=369.088us
T=2048 R=16 gate_consumer/segmented/bf16 O0/cuda_graph/cold: p50=243.440us
T=2048 R=16 gate_consumer/segmented/bf16 O0/cuda_graph/hot: p50=230.848us
T=2048 R=16 gate_consumer/segmented/bf16 O0/eager/cold: p50=328.192us
T=2048 R=16 gate_consumer/segmented/bf16 O0/eager/hot: p50=388.176us
T=2048 R=16 gate_consumer/aligned/bf16 O0/cuda_graph/cold: p50=103.184us
T=2048 R=16 gate_consumer/aligned/bf16 O0/cuda_graph/hot: p50=85.408us
T=2048 R=16 gate_consumer/aligned/bf16 O0/eager/cold: p50=291.120us
T=2048 R=16 gate_consumer/aligned/bf16 O0/eager/hot: p50=354.688us
T=2048 R=16 gate_consumer/indexed/bf16 O0/cuda_graph/cold: p50=176.896us
T=2048 R=16 gate_consumer/indexed/bf16 O0/cuda_graph/hot: p50=175.552us
T=2048 R=16 gate_consumer/indexed/bf16 O0/eager/cold: p50=178.144us
T=2048 R=16 gate_consumer/indexed/bf16 O0/eager/hot: p50=176.800us
T=2048 R=16 down_a/bmm/bf16 O0/cuda_graph/cold: p50=150.224us
T=2048 R=16 down_a/bmm/bf16 O0/cuda_graph/hot: p50=138.720us
T=2048 R=16 down_a/bmm/bf16 O0/eager/cold: p50=275.888us
T=2048 R=16 down_a/bmm/bf16 O0/eager/hot: p50=343.312us
T=2048 R=16 down_a/segmented/bf16 O0/cuda_graph/cold: p50=148.064us
T=2048 R=16 down_a/segmented/bf16 O0/cuda_graph/hot: p50=140.752us
T=2048 R=16 down_a/segmented/bf16 O0/eager/cold: p50=312.320us
T=2048 R=16 down_a/segmented/bf16 O0/eager/hot: p50=373.488us
T=2048 R=16 down_a/aligned/bf16 O0/cuda_graph/cold: p50=51.968us
T=2048 R=16 down_a/aligned/bf16 O0/cuda_graph/hot: p50=44.480us
T=2048 R=16 down_a/aligned/bf16 O0/eager/cold: p50=258.064us
T=2048 R=16 down_a/aligned/bf16 O0/eager/hot: p50=329.216us
T=2048 R=16 down_a/indexed/bf16 O0/cuda_graph/cold: p50=62.224us
T=2048 R=16 down_a/indexed/bf16 O0/cuda_graph/hot: p50=58.816us
T=2048 R=16 down_a/indexed/bf16 O0/eager/cold: p50=63.920us
T=2048 R=16 down_a/indexed/bf16 O0/eager/hot: p50=60.864us
T=2048 R=16 down_finalize/bmm/bf16 O0/cuda_graph/cold: p50=176.128us
T=2048 R=16 down_finalize/bmm/bf16 O0/cuda_graph/hot: p50=175.584us
T=2048 R=16 down_finalize/bmm/bf16 O0/eager/cold: p50=183.520us
T=2048 R=16 down_finalize/bmm/bf16 O0/eager/hot: p50=183.552us
T=2048 R=16 down_finalize/segmented/bf16 O0/cuda_graph/cold: p50=472.144us
T=2048 R=16 down_finalize/segmented/bf16 O0/cuda_graph/hot: p50=468.944us
T=2048 R=16 down_finalize/segmented/bf16 O0/eager/cold: p50=516.816us
T=2048 R=16 down_finalize/segmented/bf16 O0/eager/hot: p50=514.656us
T=2048 R=16 down_finalize/aligned/bf16 O0/cuda_graph/cold: p50=120.640us
T=2048 R=16 down_finalize/aligned/bf16 O0/cuda_graph/hot: p50=118.240us
T=2048 R=16 down_finalize/aligned/bf16 O0/eager/cold: p50=305.344us
T=2048 R=16 down_finalize/aligned/bf16 O0/eager/hot: p50=354.288us
T=2048 R=16 down_finalize/indexed/bf16 O0/cuda_graph/cold: p50=193.280us
T=2048 R=16 down_finalize/indexed/bf16 O0/cuda_graph/hot: p50=189.920us
T=2048 R=16 down_finalize/indexed/bf16 O0/eager/cold: p50=192.768us
T=2048 R=16 down_finalize/indexed/bf16 O0/eager/hot: p50=189.600us
T=2048 R=16 down_finalize/one_shot_bf16/bf16 O0/cuda_graph/cold: p50=2691.808us
T=2048 R=16 down_finalize/one_shot_bf16/bf16 O0/cuda_graph/hot: p50=2689.984us
T=2048 R=16 down_finalize/one_shot_bf16/bf16 O0/eager/cold: p50=2695.168us
T=2048 R=16 down_finalize/one_shot_bf16/bf16 O0/eager/hot: p50=2694.256us
T=2048 R=16 down_finalize/one_shot_fp32/bf16 O0/cuda_graph/cold: p50=2614.960us
T=2048 R=16 down_finalize/one_shot_fp32/bf16 O0/cuda_graph/hot: p50=2615.744us
T=2048 R=16 down_finalize/one_shot_fp32/bf16 O0/eager/cold: p50=2619.392us
T=2048 R=16 down_finalize/one_shot_fp32/bf16 O0/eager/hot: p50=2618.976us
T=2048 R=32 gate_a/bmm/bf16 O0/cuda_graph/cold: p50=171.056us
T=2048 R=32 gate_a/bmm/bf16 O0/cuda_graph/hot: p50=165.824us
T=2048 R=32 gate_a/bmm/bf16 O0/eager/cold: p50=298.064us
T=2048 R=32 gate_a/bmm/bf16 O0/eager/hot: p50=369.472us
T=2048 R=32 gate_a/segmented/bf16 O0/cuda_graph/cold: p50=166.656us
T=2048 R=32 gate_a/segmented/bf16 O0/cuda_graph/hot: p50=157.152us
T=2048 R=32 gate_a/segmented/bf16 O0/eager/cold: p50=334.720us
T=2048 R=32 gate_a/segmented/bf16 O0/eager/hot: p50=392.048us
T=2048 R=32 gate_a/aligned/bf16 O0/cuda_graph/cold: p50=72.448us
T=2048 R=32 gate_a/aligned/bf16 O0/cuda_graph/hot: p50=64.992us
T=2048 R=32 gate_a/aligned/bf16 O0/eager/cold: p50=268.704us
T=2048 R=32 gate_a/aligned/bf16 O0/eager/hot: p50=334.832us
T=2048 R=32 gate_a/indexed/bf16 O0/cuda_graph/cold: p50=365.264us
T=2048 R=32 gate_a/indexed/bf16 O0/cuda_graph/hot: p50=357.856us
T=2048 R=32 gate_a/indexed/bf16 O0/eager/cold: p50=366.736us
T=2048 R=32 gate_a/indexed/bf16 O0/eager/hot: p50=360.832us
T=2048 R=32 gate_consumer/bmm/bf16 O0/cuda_graph/cold: p50=217.824us
T=2048 R=32 gate_consumer/bmm/bf16 O0/cuda_graph/hot: p50=216.544us
T=2048 R=32 gate_consumer/bmm/bf16 O0/eager/cold: p50=312.528us
T=2048 R=32 gate_consumer/bmm/bf16 O0/eager/hot: p50=380.064us
T=2048 R=32 gate_consumer/segmented/bf16 O0/cuda_graph/cold: p50=213.760us
T=2048 R=32 gate_consumer/segmented/bf16 O0/cuda_graph/hot: p50=204.240us
T=2048 R=32 gate_consumer/segmented/bf16 O0/eager/cold: p50=363.008us
T=2048 R=32 gate_consumer/segmented/bf16 O0/eager/hot: p50=399.536us
T=2048 R=32 gate_consumer/aligned/bf16 O0/cuda_graph/cold: p50=78.592us
T=2048 R=32 gate_consumer/aligned/bf16 O0/cuda_graph/hot: p50=62.912us
T=2048 R=32 gate_consumer/aligned/bf16 O0/eager/cold: p50=289.152us
T=2048 R=32 gate_consumer/aligned/bf16 O0/eager/hot: p50=345.920us
T=2048 R=32 gate_consumer/indexed/bf16 O0/cuda_graph/cold: p50=242.752us
T=2048 R=32 gate_consumer/indexed/bf16 O0/cuda_graph/hot: p50=241.056us
T=2048 R=32 gate_consumer/indexed/bf16 O0/eager/cold: p50=243.744us
T=2048 R=32 gate_consumer/indexed/bf16 O0/eager/hot: p50=242.064us
T=2048 R=32 down_a/bmm/bf16 O0/cuda_graph/cold: p50=149.904us
T=2048 R=32 down_a/bmm/bf16 O0/cuda_graph/hot: p50=138.720us
T=2048 R=32 down_a/bmm/bf16 O0/eager/cold: p50=277.408us
T=2048 R=32 down_a/bmm/bf16 O0/eager/hot: p50=340.032us
T=2048 R=32 down_a/segmented/bf16 O0/cuda_graph/cold: p50=148.384us
T=2048 R=32 down_a/segmented/bf16 O0/cuda_graph/hot: p50=140.736us
T=2048 R=32 down_a/segmented/bf16 O0/eager/cold: p50=317.328us
T=2048 R=32 down_a/segmented/bf16 O0/eager/hot: p50=377.552us
T=2048 R=32 down_a/aligned/bf16 O0/cuda_graph/cold: p50=52.000us
T=2048 R=32 down_a/aligned/bf16 O0/cuda_graph/hot: p50=43.344us
T=2048 R=32 down_a/aligned/bf16 O0/eager/cold: p50=258.576us
T=2048 R=32 down_a/aligned/bf16 O0/eager/hot: p50=332.112us
T=2048 R=32 down_a/indexed/bf16 O0/cuda_graph/cold: p50=65.840us
T=2048 R=32 down_a/indexed/bf16 O0/cuda_graph/hot: p50=58.848us
T=2048 R=32 down_a/indexed/bf16 O0/eager/cold: p50=66.576us
T=2048 R=32 down_a/indexed/bf16 O0/eager/hot: p50=60.768us
T=2048 R=32 down_finalize/bmm/bf16 O0/cuda_graph/cold: p50=176.896us
T=2048 R=32 down_finalize/bmm/bf16 O0/cuda_graph/hot: p50=177.600us
T=2048 R=32 down_finalize/bmm/bf16 O0/eager/cold: p50=185.408us
T=2048 R=32 down_finalize/bmm/bf16 O0/eager/hot: p50=182.784us
T=2048 R=32 down_finalize/segmented/bf16 O0/cuda_graph/cold: p50=471.808us
T=2048 R=32 down_finalize/segmented/bf16 O0/cuda_graph/hot: p50=471.008us
T=2048 R=32 down_finalize/segmented/bf16 O0/eager/cold: p50=517.856us
T=2048 R=32 down_finalize/segmented/bf16 O0/eager/hot: p50=519.328us
T=2048 R=32 down_finalize/aligned/bf16 O0/cuda_graph/cold: p50=127.744us
T=2048 R=32 down_finalize/aligned/bf16 O0/cuda_graph/hot: p50=128.448us
T=2048 R=32 down_finalize/aligned/bf16 O0/eager/cold: p50=303.104us
T=2048 R=32 down_finalize/aligned/bf16 O0/eager/hot: p50=352.672us
T=2048 R=32 down_finalize/indexed/bf16 O0/cuda_graph/cold: p50=277.504us
T=2048 R=32 down_finalize/indexed/bf16 O0/cuda_graph/hot: p50=275.904us
T=2048 R=32 down_finalize/indexed/bf16 O0/eager/cold: p50=277.248us
T=2048 R=32 down_finalize/indexed/bf16 O0/eager/hot: p50=275.072us
T=2048 R=32 down_finalize/one_shot_bf16/bf16 O0/cuda_graph/cold: p50=3708.400us
T=2048 R=32 down_finalize/one_shot_bf16/bf16 O0/cuda_graph/hot: p50=3706.320us
T=2048 R=32 down_finalize/one_shot_bf16/bf16 O0/eager/cold: p50=3712.384us
T=2048 R=32 down_finalize/one_shot_bf16/bf16 O0/eager/hot: p50=3711.184us
T=2048 R=32 down_finalize/one_shot_fp32/bf16 O0/cuda_graph/cold: p50=3649.296us
T=2048 R=32 down_finalize/one_shot_fp32/bf16 O0/cuda_graph/hot: p50=3648.496us
T=2048 R=32 down_finalize/one_shot_fp32/bf16 O0/eager/cold: p50=3653.312us
T=2048 R=32 down_finalize/one_shot_fp32/bf16 O0/eager/hot: p50=3652.352us
T=2048 R=64 gate_a/bmm/bf16 O0/cuda_graph/cold: p50=174.944us
T=2048 R=64 gate_a/bmm/bf16 O0/cuda_graph/hot: p50=173.520us
T=2048 R=64 gate_a/bmm/bf16 O0/eager/cold: p50=298.528us
T=2048 R=64 gate_a/bmm/bf16 O0/eager/hot: p50=362.928us
T=2048 R=64 gate_a/segmented/bf16 O0/cuda_graph/cold: p50=195.296us
T=2048 R=64 gate_a/segmented/bf16 O0/cuda_graph/hot: p50=183.776us
T=2048 R=64 gate_a/segmented/bf16 O0/eager/cold: p50=326.144us
T=2048 R=64 gate_a/segmented/bf16 O0/eager/hot: p50=385.504us
T=2048 R=64 gate_a/aligned/bf16 O0/cuda_graph/cold: p50=93.840us
T=2048 R=64 gate_a/aligned/bf16 O0/cuda_graph/hot: p50=85.440us
T=2048 R=64 gate_a/aligned/bf16 O0/eager/cold: p50=274.448us
T=2048 R=64 gate_a/aligned/bf16 O0/eager/hot: p50=333.744us
T=2048 R=64 gate_a/indexed/bf16 O0/cuda_graph/cold: p50=711.792us
T=2048 R=64 gate_a/indexed/bf16 O0/cuda_graph/hot: p50=705.984us
T=2048 R=64 gate_a/indexed/bf16 O0/eager/cold: p50=713.728us
T=2048 R=64 gate_a/indexed/bf16 O0/eager/hot: p50=708.000us
T=2048 R=64 gate_consumer/bmm/bf16 O0/cuda_graph/cold: p50=219.888us
T=2048 R=64 gate_consumer/bmm/bf16 O0/cuda_graph/hot: p50=218.592us
T=2048 R=64 gate_consumer/bmm/bf16 O0/eager/cold: p50=302.960us
T=2048 R=64 gate_consumer/bmm/bf16 O0/eager/hot: p50=367.792us
T=2048 R=64 gate_consumer/segmented/bf16 O0/cuda_graph/cold: p50=226.000us
T=2048 R=64 gate_consumer/segmented/bf16 O0/cuda_graph/hot: p50=214.464us
T=2048 R=64 gate_consumer/segmented/bf16 O0/eager/cold: p50=341.424us
T=2048 R=64 gate_consumer/segmented/bf16 O0/eager/hot: p50=397.760us
T=2048 R=64 gate_consumer/aligned/bf16 O0/cuda_graph/cold: p50=89.248us
T=2048 R=64 gate_consumer/aligned/bf16 O0/cuda_graph/hot: p50=77.248us
T=2048 R=64 gate_consumer/aligned/bf16 O0/eager/cold: p50=289.264us
T=2048 R=64 gate_consumer/aligned/bf16 O0/eager/hot: p50=357.968us
T=2048 R=64 gate_consumer/indexed/bf16 O0/cuda_graph/cold: p50=396.064us
T=2048 R=64 gate_consumer/indexed/bf16 O0/cuda_graph/hot: p50=388.576us
T=2048 R=64 gate_consumer/indexed/bf16 O0/eager/cold: p50=397.312us
T=2048 R=64 gate_consumer/indexed/bf16 O0/eager/hot: p50=390.800us
T=2048 R=64 down_a/bmm/bf16 O0/cuda_graph/cold: p50=148.464us
T=2048 R=64 down_a/bmm/bf16 O0/cuda_graph/hot: p50=142.736us
T=2048 R=64 down_a/bmm/bf16 O0/eager/cold: p50=275.344us
T=2048 R=64 down_a/bmm/bf16 O0/eager/hot: p50=343.808us
T=2048 R=64 down_a/segmented/bf16 O0/cuda_graph/cold: p50=146.368us
T=2048 R=64 down_a/segmented/bf16 O0/cuda_graph/hot: p50=140.736us
T=2048 R=64 down_a/segmented/bf16 O0/eager/cold: p50=316.000us
T=2048 R=64 down_a/segmented/bf16 O0/eager/hot: p50=374.960us
T=2048 R=64 down_a/aligned/bf16 O0/cuda_graph/cold: p50=56.064us
T=2048 R=64 down_a/aligned/bf16 O0/cuda_graph/hot: p50=46.560us
T=2048 R=64 down_a/aligned/bf16 O0/eager/cold: p50=258.096us
T=2048 R=64 down_a/aligned/bf16 O0/eager/hot: p50=328.512us
T=2048 R=64 down_a/indexed/bf16 O0/cuda_graph/cold: p50=115.520us
T=2048 R=64 down_a/indexed/bf16 O0/cuda_graph/hot: p50=110.016us
T=2048 R=64 down_a/indexed/bf16 O0/eager/cold: p50=117.280us
T=2048 R=64 down_a/indexed/bf16 O0/eager/hot: p50=112.000us
T=2048 R=64 down_finalize/bmm/bf16 O0/cuda_graph/cold: p50=173.584us
T=2048 R=64 down_finalize/bmm/bf16 O0/cuda_graph/hot: p50=173.504us
T=2048 R=64 down_finalize/bmm/bf16 O0/eager/cold: p50=181.424us
T=2048 R=64 down_finalize/bmm/bf16 O0/eager/hot: p50=179.728us
T=2048 R=64 down_finalize/segmented/bf16 O0/cuda_graph/cold: p50=471.088us
T=2048 R=64 down_finalize/segmented/bf16 O0/cuda_graph/hot: p50=472.544us
T=2048 R=64 down_finalize/segmented/bf16 O0/eager/cold: p50=516.224us
T=2048 R=64 down_finalize/segmented/bf16 O0/eager/hot: p50=515.520us
T=2048 R=64 down_finalize/aligned/bf16 O0/cuda_graph/cold: p50=146.208us
T=2048 R=64 down_finalize/aligned/bf16 O0/cuda_graph/hot: p50=144.816us
T=2048 R=64 down_finalize/aligned/bf16 O0/eager/cold: p50=304.128us
T=2048 R=64 down_finalize/aligned/bf16 O0/eager/hot: p50=359.824us
T=2048 R=64 down_finalize/indexed/bf16 O0/cuda_graph/cold: p50=465.568us
T=2048 R=64 down_finalize/indexed/bf16 O0/cuda_graph/hot: p50=458.176us
T=2048 R=64 down_finalize/indexed/bf16 O0/eager/cold: p50=463.248us
T=2048 R=64 down_finalize/indexed/bf16 O0/eager/hot: p50=457.136us
T=2048 R=64 down_finalize/one_shot_bf16/bf16 O0/cuda_graph/cold: p50=5829.408us
T=2048 R=64 down_finalize/one_shot_bf16/bf16 O0/cuda_graph/hot: p50=5829.584us
T=2048 R=64 down_finalize/one_shot_bf16/bf16 O0/eager/cold: p50=5835.776us
T=2048 R=64 down_finalize/one_shot_bf16/bf16 O0/eager/hot: p50=5834.336us
T=2048 R=64 down_finalize/one_shot_fp32/bf16 O0/cuda_graph/cold: p50=5769.968us
T=2048 R=64 down_finalize/one_shot_fp32/bf16 O0/cuda_graph/hot: p50=5767.616us
T=2048 R=64 down_finalize/one_shot_fp32/bf16 O0/eager/cold: p50=5772.368us
T=2048 R=64 down_finalize/one_shot_fp32/bf16 O0/eager/hot: p50=5770.496us
T=2048 R=128 gate_a/bmm/bf16 O0/cuda_graph/cold: p50=183.152us
T=2048 R=128 gate_a/bmm/bf16 O0/cuda_graph/hot: p50=183.744us
T=2048 R=128 gate_a/bmm/bf16 O0/eager/cold: p50=304.416us
T=2048 R=128 gate_a/bmm/bf16 O0/eager/hot: p50=366.112us
T=2048 R=128 gate_a/segmented/bf16 O0/cuda_graph/cold: p50=232.704us
T=2048 R=128 gate_a/segmented/bf16 O0/cuda_graph/hot: p50=227.760us
T=2048 R=128 gate_a/segmented/bf16 O0/eager/cold: p50=313.344us
T=2048 R=128 gate_a/segmented/bf16 O0/eager/hot: p50=385.152us
T=2048 R=128 gate_a/aligned/bf16 O0/cuda_graph/cold: p50=133.920us
T=2048 R=128 gate_a/aligned/bf16 O0/cuda_graph/hot: p50=126.432us
T=2048 R=128 gate_a/aligned/bf16 O0/eager/cold: p50=263.696us
T=2048 R=128 gate_a/aligned/bf16 O0/eager/hot: p50=326.976us
T=2048 R=128 gate_a/indexed/bf16 O0/cuda_graph/cold: p50=1408.688us
T=2048 R=128 gate_a/indexed/bf16 O0/cuda_graph/hot: p50=1401.312us
T=2048 R=128 gate_a/indexed/bf16 O0/eager/cold: p50=1410.064us
T=2048 R=128 gate_a/indexed/bf16 O0/eager/hot: p50=1402.912us
T=2048 R=128 gate_consumer/bmm/bf16 O0/cuda_graph/cold: p50=226.032us
T=2048 R=128 gate_consumer/bmm/bf16 O0/cuda_graph/hot: p50=224.752us
T=2048 R=128 gate_consumer/bmm/bf16 O0/eager/cold: p50=311.648us
T=2048 R=128 gate_consumer/bmm/bf16 O0/eager/hot: p50=377.472us
T=2048 R=128 gate_consumer/segmented/bf16 O0/cuda_graph/cold: p50=259.808us
T=2048 R=128 gate_consumer/segmented/bf16 O0/cuda_graph/hot: p50=253.344us
T=2048 R=128 gate_consumer/segmented/bf16 O0/eager/cold: p50=329.792us
T=2048 R=128 gate_consumer/segmented/bf16 O0/eager/hot: p50=398.384us
T=2048 R=128 gate_consumer/aligned/bf16 O0/cuda_graph/cold: p50=121.744us
T=2048 R=128 gate_consumer/aligned/bf16 O0/cuda_graph/hot: p50=114.144us
T=2048 R=128 gate_consumer/aligned/bf16 O0/eager/cold: p50=282.608us
T=2048 R=128 gate_consumer/aligned/bf16 O0/eager/hot: p50=353.744us
T=2048 R=128 gate_consumer/indexed/bf16 O0/cuda_graph/cold: p50=803.616us
T=2048 R=128 gate_consumer/indexed/bf16 O0/cuda_graph/hot: p50=781.728us
T=2048 R=128 gate_consumer/indexed/bf16 O0/eager/cold: p50=804.864us
T=2048 R=128 gate_consumer/indexed/bf16 O0/eager/hot: p50=783.552us
T=2048 R=128 down_a/bmm/bf16 O0/cuda_graph/cold: p50=153.616us
T=2048 R=128 down_a/bmm/bf16 O0/cuda_graph/hot: p50=144.848us
T=2048 R=128 down_a/bmm/bf16 O0/eager/cold: p50=274.368us
T=2048 R=128 down_a/bmm/bf16 O0/eager/hot: p50=341.312us
T=2048 R=128 down_a/segmented/bf16 O0/cuda_graph/cold: p50=162.944us
T=2048 R=128 down_a/segmented/bf16 O0/cuda_graph/hot: p50=155.072us
T=2048 R=128 down_a/segmented/bf16 O0/eager/cold: p50=315.856us
T=2048 R=128 down_a/segmented/bf16 O0/eager/hot: p50=378.064us
T=2048 R=128 down_a/aligned/bf16 O0/cuda_graph/cold: p50=60.160us
T=2048 R=128 down_a/aligned/bf16 O0/cuda_graph/hot: p50=52.672us
T=2048 R=128 down_a/aligned/bf16 O0/eager/cold: p50=248.544us
T=2048 R=128 down_a/aligned/bf16 O0/eager/hot: p50=323.568us
T=2048 R=128 down_a/indexed/bf16 O0/cuda_graph/cold: p50=217.888us
T=2048 R=128 down_a/indexed/bf16 O0/cuda_graph/hot: p50=212.416us
T=2048 R=128 down_a/indexed/bf16 O0/eager/cold: p50=219.424us
T=2048 R=128 down_a/indexed/bf16 O0/eager/hot: p50=214.368us
T=2048 R=128 down_finalize/bmm/bf16 O0/cuda_graph/cold: p50=177.152us
T=2048 R=128 down_finalize/bmm/bf16 O0/cuda_graph/hot: p50=175.552us
T=2048 R=128 down_finalize/bmm/bf16 O0/eager/cold: p50=186.352us
T=2048 R=128 down_finalize/bmm/bf16 O0/eager/hot: p50=182.720us
T=2048 R=128 down_finalize/segmented/bf16 O0/cuda_graph/cold: p50=481.312us
T=2048 R=128 down_finalize/segmented/bf16 O0/cuda_graph/hot: p50=478.624us
T=2048 R=128 down_finalize/segmented/bf16 O0/eager/cold: p50=525.136us
T=2048 R=128 down_finalize/segmented/bf16 O0/eager/hot: p50=526.800us
T=2048 R=128 down_finalize/aligned/bf16 O0/cuda_graph/cold: p50=174.928us
T=2048 R=128 down_finalize/aligned/bf16 O0/cuda_graph/hot: p50=175.584us
T=2048 R=128 down_finalize/aligned/bf16 O0/eager/cold: p50=309.712us
T=2048 R=128 down_finalize/aligned/bf16 O0/eager/hot: p50=363.984us
T=2048 R=128 down_finalize/indexed/bf16 O0/cuda_graph/cold: p50=1313.536us
T=2048 R=128 down_finalize/indexed/bf16 O0/cuda_graph/hot: p50=1255.872us
T=2048 R=128 down_finalize/indexed/bf16 O0/eager/cold: p50=1311.888us
T=2048 R=128 down_finalize/indexed/bf16 O0/eager/hot: p50=1256.880us
T=2048 R=128 down_finalize/one_shot_bf16/bf16 O0/cuda_graph/cold: p50=10072.816us
T=2048 R=128 down_finalize/one_shot_bf16/bf16 O0/cuda_graph/hot: p50=10070.496us
T=2048 R=128 down_finalize/one_shot_bf16/bf16 O0/eager/cold: p50=10076.512us
T=2048 R=128 down_finalize/one_shot_bf16/bf16 O0/eager/hot: p50=10074.752us
T=2048 R=128 down_finalize/one_shot_fp32/bf16 O0/cuda_graph/cold: p50=10169.632us
T=2048 R=128 down_finalize/one_shot_fp32/bf16 O0/cuda_graph/hot: p50=10176.960us
T=2048 R=128 down_finalize/one_shot_fp32/bf16 O0/eager/cold: p50=10173.440us
T=2048 R=128 down_finalize/one_shot_fp32/bf16 O0/eager/hot: p50=10172.096us
