device,scope,tokens,rank,site,accumulation,execution,cache_state,winner,winner_median_p50_us,runner_up,runner_up_median_p50_us,runner_up_slower_pct,per_order_winners,order_stable
gb300,K0,1,128,down_a,bf16,cuda_graph,cold,aligned,10.999999940395355,indexed,12.015999993309379,9.236364167448418,"{""forward"": ""aligned"", ""reverse"": ""aligned""}",True
gb300,K0,1,128,down_a,bf16,cuda_graph,hot,indexed,9.888000320643187,segmented,10.079999919980764,1.9417434578429482,"{""forward"": ""indexed"", ""reverse"": ""indexed""}",True
gb300,K0,1,128,down_a,bf16,eager,cold,aligned,11.224000016227365,indexed,12.152000097557902,8.26799786162562,"{""forward"": ""aligned"", ""reverse"": ""aligned""}",True
gb300,K0,1,128,down_a,bf16,eager,hot,indexed,46.07200063765049,segmented,48.303999938070774,4.844589489340034,"{""forward"": ""indexed"", ""reverse"": ""indexed""}",True
gb300,K0,1,128,down_finalize,bf16,cuda_graph,cold,segmented,13.088000006973743,aligned,13.552000047639012,3.5452325826561326,"{""forward"": ""segmented"", ""reverse"": ""segmented""}",True
gb300,K0,1,128,down_finalize,bf16,cuda_graph,hot,indexed,10.032000252977014,segmented,10.27199998497963,2.3923417658546775,"{""forward"": ""indexed"", ""reverse"": ""indexed""}",True
gb300,K0,1,128,down_finalize,bf16,eager,cold,indexed,13.063999824225903,segmented,16.168000176548958,23.759954026997086,"{""forward"": ""indexed"", ""reverse"": ""indexed""}",True
gb300,K0,1,128,down_finalize,bf16,eager,hot,indexed,37.66400087624788,one_shot_bf16,69.47999820113182,84.47322797549137,"{""forward"": ""indexed"", ""reverse"": ""indexed""}",True
gb300,K0,1,128,gate_a,bf16,cuda_graph,cold,aligned,15.120000345632434,indexed,21.263999864459038,40.634916523671635,"{""forward"": ""aligned"", ""reverse"": ""aligned""}",True
gb300,K0,1,128,gate_a,bf16,cuda_graph,hot,aligned,10.983999818563461,indexed,13.351999688893557,21.55862991119197,"{""forward"": ""aligned"", ""reverse"": ""aligned""}",True
gb300,K0,1,128,gate_a,bf16,eager,cold,aligned,15.343999955803156,indexed,21.503999829292297,40.14598469259907,"{""forward"": ""aligned"", ""reverse"": ""aligned""}",True
gb300,K0,1,128,gate_a,bf16,eager,hot,indexed,48.69599919766188,segmented,50.91199930757284,4.550682081531998,"{""forward"": ""indexed"", ""reverse"": ""indexed""}",True
gb300,K0,1,128,gate_consumer,bf16,cuda_graph,cold,aligned,13.111999724060297,segmented,13.11199995689094,1.775706603979188e-06,"{""forward"": ""segmented"", ""reverse"": ""aligned""}",False
gb300,K0,1,128,gate_consumer,bf16,cuda_graph,hot,aligned,9.927999693900347,segmented,10.207999963313341,2.8203090052976387,"{""forward"": ""aligned"", ""reverse"": ""aligned""}",True
gb300,K0,1,128,gate_consumer,bf16,eager,cold,segmented,14.288000063970685,aligned,14.296000124886632,0.0559914675261064,"{""forward"": ""segmented"", ""reverse"": ""aligned""}",False
gb300,K0,1,128,gate_consumer,bf16,eager,hot,segmented,57.96799995005131,indexed,66.94400124251842,15.48440743203383,"{""forward"": ""segmented"", ""reverse"": ""segmented""}",True
gb300,K0,1,16,down_a,bf16,cuda_graph,cold,aligned,10.03200002014637,indexed,11.040000012144446,10.047846790009963,"{""forward"": ""aligned"", ""reverse"": ""aligned""}",True
gb300,K0,1,16,down_a,bf16,cuda_graph,hot,segmented,10.199999902397394,indexed,10.368000017479062,1.6470599675415754,"{""forward"": ""segmented"", ""reverse"": ""indexed""}",False
gb300,K0,1,16,down_a,bf16,eager,cold,indexed,11.264000087976456,aligned,11.264000087976456,0.0,"{""forward"": ""aligned"", ""reverse"": ""aligned""}",True
gb300,K0,1,16,down_a,bf16,eager,hot,segmented,44.456000439822674,indexed,48.45600016415119,8.997659899124466,"{""forward"": ""segmented"", ""reverse"": ""indexed""}",False
gb300,K0,1,16,down_finalize,bf16,cuda_graph,cold,indexed,10.856000008061528,aligned,11.063999962061644,1.915990731813344,"{""forward"": ""indexed"", ""reverse"": ""indexed""}",True
gb300,K0,1,16,down_finalize,bf16,cuda_graph,hot,aligned,10.239999741315842,indexed,10.344000067561865,1.0156282116532411,"{""forward"": ""segmented"", ""reverse"": ""aligned""}",False
gb300,K0,1,16,down_finalize,bf16,eager,cold,indexed,8.791999891400337,segmented,15.65600000321865,78.07097584853425,"{""forward"": ""indexed"", ""reverse"": ""indexed""}",True
gb300,K0,1,16,down_finalize,bf16,eager,hot,indexed,36.48799937218428,one_shot_fp32,67.18400120735168,84.1262945717099,"{""forward"": ""indexed"", ""reverse"": ""indexed""}",True
gb300,K0,1,16,gate_a,bf16,cuda_graph,cold,aligned,13.047999935224652,bmm,19.128000363707542,46.597183159613564,"{""forward"": ""aligned"", ""reverse"": ""aligned""}",True
gb300,K0,1,16,gate_a,bf16,cuda_graph,hot,aligned,10.440000100061297,indexed,12.904000002890825,23.60153141009127,"{""forward"": ""aligned"", ""reverse"": ""aligned""}",True
gb300,K0,1,16,gate_a,bf16,eager,cold,aligned,13.152000028640032,indexed,20.83999989554286,58.45498669526536,"{""forward"": ""aligned"", ""reverse"": ""aligned""}",True
gb300,K0,1,16,gate_a,bf16,eager,hot,indexed,47.40800056606531,segmented,53.04799973964691,11.896724405666493,"{""forward"": ""indexed"", ""reverse"": ""indexed""}",True
gb300,K0,1,16,gate_consumer,bf16,cuda_graph,cold,segmented,13.047999935224652,aligned,13.815999729558825,5.885957987023471,"{""forward"": ""segmented"", ""reverse"": ""segmented""}",True
gb300,K0,1,16,gate_consumer,bf16,cuda_graph,hot,aligned,10.352000128477812,segmented,10.40799985639751,0.5409556339324828,"{""forward"": ""segmented"", ""reverse"": ""aligned""}",False
gb300,K0,1,16,gate_consumer,bf16,eager,cold,segmented,13.648000080138445,aligned,15.248000621795654,11.723333325485875,"{""forward"": ""segmented"", ""reverse"": ""segmented""}",True
gb300,K0,1,16,gate_consumer,bf16,eager,hot,segmented,57.7839994803071,indexed,70.61599940061569,22.206839325273364,"{""forward"": ""segmented"", ""reverse"": ""segmented""}",True
gb300,K0,1,32,down_a,bf16,cuda_graph,cold,aligned,9.848000016063452,indexed,10.999999707564712,11.697803509567306,"{""forward"": ""aligned"", ""reverse"": ""aligned""}",True
gb300,K0,1,32,down_a,bf16,cuda_graph,hot,indexed,10.05600020289421,segmented,11.263999855145812,12.01272501868016,"{""forward"": ""indexed"", ""reverse"": ""aligned""}",False
gb300,K0,1,32,down_a,bf16,eager,cold,indexed,11.264000087976456,aligned,11.464000213891268,1.7755692858019367,"{""forward"": ""indexed"", ""reverse"": ""aligned""}",False
gb300,K0,1,32,down_a,bf16,eager,hot,indexed,45.96799984574318,segmented,55.6000005453825,20.953708518886714,"{""forward"": ""indexed"", ""reverse"": ""indexed""}",True
gb300,K0,1,32,down_finalize,bf16,cuda_graph,cold,indexed,12.248000130057335,aligned,13.048000168055296,6.53167888229127,"{""forward"": ""indexed"", ""reverse"": ""indexed""}",True
gb300,K0,1,32,down_finalize,bf16,cuda_graph,hot,indexed,9.67200007289648,aligned,10.015999898314476,3.5566565635372083,"{""forward"": ""aligned"", ""reverse"": ""indexed""}",False
gb300,K0,1,32,down_finalize,bf16,eager,cold,indexed,11.095999972894788,aligned,16.07200037688017,44.84499293565891,"{""forward"": ""indexed"", ""reverse"": ""indexed""}",True
gb300,K0,1,32,down_finalize,bf16,eager,hot,indexed,34.59199983626604,segmented,67.60800257325172,95.44404166645464,"{""forward"": ""indexed"", ""reverse"": ""indexed""}",True
gb300,K0,1,32,gate_a,bf16,cuda_graph,cold,aligned,13.07199988514185,indexed,21.27999998629093,62.79069899991827,"{""forward"": ""aligned"", ""reverse"": ""aligned""}",True
gb300,K0,1,32,gate_a,bf16,cuda_graph,hot,aligned,10.06399979814887,indexed,13.69599997997284,36.08903273718291,"{""forward"": ""aligned"", ""reverse"": ""aligned""}",True
gb300,K0,1,32,gate_a,bf16,eager,cold,aligned,13.295999728143215,indexed,21.47199958562851,61.49217828411517,"{""forward"": ""aligned"", ""reverse"": ""aligned""}",True
gb300,K0,1,32,gate_a,bf16,eager,hot,indexed,44.69600040465593,segmented,48.88799972832203,9.37891374108144,"{""forward"": ""indexed"", ""reverse"": ""indexed""}",True
gb300,K0,1,32,gate_consumer,bf16,cuda_graph,cold,segmented,11.399999726563692,aligned,13.055999763309956,14.526316460232348,"{""forward"": ""segmented"", ""reverse"": ""segmented""}",True
gb300,K0,1,32,gate_consumer,bf16,cuda_graph,hot,segmented,10.175999952480197,aligned,10.480000171810389,2.9874235529658844,"{""forward"": ""segmented"", ""reverse"": ""segmented""}",True
gb300,K0,1,32,gate_consumer,bf16,eager,cold,segmented,12.519999872893095,aligned,14.18400020338595,13.290737598932111,"{""forward"": ""segmented"", ""reverse"": ""segmented""}",True
gb300,K0,1,32,gate_consumer,bf16,eager,hot,segmented,54.18400000780821,indexed,65.5519999563694,20.980363108893773,"{""forward"": ""segmented"", ""reverse"": ""segmented""}",True
gb300,K0,1,64,down_a,bf16,cuda_graph,cold,aligned,10.999999940395355,indexed,12.848000042140484,16.800001015988265,"{""forward"": ""aligned"", ""reverse"": ""aligned""}",True
gb300,K0,1,64,down_a,bf16,cuda_graph,hot,aligned,9.944000281393528,indexed,9.967999998480082,0.24134871688872295,"{""forward"": ""aligned"", ""reverse"": ""indexed""}",False
gb300,K0,1,64,down_a,bf16,eager,cold,aligned,11.176000349223614,indexed,12.21600011922419,9.305652626190408,"{""forward"": ""aligned"", ""reverse"": ""aligned""}",True
gb300,K0,1,64,down_a,bf16,eager,hot,indexed,46.91999964416027,segmented,50.97599979490042,8.644501665602554,"{""forward"": ""indexed"", ""reverse"": ""indexed""}",True
gb300,K0,1,64,down_finalize,bf16,cuda_graph,cold,segmented,13.07199988514185,aligned,13.103999895974994,0.2447981266394894,"{""forward"": ""segmented"", ""reverse"": ""segmented""}",True
gb300,K0,1,64,down_finalize,bf16,cuda_graph,hot,indexed,9.983999887481332,segmented,10.015999898314476,0.3205129326300238,"{""forward"": ""aligned"", ""reverse"": ""segmented""}",False
gb300,K0,1,64,down_finalize,bf16,eager,cold,indexed,13.0879997741431,segmented,16.359999775886536,25.00000044474069,"{""forward"": ""indexed"", ""reverse"": ""indexed""}",True
gb300,K0,1,64,down_finalize,bf16,eager,hot,indexed,35.60799919068813,segmented,68.95199976861477,93.64188198096355,"{""forward"": ""indexed"", ""reverse"": ""indexed""}",True
gb300,K0,1,64,gate_a,bf16,cuda_graph,cold,aligned,13.272000011056662,indexed,21.271999925374985,60.27727477135072,"{""forward"": ""aligned"", ""reverse"": ""aligned""}",True
gb300,K0,1,64,gate_a,bf16,cuda_graph,hot,aligned,10.152000002563,indexed,13.655999908223748,34.51536549227856,"{""forward"": ""aligned"", ""reverse"": ""aligned""}",True
gb300,K0,1,64,gate_a,bf16,eager,cold,aligned,13.304000021889806,indexed,21.487999707460403,61.51533126958066,"{""forward"": ""aligned"", ""reverse"": ""aligned""}",True
gb300,K0,1,64,gate_a,bf16,eager,hot,indexed,48.27999975532293,segmented,49.51199982315302,2.5517814293158914,"{""forward"": ""indexed"", ""reverse"": ""indexed""}",True
gb300,K0,1,64,gate_consumer,bf16,cuda_graph,cold,aligned,13.063999824225903,segmented,13.088000006973743,0.18371236275842584,"{""forward"": ""aligned"", ""reverse"": ""aligned""}",True
gb300,K0,1,64,gate_consumer,bf16,cuda_graph,hot,aligned,9.927999693900347,segmented,9.992000181227922,0.6446463467046248,"{""forward"": ""segmented"", ""reverse"": ""aligned""}",False
gb300,K0,1,64,gate_consumer,bf16,eager,cold,segmented,13.303999789059162,aligned,14.39199992455542,8.177992729607531,"{""forward"": ""segmented"", ""reverse"": ""segmented""}",True
gb300,K0,1,64,gate_consumer,bf16,eager,hot,segmented,56.007999926805496,indexed,72.4399983882904,29.338663196256242,"{""forward"": ""segmented"", ""reverse"": ""segmented""}",True
gb300,K0,2048,128,down_a,bf16,cuda_graph,cold,aligned,24.735999759286642,segmented,29.464000836014748,19.11384671223193,"{""forward"": ""aligned"", ""reverse"": ""aligned""}",True
gb300,K0,2048,128,down_a,bf16,cuda_graph,hot,aligned,22.95999974012375,segmented,28.168000280857086,22.682929441118826,"{""forward"": ""aligned"", ""reverse"": ""aligned""}",True
gb300,K0,2048,128,down_a,bf16,eager,cold,aligned,25.439999531954527,segmented,30.94399906694889,21.635218695978864,"{""forward"": ""aligned"", ""reverse"": ""aligned""}",True
gb300,K0,2048,128,down_a,bf16,eager,hot,segmented,50.20000133663416,aligned,52.15200036764145,3.8884441813406667,"{""forward"": ""segmented"", ""reverse"": ""segmented""}",True
gb300,K0,2048,128,down_finalize,bf16,cuda_graph,cold,aligned,142.11999624967575,bmm,177.92000621557236,25.189987975374926,"{""forward"": ""aligned"", ""reverse"": ""aligned""}",True
gb300,K0,2048,128,down_finalize,bf16,cuda_graph,hot,aligned,141.38399809598923,bmm,176.4799989759922,24.82317755378187,"{""forward"": ""aligned"", ""reverse"": ""aligned""}",True
gb300,K0,2048,128,down_finalize,bf16,eager,cold,aligned,145.60000225901604,bmm,186.42399832606316,28.038458402234777,"{""forward"": ""aligned"", ""reverse"": ""aligned""}",True
gb300,K0,2048,128,down_finalize,bf16,eager,hot,aligned,144.84000205993652,bmm,183.72799828648567,26.848933770697435,"{""forward"": ""aligned"", ""reverse"": ""aligned""}",True
gb300,K0,2048,128,gate_a,bf16,cuda_graph,cold,bmm,70.70400007069111,aligned,99.08800199627876,40.14483183017767,"{""forward"": ""bmm"", ""reverse"": ""bmm""}",True
gb300,K0,2048,128,gate_a,bf16,cuda_graph,hot,bmm,71.1359977722168,aligned,95.79999931156635,34.67161818454516,"{""forward"": ""bmm"", ""reverse"": ""bmm""}",True
gb300,K0,2048,128,gate_a,bf16,eager,cold,bmm,79.29599843919277,aligned,100.46399757266045,26.69491468689951,"{""forward"": ""bmm"", ""reverse"": ""bmm""}",True
gb300,K0,2048,128,gate_a,bf16,eager,hot,aligned,98.35199825465679,segmented,101.75999999046326,3.4651067556170423,"{""forward"": ""aligned"", ""reverse"": ""aligned""}",True
gb300,K0,2048,128,gate_consumer,bf16,cuda_graph,cold,aligned,94.68000009655952,segmented,139.41600173711777,47.24968482777163,"{""forward"": ""aligned"", ""reverse"": ""aligned""}",True
gb300,K0,2048,128,gate_consumer,bf16,cuda_graph,hot,aligned,81.39200136065483,segmented,128.51200252771378,57.89266805010267,"{""forward"": ""aligned"", ""reverse"": ""aligned""}",True
gb300,K0,2048,128,gate_consumer,bf16,eager,cold,aligned,95.22400237619877,segmented,139.6079994738102,46.61009408349044,"{""forward"": ""aligned"", ""reverse"": ""aligned""}",True
gb300,K0,2048,128,gate_consumer,bf16,eager,hot,aligned,85.27200110256672,segmented,132.27999582886696,55.12711572202718,"{""forward"": ""aligned"", ""reverse"": ""aligned""}",True
gb300,K0,2048,16,down_a,bf16,cuda_graph,cold,aligned,15.13600000180304,segmented,19.272000063210726,27.325581797799913,"{""forward"": ""aligned"", ""reverse"": ""aligned""}",True
gb300,K0,2048,16,down_a,bf16,cuda_graph,hot,aligned,13.696000212803483,segmented,17.88800023496151,30.607476321730797,"{""forward"": ""aligned"", ""reverse"": ""aligned""}",True
gb300,K0,2048,16,down_a,bf16,eager,cold,aligned,16.37599989771843,segmented,20.303999539464712,23.986319408157474,"{""forward"": ""aligned"", ""reverse"": ""aligned""}",True
gb300,K0,2048,16,down_a,bf16,eager,hot,aligned,46.76800034940243,segmented,48.69600012898445,4.122476405187281,"{""forward"": ""aligned"", ""reverse"": ""aligned""}",True
gb300,K0,2048,16,down_finalize,bf16,cuda_graph,cold,aligned,84.40799824893475,bmm,176.92800238728523,109.61047063986986,"{""forward"": ""aligned"", ""reverse"": ""aligned""}",True
gb300,K0,2048,16,down_finalize,bf16,cuda_graph,hot,aligned,84.20000039041042,bmm,175.58399587869644,108.5320606467524,"{""forward"": ""aligned"", ""reverse"": ""aligned""}",True
gb300,K0,2048,16,down_finalize,bf16,eager,cold,aligned,88.70400115847588,bmm,183.60000476241112,106.98052214622984,"{""forward"": ""aligned"", ""reverse"": ""aligned""}",True
gb300,K0,2048,16,down_finalize,bf16,eager,hot,aligned,87.34400197863579,bmm,183.16800147294998,109.70873479984648,"{""forward"": ""aligned"", ""reverse"": ""aligned""}",True
gb300,K0,2048,16,gate_a,bf16,cuda_graph,cold,aligned,29.448000714182854,segmented,39.72000069916248,34.88182469389982,"{""forward"": ""aligned"", ""reverse"": ""aligned""}",True
gb300,K0,2048,16,gate_a,bf16,cuda_graph,hot,aligned,28.111999854445457,segmented,38.35200145840645,36.42573156296349,"{""forward"": ""aligned"", ""reverse"": ""aligned""}",True
gb300,K0,2048,16,gate_a,bf16,eager,cold,aligned,30.719999223947525,segmented,40.75999930500984,32.682292756165566,"{""forward"": ""aligned"", ""reverse"": ""aligned""}",True
gb300,K0,2048,16,gate_a,bf16,eager,hot,aligned,51.952000707387924,segmented,52.91199963539839,1.8478574740894427,"{""forward"": ""aligned"", ""reverse"": ""aligned""}",True
gb300,K0,2048,16,gate_consumer,bf16,cuda_graph,cold,aligned,66.35999865829945,segmented,115.65599963068962,74.28571725298683,"{""forward"": ""aligned"", ""reverse"": ""aligned""}",True
gb300,K0,2048,16,gate_consumer,bf16,cuda_graph,hot,aligned,52.983999252319336,segmented,107.2160005569458,102.35543196043757,"{""forward"": ""aligned"", ""reverse"": ""aligned""}",True
gb300,K0,2048,16,gate_consumer,bf16,eager,cold,aligned,67.58400052785873,segmented,116.72800220549107,72.7154375204154,"{""forward"": ""aligned"", ""reverse"": ""aligned""}",True
gb300,K0,2048,16,gate_consumer,bf16,eager,hot,aligned,75.85600018501282,segmented,107.87200182676315,42.206287655114025,"{""forward"": ""aligned"", ""reverse"": ""aligned""}",True
gb300,K0,2048,32,down_a,bf16,cuda_graph,cold,aligned,17.016000114381313,segmented,19.208000507205725,12.881995639926046,"{""forward"": ""aligned"", ""reverse"": ""aligned""}",True
gb300,K0,2048,32,down_a,bf16,cuda_graph,hot,aligned,14.303999952971935,segmented,17.880000174045563,25.000001627731017,"{""forward"": ""aligned"", ""reverse"": ""aligned""}",True
gb300,K0,2048,32,down_a,bf16,eager,cold,aligned,17.928000539541245,segmented,20.57599974796176,14.770187018793312,"{""forward"": ""aligned"", ""reverse"": ""aligned""}",True
gb300,K0,2048,32,down_a,bf16,eager,hot,aligned,47.263999469578266,segmented,49.75199978798628,5.264049480216815,"{""forward"": ""aligned"", ""reverse"": ""aligned""}",True
gb300,K0,2048,32,down_finalize,bf16,cuda_graph,cold,aligned,93.04000064730644,bmm,177.24000290036201,90.49871202413111,"{""forward"": ""aligned"", ""reverse"": ""aligned""}",True
gb300,K0,2048,32,down_finalize,bf16,cuda_graph,hot,aligned,92.6399976015091,bmm,176.59199982881546,90.62176640852893,"{""forward"": ""aligned"", ""reverse"": ""aligned""}",True
gb300,K0,2048,32,down_finalize,bf16,eager,cold,aligned,96.55200317502022,bmm,185.55999919772148,92.18658660178815,"{""forward"": ""aligned"", ""reverse"": ""aligned""}",True
gb300,K0,2048,32,down_finalize,bf16,eager,hot,aligned,95.78399918973446,bmm,183.74400585889816,91.83162888712492,"{""forward"": ""aligned"", ""reverse"": ""aligned""}",True
gb300,K0,2048,32,gate_a,bf16,cuda_graph,cold,segmented,34.75999925285578,aligned,36.607999354600906,5.3164561031838975,"{""forward"": ""segmented"", ""reverse"": ""segmented""}",True
gb300,K0,2048,32,gate_a,bf16,cuda_graph,hot,segmented,34.223999828100204,aligned,34.82399974018335,1.7531554321435827,"{""forward"": ""segmented"", ""reverse"": ""segmented""}",True
gb300,K0,2048,32,gate_a,bf16,eager,cold,aligned,37.86400146782398,segmented,37.880001589655876,0.04225681706011564,"{""forward"": ""aligned"", ""reverse"": ""aligned""}",True
gb300,K0,2048,32,gate_a,bf16,eager,hot,segmented,52.12800018489361,aligned,52.93599981814623,1.5500299846276766,"{""forward"": ""segmented"", ""reverse"": ""segmented""}",True
gb300,K0,2048,32,gate_consumer,bf16,cuda_graph,cold,aligned,43.512001633644104,segmented,80.63200302422047,85.30979958843044,"{""forward"": ""aligned"", ""reverse"": ""aligned""}",True
gb300,K0,2048,32,gate_consumer,bf16,cuda_graph,hot,aligned,33.5119990631938,segmented,80.35200089216232,139.77083772484602,"{""forward"": ""aligned"", ""reverse"": ""aligned""}",True
gb300,K0,2048,32,gate_consumer,bf16,eager,cold,aligned,43.56000013649464,segmented,81.91999793052673,88.06243726774929,"{""forward"": ""aligned"", ""reverse"": ""aligned""}",True
gb300,K0,2048,32,gate_consumer,bf16,eager,hot,aligned,76.45599916577339,segmented,81.32800087332726,6.372294863337391,"{""forward"": ""aligned"", ""reverse"": ""aligned""}",True
gb300,K0,2048,64,down_a,bf16,cuda_graph,cold,aligned,18.368000630289316,segmented,19.223999697715044,4.660273508561197,"{""forward"": ""aligned"", ""reverse"": ""aligned""}",True
gb300,K0,2048,64,down_a,bf16,cuda_graph,hot,aligned,16.82399958372116,segmented,17.960000317543745,6.752263206911713,"{""forward"": ""aligned"", ""reverse"": ""aligned""}",True
gb300,K0,2048,64,down_a,bf16,eager,cold,aligned,21.13599982112646,segmented,21.49599976837635,1.7032548746052312,"{""forward"": ""aligned"", ""reverse"": ""segmented""}",False
gb300,K0,2048,64,down_a,bf16,eager,hot,segmented,48.67199994623661,aligned,49.135999754071236,0.9533197903253576,"{""forward"": ""segmented"", ""reverse"": ""segmented""}",True
gb300,K0,2048,64,down_finalize,bf16,cuda_graph,cold,aligned,109.31999795138836,bmm,174.00000244379044,59.165757139113296,"{""forward"": ""aligned"", ""reverse"": ""aligned""}",True
gb300,K0,2048,64,down_finalize,bf16,cuda_graph,hot,aligned,110.03200337290764,bmm,173.51199686527252,57.6923000095035,"{""forward"": ""aligned"", ""reverse"": ""aligned""}",True
gb300,K0,2048,64,down_finalize,bf16,eager,cold,aligned,113.11199702322483,bmm,181.60000070929527,60.54884140362944,"{""forward"": ""aligned"", ""reverse"": ""aligned""}",True
gb300,K0,2048,64,down_finalize,bf16,eager,hot,aligned,112.33599670231342,bmm,180.94400316476822,61.07392863951142,"{""forward"": ""aligned"", ""reverse"": ""aligned""}",True
gb300,K0,2048,64,gate_a,bf16,cuda_graph,cold,bmm,54.248000495135784,aligned,57.46399983763695,5.928327888858376,"{""forward"": ""bmm"", ""reverse"": ""bmm""}",True
gb300,K0,2048,64,gate_a,bf16,cuda_graph,hot,bmm,53.727999329566956,aligned,54.74399961531162,1.891007106950937,"{""forward"": ""bmm"", ""reverse"": ""aligned""}",False
gb300,K0,2048,64,gate_a,bf16,eager,cold,aligned,58.04000049829483,segmented,66.56000018119812,14.679530685313491,"{""forward"": ""aligned"", ""reverse"": ""aligned""}",True
gb300,K0,2048,64,gate_a,bf16,eager,hot,aligned,56.68799951672554,segmented,62.880001962184906,10.922951062389208,"{""forward"": ""aligned"", ""reverse"": ""aligned""}",True
gb300,K0,2048,64,gate_consumer,bf16,cuda_graph,cold,aligned,54.016001522541046,segmented,94.98400054872036,75.84419037214971,"{""forward"": ""aligned"", ""reverse"": ""aligned""}",True
gb300,K0,2048,64,gate_consumer,bf16,cuda_graph,hot,aligned,45.66400032490492,segmented,89.58399668335915,96.18079021977512,"{""forward"": ""aligned"", ""reverse"": ""aligned""}",True
gb300,K0,2048,64,gate_consumer,bf16,eager,cold,aligned,56.32000043988228,segmented,96.27200290560722,70.93750382401178,"{""forward"": ""aligned"", ""reverse"": ""aligned""}",True
gb300,K0,2048,64,gate_consumer,bf16,eager,hot,aligned,75.44799894094467,segmented,91.79999865591526,21.673205312933174,"{""forward"": ""aligned"", ""reverse"": ""aligned""}",True
gb300,K0,256,128,down_a,bf16,cuda_graph,cold,aligned,13.063999824225903,segmented,15.13600000180304,15.86038124200535,"{""forward"": ""aligned"", ""reverse"": ""aligned""}",True
gb300,K0,256,128,down_a,bf16,cuda_graph,hot,aligned,11.568000074476004,segmented,12.95199990272522,11.96403716579253,"{""forward"": ""aligned"", ""reverse"": ""aligned""}",True
gb300,K0,256,128,down_a,bf16,eager,cold,aligned,14.312000013887882,segmented,16.383999958634377,14.4773612544431,"{""forward"": ""aligned"", ""reverse"": ""aligned""}",True
gb300,K0,256,128,down_a,bf16,eager,hot,segmented,46.416000463068485,aligned,47.559999860823154,2.464666034000307,"{""forward"": ""segmented"", ""reverse"": ""segmented""}",True
gb300,K0,256,128,down_finalize,bf16,cuda_graph,cold,aligned,31.648000702261925,bmm,41.73600114881992,31.875632655167998,"{""forward"": ""aligned"", ""reverse"": ""aligned""}",True
gb300,K0,256,128,down_finalize,bf16,cuda_graph,hot,aligned,24.024000391364098,bmm,34.19199958443642,42.32433827601587,"{""forward"": ""aligned"", ""reverse"": ""aligned""}",True
gb300,K0,256,128,down_finalize,bf16,eager,cold,aligned,34.57600064575672,segmented,53.079999051988125,53.51688471958156,"{""forward"": ""aligned"", ""reverse"": ""aligned""}",True
gb300,K0,256,128,down_finalize,bf16,eager,hot,aligned,69.47200000286102,segmented,70.98400220274925,2.1764195644662143,"{""forward"": ""aligned"", ""reverse"": ""segmented""}",False
gb300,K0,256,128,gate_a,bf16,cuda_graph,cold,aligned,24.335999973118305,segmented,30.27200046926737,24.391849534459254,"{""forward"": ""aligned"", ""reverse"": ""aligned""}",True
gb300,K0,256,128,gate_a,bf16,cuda_graph,hot,aligned,22.943999618291855,bmm,28.12799997627735,22.59414419555956,"{""forward"": ""aligned"", ""reverse"": ""aligned""}",True
gb300,K0,256,128,gate_a,bf16,eager,cold,aligned,24.8800003901124,segmented,31.74399957060814,27.588420710891825,"{""forward"": ""aligned"", ""reverse"": ""aligned""}",True
gb300,K0,256,128,gate_a,bf16,eager,hot,aligned,53.159999661147594,segmented,53.54399885982275,0.7223461270181364,"{""forward"": ""segmented"", ""reverse"": ""aligned""}",False
gb300,K0,256,128,gate_consumer,bf16,cuda_graph,cold,aligned,25.391999632120132,segmented,27.408000081777573,7.939510392506688,"{""forward"": ""aligned"", ""reverse"": ""aligned""}",True
gb300,K0,256,128,gate_consumer,bf16,cuda_graph,hot,aligned,19.423999823629856,segmented,23.36000045761466,20.263594881197157,"{""forward"": ""aligned"", ""reverse"": ""aligned""}",True
gb300,K0,256,128,gate_consumer,bf16,eager,cold,aligned,26.623999699950218,segmented,28.568000067025423,7.301684153334942,"{""forward"": ""aligned"", ""reverse"": ""aligned""}",True
gb300,K0,256,128,gate_consumer,bf16,eager,hot,segmented,58.32800082862377,aligned,72.77600094676018,24.770264560561152,"{""forward"": ""segmented"", ""reverse"": ""segmented""}",True
gb300,K0,256,16,down_a,bf16,cuda_graph,cold,aligned,11.023999657481909,segmented,13.064000057056546,18.50508402538007,"{""forward"": ""aligned"", ""reverse"": ""aligned""}",True
gb300,K0,256,16,down_a,bf16,cuda_graph,hot,segmented,10.25600009597838,aligned,10.464000049978495,2.0280806557487985,"{""forward"": ""segmented"", ""reverse"": ""aligned""}",False
gb300,K0,256,16,down_a,bf16,eager,cold,aligned,12.247999897226691,segmented,13.632000191137195,11.299806544118951,"{""forward"": ""aligned"", ""reverse"": ""aligned""}",True
gb300,K0,256,16,down_a,bf16,eager,hot,indexed,44.23200059682131,segmented,50.74400082230568,14.722373253793887,"{""forward"": ""indexed"", ""reverse"": ""indexed""}",True
gb300,K0,256,16,down_finalize,bf16,cuda_graph,cold,aligned,21.271999925374985,indexed,31.58400021493435,48.476872535423276,"{""forward"": ""aligned"", ""reverse"": ""aligned""}",True
gb300,K0,256,16,down_finalize,bf16,cuda_graph,hot,aligned,17.83199980854988,indexed,30.15200048685074,69.08928224861133,"{""forward"": ""aligned"", ""reverse"": ""aligned""}",True
gb300,K0,256,16,down_finalize,bf16,eager,cold,aligned,24.272000417113304,indexed,31.463999766856432,29.630847174311636,"{""forward"": ""aligned"", ""reverse"": ""aligned""}",True
gb300,K0,256,16,down_finalize,bf16,eager,hot,indexed,41.14400036633015,aligned,73.00800085067749,77.4450714579105,"{""forward"": ""indexed"", ""reverse"": ""indexed""}",True
gb300,K0,256,16,gate_a,bf16,cuda_graph,cold,aligned,17.184000462293625,segmented,23.352000396698713,35.89385340124589,"{""forward"": ""aligned"", ""reverse"": ""aligned""}",True
gb300,K0,256,16,gate_a,bf16,cuda_graph,hot,aligned,12.976000318303704,segmented,17.83199980854988,37.42292980215478,"{""forward"": ""aligned"", ""reverse"": ""aligned""}",True
gb300,K0,256,16,gate_a,bf16,eager,cold,aligned,18.41600053012371,segmented,24.04800057411194,30.582101878069356,"{""forward"": ""aligned"", ""reverse"": ""aligned""}",True
gb300,K0,256,16,gate_a,bf16,eager,hot,segmented,51.592000760138035,aligned,52.43199970573187,1.6281573368305047,"{""forward"": ""segmented"", ""reverse"": ""segmented""}",True
gb300,K0,256,16,gate_consumer,bf16,cuda_graph,cold,aligned,21.25599980354309,segmented,23.24800007045269,9.371472926799518,"{""forward"": ""aligned"", ""reverse"": ""aligned""}",True
gb300,K0,256,16,gate_consumer,bf16,cuda_graph,hot,aligned,17.695999704301357,segmented,19.888000562787056,12.386985166782583,"{""forward"": ""aligned"", ""reverse"": ""aligned""}",True
gb300,K0,256,16,gate_consumer,bf16,eager,cold,aligned,21.90400008112192,segmented,22.45599962770939,2.520085575890829,"{""forward"": ""aligned"", ""reverse"": ""aligned""}",True
gb300,K0,256,16,gate_consumer,bf16,eager,hot,segmented,56.89600016921759,indexed,73.89599829912186,29.87907423956626,"{""forward"": ""segmented"", ""reverse"": ""segmented""}",True
gb300,K0,256,32,down_a,bf16,cuda_graph,cold,aligned,13.0559999961406,segmented,13.063999824225903,0.06127319307343004,"{""forward"": ""aligned"", ""reverse"": ""segmented""}",False
gb300,K0,256,32,down_a,bf16,cuda_graph,hot,segmented,10.200000135228038,aligned,10.280000045895576,0.7843128392835963,"{""forward"": ""segmented"", ""reverse"": ""aligned""}",False
gb300,K0,256,32,down_a,bf16,eager,cold,aligned,13.167999917641282,segmented,14.312000246718526,8.687730378435198,"{""forward"": ""aligned"", ""reverse"": ""aligned""}",True
gb300,K0,256,32,down_a,bf16,eager,hot,indexed,44.20000035315752,segmented,50.45599956065416,14.15384424776307,"{""forward"": ""indexed"", ""reverse"": ""indexed""}",True
gb300,K0,256,32,down_finalize,bf16,cuda_graph,cold,aligned,22.40800019353628,bmm,36.607999354600906,63.37022062843742,"{""forward"": ""aligned"", ""reverse"": ""aligned""}",True
gb300,K0,256,32,down_finalize,bf16,cuda_graph,hot,aligned,17.847999930381775,bmm,31.888000201433897,78.66427793487671,"{""forward"": ""aligned"", ""reverse"": ""aligned""}",True
gb300,K0,256,32,down_finalize,bf16,eager,cold,aligned,26.623999699950218,indexed,41.99199937283993,57.722355191126475,"{""forward"": ""aligned"", ""reverse"": ""aligned""}",True
gb300,K0,256,32,down_finalize,bf16,eager,hot,indexed,41.37599840760231,aligned,72.57599756121635,75.40603333908058,"{""forward"": ""indexed"", ""reverse"": ""indexed""}",True
gb300,K0,256,32,gate_a,bf16,cuda_graph,cold,aligned,18.168000504374504,segmented,24.344000034034252,33.99383178227393,"{""forward"": ""aligned"", ""reverse"": ""aligned""}",True
gb300,K0,256,32,gate_a,bf16,cuda_graph,hot,aligned,14.280000235885382,segmented,17.32799969613552,21.34453368278364,"{""forward"": ""aligned"", ""reverse"": ""aligned""}",True
gb300,K0,256,32,gate_a,bf16,eager,cold,aligned,18.472000490874052,segmented,25.615999475121498,38.67474444783001,"{""forward"": ""aligned"", ""reverse"": ""aligned""}",True
gb300,K0,256,32,gate_a,bf16,eager,hot,segmented,50.863999873399734,aligned,52.05600056797266,2.343505618000563,"{""forward"": ""indexed"", ""reverse"": ""segmented""}",False
gb300,K0,256,32,gate_consumer,bf16,cuda_graph,cold,aligned,15.13600000180304,segmented,19.23199975863099,27.061309172436744,"{""forward"": ""aligned"", ""reverse"": ""aligned""}",True
gb300,K0,256,32,gate_consumer,bf16,cuda_graph,hot,aligned,13.007999863475561,segmented,15.999999828636646,23.001229985880876,"{""forward"": ""aligned"", ""reverse"": ""aligned""}",True
gb300,K0,256,32,gate_consumer,bf16,eager,cold,aligned,16.5839996188879,segmented,19.45599913597107,17.317894254002407,"{""forward"": ""aligned"", ""reverse"": ""aligned""}",True
gb300,K0,256,32,gate_consumer,bf16,eager,hot,segmented,53.408000618219376,aligned,74.02399927377701,38.60095569375195,"{""forward"": ""segmented"", ""reverse"": ""segmented""}",True
gb300,K0,256,64,down_a,bf16,cuda_graph,cold,aligned,12.751999776810408,segmented,14.072000281885266,10.351321582323791,"{""forward"": ""aligned"", ""reverse"": ""aligned""}",True
gb300,K0,256,64,down_a,bf16,cuda_graph,hot,aligned,10.28799987398088,segmented,10.58399979956448,2.8771377255962793,"{""forward"": ""aligned"", ""reverse"": ""aligned""}",True
gb300,K0,256,64,down_a,bf16,eager,cold,aligned,13.824000023305416,segmented,14.319999609142542,3.587959960944276,"{""forward"": ""segmented"", ""reverse"": ""aligned""}",False
gb300,K0,256,64,down_a,bf16,eager,hot,indexed,48.312000930309296,segmented,48.63999970257282,0.6789177967119864,"{""forward"": ""indexed"", ""reverse"": ""indexed""}",True
gb300,K0,256,64,down_finalize,bf16,cuda_graph,cold,aligned,24.35999969020486,bmm,37.63199970126152,54.482759358955676,"{""forward"": ""aligned"", ""reverse"": ""aligned""}",True
gb300,K0,256,64,down_finalize,bf16,cuda_graph,hot,aligned,19.928000401705503,bmm,32.21599943935871,61.661977067210216,"{""forward"": ""aligned"", ""reverse"": ""aligned""}",True
gb300,K0,256,64,down_finalize,bf16,eager,cold,aligned,28.224000241607428,segmented,52.75999940931797,86.93310288291423,"{""forward"": ""aligned"", ""reverse"": ""aligned""}",True
gb300,K0,256,64,down_finalize,bf16,eager,hot,indexed,62.31200136244297,aligned,69.8079988360405,12.029781277600815,"{""forward"": ""indexed"", ""reverse"": ""indexed""}",True
gb300,K0,256,64,gate_a,bf16,cuda_graph,cold,aligned,19.208000507205725,segmented,25.559999980032444,33.069550734569276,"{""forward"": ""aligned"", ""reverse"": ""aligned""}",True
gb300,K0,256,64,gate_a,bf16,cuda_graph,hot,aligned,17.847999930381775,segmented,21.99999988079071,23.263110525573172,"{""forward"": ""aligned"", ""reverse"": ""aligned""}",True
gb300,K0,256,64,gate_a,bf16,eager,cold,aligned,20.479999482631683,segmented,26.623999699950218,30.000001818989453,"{""forward"": ""aligned"", ""reverse"": ""aligned""}",True
gb300,K0,256,64,gate_a,bf16,eager,hot,aligned,48.86400047689676,segmented,51.7439991235733,5.893906799624848,"{""forward"": ""aligned"", ""reverse"": ""aligned""}",True
gb300,K0,256,64,gate_consumer,bf16,cuda_graph,cold,aligned,17.20800017938018,segmented,20.47999994829297,19.014410360324895,"{""forward"": ""aligned"", ""reverse"": ""aligned""}",True
gb300,K0,256,64,gate_consumer,bf16,cuda_graph,hot,aligned,14.7600001655519,segmented,18.880000337958336,27.913279987774175,"{""forward"": ""aligned"", ""reverse"": ""aligned""}",True
gb300,K0,256,64,gate_consumer,bf16,eager,cold,aligned,18.51999992504716,segmented,21.11199963837862,13.995678854328396,"{""forward"": ""aligned"", ""reverse"": ""aligned""}",True
gb300,K0,256,64,gate_consumer,bf16,eager,hot,segmented,55.38400076329708,aligned,72.87999987602234,31.590348966483184,"{""forward"": ""segmented"", ""reverse"": ""segmented""}",True
gb300,K0,32,128,down_a,bf16,cuda_graph,cold,aligned,10.991999879479408,indexed,13.048000168055296,18.70451520304477,"{""forward"": ""aligned"", ""reverse"": ""aligned""}",True
gb300,K0,32,128,down_a,bf16,cuda_graph,hot,aligned,9.967999998480082,segmented,10.007999837398529,0.40128249322377574,"{""forward"": ""aligned"", ""reverse"": ""segmented""}",False
gb300,K0,32,128,down_a,bf16,eager,cold,aligned,12.439999962225556,indexed,13.391999760642648,7.65273152176742,"{""forward"": ""aligned"", ""reverse"": ""aligned""}",True
gb300,K0,32,128,down_a,bf16,eager,hot,indexed,46.40800040215254,segmented,46.91999964416027,1.1032564160725622,"{""forward"": ""segmented"", ""reverse"": ""indexed""}",False
gb300,K0,32,128,down_finalize,bf16,cuda_graph,cold,segmented,17.504000570625067,aligned,18.320000264793634,4.661789691311857,"{""forward"": ""segmented"", ""reverse"": ""segmented""}",True
gb300,K0,32,128,down_finalize,bf16,cuda_graph,hot,aligned,13.679999858140945,segmented,15.823999419808388,15.672511578218717,"{""forward"": ""aligned"", ""reverse"": ""aligned""}",True
gb300,K0,32,128,down_finalize,bf16,eager,cold,aligned,20.343999844044447,segmented,20.479999482631683,0.6684999981803053,"{""forward"": ""aligned"", ""reverse"": ""aligned""}",True
gb300,K0,32,128,down_finalize,bf16,eager,hot,indexed,39.68799952417612,segmented,68.61599907279015,72.88853027473054,"{""forward"": ""indexed"", ""reverse"": ""indexed""}",True
gb300,K0,32,128,gate_a,bf16,cuda_graph,cold,aligned,19.200000446289778,segmented,27.408000081777573,42.74999710780691,"{""forward"": ""aligned"", ""reverse"": ""aligned""}",True
gb300,K0,32,128,gate_a,bf16,cuda_graph,hot,aligned,13.760000234469771,segmented,17.79200043529272,29.30232654155416,"{""forward"": ""aligned"", ""reverse"": ""aligned""}",True
gb300,K0,32,128,gate_a,bf16,eager,cold,aligned,20.82399930804968,segmented,29.14400026202202,39.953905255635405,"{""forward"": ""aligned"", ""reverse"": ""aligned""}",True
gb300,K0,32,128,gate_a,bf16,eager,hot,segmented,58.22399910539389,aligned,58.519999496638775,0.5083821032441982,"{""forward"": ""segmented"", ""reverse"": ""aligned""}",False
gb300,K0,32,128,gate_consumer,bf16,cuda_graph,cold,segmented,17.176000401377678,aligned,18.160000443458557,5.728924191233453,"{""forward"": ""aligned"", ""reverse"": ""segmented""}",False
gb300,K0,32,128,gate_consumer,bf16,cuda_graph,hot,aligned,13.69599997997284,segmented,13.75999953597784,0.4672864785235431,"{""forward"": ""aligned"", ""reverse"": ""aligned""}",True
gb300,K0,32,128,gate_consumer,bf16,eager,cold,segmented,17.752000130712986,aligned,19.056000281125307,7.345651987441415,"{""forward"": ""segmented"", ""reverse"": ""segmented""}",True
gb300,K0,32,128,gate_consumer,bf16,eager,hot,segmented,52.16800048947334,indexed,69.08800080418587,32.43367611554655,"{""forward"": ""segmented"", ""reverse"": ""segmented""}",True
gb300,K0,32,16,down_a,bf16,cuda_graph,cold,aligned,11.024000123143196,indexed,13.040000107139349,18.287372654902924,"{""forward"": ""aligned"", ""reverse"": ""aligned""}",True
gb300,K0,32,16,down_a,bf16,cuda_graph,hot,segmented,9.888000087812543,indexed,9.983999887481332,0.9708717517823873,"{""forward"": ""indexed"", ""reverse"": ""segmented""}",False
gb300,K0,32,16,down_a,bf16,eager,cold,aligned,11.760000139474869,indexed,12.503999983891845,6.326529214226673,"{""forward"": ""aligned"", ""reverse"": ""aligned""}",True
gb300,K0,32,16,down_a,bf16,eager,hot,indexed,45.42400036007166,segmented,51.88800022006035,14.230362382769425,"{""forward"": ""indexed"", ""reverse"": ""indexed""}",True
gb300,K0,32,16,down_finalize,bf16,cuda_graph,cold,indexed,11.01600006222725,aligned,13.45600001513958,22.149600028406358,"{""forward"": ""indexed"", ""reverse"": ""indexed""}",True
gb300,K0,32,16,down_finalize,bf16,cuda_graph,hot,indexed,9.928000159561634,aligned,10.447999695315957,5.237706762660688,"{""forward"": ""indexed"", ""reverse"": ""indexed""}",True
gb300,K0,32,16,down_finalize,bf16,eager,cold,indexed,10.655999882146716,segmented,18.44000071287155,73.04805665178648,"{""forward"": ""indexed"", ""reverse"": ""indexed""}",True
gb300,K0,32,16,down_finalize,bf16,eager,hot,indexed,37.18400001525879,segmented,71.14400155842304,91.32960824340701,"{""forward"": ""indexed"", ""reverse"": ""indexed""}",True
gb300,K0,32,16,gate_a,bf16,cuda_graph,cold,aligned,13.095999835059047,indexed,21.247999742627144,62.248014739161306,"{""forward"": ""aligned"", ""reverse"": ""aligned""}",True
gb300,K0,32,16,gate_a,bf16,cuda_graph,hot,aligned,10.631999932229519,segmented,14.37600003555417,35.21444814888688,"{""forward"": ""aligned"", ""reverse"": ""aligned""}",True
gb300,K0,32,16,gate_a,bf16,eager,cold,aligned,13.791999779641628,indexed,20.68800013512373,50.000003376314496,"{""forward"": ""aligned"", ""reverse"": ""aligned""}",True
gb300,K0,32,16,gate_a,bf16,eager,hot,indexed,48.86400047689676,segmented,53.83999925106764,10.183363469234497,"{""forward"": ""indexed"", ""reverse"": ""indexed""}",True
gb300,K0,32,16,gate_consumer,bf16,cuda_graph,cold,aligned,15.112000284716487,segmented,15.144000062718987,0.2117507768634841,"{""forward"": ""aligned"", ""reverse"": ""aligned""}",True
gb300,K0,32,16,gate_consumer,bf16,cuda_graph,hot,aligned,12.167999986559153,segmented,12.503999751061201,2.761339290542364,"{""forward"": ""segmented"", ""reverse"": ""aligned""}",False
gb300,K0,32,16,gate_consumer,bf16,eager,cold,segmented,14.73599998280406,aligned,16.80800039321184,14.06080627596138,"{""forward"": ""segmented"", ""reverse"": ""segmented""}",True
gb300,K0,32,16,gate_consumer,bf16,eager,hot,segmented,53.88000141829252,indexed,72.01600074768066,33.65998302151285,"{""forward"": ""segmented"", ""reverse"": ""segmented""}",True
gb300,K0,32,32,down_a,bf16,cuda_graph,cold,aligned,11.01600006222725,indexed,12.039999943226576,9.295568947121913,"{""forward"": ""aligned"", ""reverse"": ""indexed""}",False
gb300,K0,32,32,down_a,bf16,cuda_graph,hot,aligned,9.840000187978148,indexed,9.976000059396029,1.3821124880062152,"{""forward"": ""aligned"", ""reverse"": ""indexed""}",False
gb300,K0,32,32,down_a,bf16,eager,cold,aligned,11.111999861896038,indexed,12.41600001230836,11.7350626945546,"{""forward"": ""aligned"", ""reverse"": ""aligned""}",True
gb300,K0,32,32,down_a,bf16,eager,hot,indexed,45.89599929749966,segmented,47.439999878406525,3.3641289100136973,"{""forward"": ""segmented"", ""reverse"": ""indexed""}",False
gb300,K0,32,32,down_finalize,bf16,cuda_graph,cold,indexed,13.07199988514185,aligned,15.112000284716487,15.605878346842573,"{""forward"": ""indexed"", ""reverse"": ""indexed""}",True
gb300,K0,32,32,down_finalize,bf16,cuda_graph,hot,aligned,11.511999880895019,indexed,11.896000010892749,3.335650920523414,"{""forward"": ""indexed"", ""reverse"": ""aligned""}",False
gb300,K0,32,32,down_finalize,bf16,eager,cold,indexed,12.671999866142869,aligned,16.67199982330203,31.565656561016752,"{""forward"": ""indexed"", ""reverse"": ""indexed""}",True
gb300,K0,32,32,down_finalize,bf16,eager,hot,indexed,35.04000045359135,segmented,67.23199971020222,91.87214280789607,"{""forward"": ""indexed"", ""reverse"": ""indexed""}",True
gb300,K0,32,32,gate_a,bf16,cuda_graph,cold,aligned,14.82400018721819,indexed,21.263999864459038,43.443062573580235,"{""forward"": ""aligned"", ""reverse"": ""aligned""}",True
gb300,K0,32,32,gate_a,bf16,cuda_graph,hot,aligned,10.27199998497963,segmented,14.792000409215689,44.003119459165596,"{""forward"": ""aligned"", ""reverse"": ""aligned""}",True
gb300,K0,32,32,gate_a,bf16,eager,cold,aligned,15.928000211715698,indexed,21.767999976873398,36.66499050434555,"{""forward"": ""aligned"", ""reverse"": ""aligned""}",True
gb300,K0,32,32,gate_a,bf16,eager,hot,indexed,50.71199964731932,segmented,51.856000907719135,2.255878822282442,"{""forward"": ""indexed"", ""reverse"": ""indexed""}",True
gb300,K0,32,32,gate_consumer,bf16,cuda_graph,cold,segmented,13.06400028988719,aligned,14.096000231802464,7.899570721183635,"{""forward"": ""segmented"", ""reverse"": ""segmented""}",True
gb300,K0,32,32,gate_consumer,bf16,cuda_graph,hot,segmented,10.079999919980764,aligned,10.520000010728836,4.365080300009683,"{""forward"": ""segmented"", ""reverse"": ""segmented""}",True
gb300,K0,32,32,gate_consumer,bf16,eager,cold,segmented,13.135999906808138,aligned,15.192000195384026,15.651646644046501,"{""forward"": ""segmented"", ""reverse"": ""segmented""}",True
gb300,K0,32,32,gate_consumer,bf16,eager,hot,segmented,53.45600005239248,indexed,71.09599933028221,32.99910068205754,"{""forward"": ""segmented"", ""reverse"": ""segmented""}",True
gb300,K0,32,64,down_a,bf16,cuda_graph,cold,aligned,11.040000012144446,indexed,13.07199988514185,18.405795930816303,"{""forward"": ""aligned"", ""reverse"": ""aligned""}",True
gb300,K0,32,64,down_a,bf16,cuda_graph,hot,segmented,10.000000009313226,indexed,10.200000135228038,2.0000012572854775,"{""forward"": ""segmented"", ""reverse"": ""segmented""}",True
gb300,K0,32,64,down_a,bf16,eager,cold,aligned,11.768000200390816,indexed,13.151999795809388,11.760703363793358,"{""forward"": ""aligned"", ""reverse"": ""aligned""}",True
gb300,K0,32,64,down_a,bf16,eager,hot,indexed,47.224000096321106,segmented,47.943999990820885,1.5246482573082032,"{""forward"": ""indexed"", ""reverse"": ""indexed""}",True
gb300,K0,32,64,down_finalize,bf16,cuda_graph,cold,aligned,15.10400022380054,segmented,16.112000215798616,6.673728661693823,"{""forward"": ""segmented"", ""reverse"": ""aligned""}",False
gb300,K0,32,64,down_finalize,bf16,cuda_graph,hot,aligned,12.232000008225441,segmented,14.25600005313754,16.546762945970038,"{""forward"": ""aligned"", ""reverse"": ""aligned""}",True
gb300,K0,32,64,down_finalize,bf16,eager,cold,segmented,18.41600053012371,aligned,18.87200027704239,2.476106286882329,"{""forward"": ""segmented"", ""reverse"": ""segmented""}",True
gb300,K0,32,64,down_finalize,bf16,eager,hot,indexed,36.159999668598175,segmented,67.63199903070927,87.03539726368359,"{""forward"": ""indexed"", ""reverse"": ""indexed""}",True
gb300,K0,32,64,gate_a,bf16,cuda_graph,cold,aligned,15.120000345632434,indexed,23.296000435948372,54.07407343530688,"{""forward"": ""aligned"", ""reverse"": ""aligned""}",True
gb300,K0,32,64,gate_a,bf16,cuda_graph,hot,aligned,11.799999978393316,segmented,14.800000004470348,25.423729081103865,"{""forward"": ""aligned"", ""reverse"": ""aligned""}",True
gb300,K0,32,64,gate_a,bf16,eager,cold,aligned,15.399999916553497,indexed,23.800000082701445,54.54545591989755,"{""forward"": ""aligned"", ""reverse"": ""aligned""}",True
gb300,K0,32,64,gate_a,bf16,eager,hot,segmented,50.383999943733215,aligned,52.04799957573414,3.3026350306827768,"{""forward"": ""segmented"", ""reverse"": ""segmented""}",True
gb300,K0,32,64,gate_consumer,bf16,cuda_graph,cold,segmented,14.832000248134136,aligned,15.112000051885843,1.8878087855138226,"{""forward"": ""segmented"", ""reverse"": ""segmented""}",True
gb300,K0,32,64,gate_consumer,bf16,cuda_graph,hot,aligned,10.408000089228153,segmented,10.759999975562096,3.382012714414251,"{""forward"": ""aligned"", ""reverse"": ""aligned""}",True
gb300,K0,32,64,gate_consumer,bf16,eager,cold,segmented,15.232000034302473,aligned,16.03199983946979,5.252099549407285,"{""forward"": ""aligned"", ""reverse"": ""segmented""}",False
gb300,K0,32,64,gate_consumer,bf16,eager,hot,segmented,56.11199978739023,indexed,70.32000087201595,25.320789026340517,"{""forward"": ""segmented"", ""reverse"": ""segmented""}",True
gb300,O0,1,128,down_a,bf16,cuda_graph,cold,indexed,11.208000127226114,aligned,33.70399959385395,200.71376883714765,"{""forward"": ""indexed"", ""reverse"": ""indexed""}",True
gb300,O0,1,128,down_a,bf16,cuda_graph,hot,indexed,10.639999993145466,aligned,28.095999732613564,164.0601480330231,"{""forward"": ""indexed"", ""reverse"": ""indexed""}",True
gb300,O0,1,128,down_a,bf16,eager,cold,indexed,12.303999857977033,aligned,290.6319983303547,2262.09364178373,"{""forward"": ""indexed"", ""reverse"": ""indexed""}",True
gb300,O0,1,128,down_a,bf16,eager,hot,indexed,46.88000027090311,aligned,369.1280037164688,687.3890818758688,"{""forward"": ""indexed"", ""reverse"": ""indexed""}",True
gb300,O0,1,128,down_finalize,bf16,cuda_graph,cold,indexed,14.544000150635839,one_shot_bf16,24.67200020328164,69.63696333709832,"{""forward"": ""indexed"", ""reverse"": ""indexed""}",True
gb300,O0,1,128,down_finalize,bf16,cuda_graph,hot,indexed,10.19200007431209,one_shot_bf16,17.815999686717987,74.80376331257513,"{""forward"": ""indexed"", ""reverse"": ""indexed""}",True
gb300,O0,1,128,down_finalize,bf16,eager,cold,indexed,13.11199995689094,one_shot_bf16,27.56799990311265,110.25015248436176,"{""forward"": ""indexed"", ""reverse"": ""indexed""}",True
gb300,O0,1,128,down_finalize,bf16,eager,hot,indexed,34.78400036692619,one_shot_fp32,74.19999875128269,113.31646150117503,"{""forward"": ""indexed"", ""reverse"": ""indexed""}",True
gb300,O0,1,128,gate_a,bf16,cuda_graph,cold,indexed,21.247999742627144,aligned,36.69600002467632,72.70331546106823,"{""forward"": ""indexed"", ""reverse"": ""indexed""}",True
gb300,O0,1,128,gate_a,bf16,cuda_graph,hot,indexed,14.2319998703897,aligned,29.792000073939562,109.33108730504645,"{""forward"": ""indexed"", ""reverse"": ""indexed""}",True
gb300,O0,1,128,gate_a,bf16,eager,cold,indexed,21.487999707460403,aligned,303.9440028369427,1314.4825343208497,"{""forward"": ""indexed"", ""reverse"": ""indexed""}",True
gb300,O0,1,128,gate_a,bf16,eager,hot,indexed,47.70399909466505,aligned,385.96800714731216,709.0894148756528,"{""forward"": ""indexed"", ""reverse"": ""indexed""}",True
gb300,O0,1,128,gate_consumer,bf16,cuda_graph,cold,indexed,17.152000218629837,aligned,36.59999929368496,113.38618719192564,"{""forward"": ""indexed"", ""reverse"": ""indexed""}",True
gb300,O0,1,128,gate_consumer,bf16,cuda_graph,hot,indexed,14.295999892055988,aligned,29.720000457018614,107.89032373687584,"{""forward"": ""indexed"", ""reverse"": ""indexed""}",True
gb300,O0,1,128,gate_consumer,bf16,eager,cold,indexed,19.896000158041716,aligned,327.67999917268753,1546.9641966716779,"{""forward"": ""indexed"", ""reverse"": ""indexed""}",True
gb300,O0,1,128,gate_consumer,bf16,eager,hot,indexed,76.52800157666206,aligned,407.1599990129471,432.0405480666757,"{""forward"": ""indexed"", ""reverse"": ""indexed""}",True
gb300,O0,1,16,down_a,bf16,cuda_graph,cold,indexed,11.3279998768121,aligned,33.31999946385622,194.1384165448372,"{""forward"": ""indexed"", ""reverse"": ""indexed""}",True
gb300,O0,1,16,down_a,bf16,cuda_graph,hot,indexed,12.023999821394682,aligned,28.295999858528376,135.3293436363864,"{""forward"": ""indexed"", ""reverse"": ""indexed""}",True
gb300,O0,1,16,down_a,bf16,eager,cold,indexed,13.999999966472387,bmm,327.15199887752533,2236.799997578561,"{""forward"": ""indexed"", ""reverse"": ""indexed""}",True
gb300,O0,1,16,down_a,bf16,eager,hot,indexed,55.743999779224396,bmm,387.472003698349,595.0918578375112,"{""forward"": ""indexed"", ""reverse"": ""indexed""}",True
gb300,O0,1,16,down_finalize,bf16,cuda_graph,cold,indexed,10.991999879479408,one_shot_bf16,15.104000456631184,37.409030406089514,"{""forward"": ""indexed"", ""reverse"": ""indexed""}",True
gb300,O0,1,16,down_finalize,bf16,cuda_graph,hot,indexed,11.328000109642744,one_shot_bf16,12.152000097557902,7.274011122349333,"{""forward"": ""one_shot_bf16"", ""reverse"": ""indexed""}",False
gb300,O0,1,16,down_finalize,bf16,eager,cold,indexed,9.79200005531311,one_shot_fp32,20.576000213623047,110.13071994886859,"{""forward"": ""indexed"", ""reverse"": ""indexed""}",True
gb300,O0,1,16,down_finalize,bf16,eager,hot,indexed,39.93599954992533,one_shot_fp32,72.9760006070137,82.73237537421335,"{""forward"": ""indexed"", ""reverse"": ""indexed""}",True
gb300,O0,1,16,gate_a,bf16,cuda_graph,cold,indexed,20.760000217705965,aligned,35.311998799443245,70.09633154688528,"{""forward"": ""indexed"", ""reverse"": ""indexed""}",True
gb300,O0,1,16,gate_a,bf16,cuda_graph,hot,indexed,13.44799972139299,aligned,26.903999969363213,100.05949231664921,"{""forward"": ""indexed"", ""reverse"": ""indexed""}",True
gb300,O0,1,16,gate_a,bf16,eager,cold,indexed,21.480000112205744,bmm,334.1680020093918,1455.716947224339,"{""forward"": ""indexed"", ""reverse"": ""indexed""}",True
gb300,O0,1,16,gate_a,bf16,eager,hot,indexed,57.53599852323532,bmm,407.73599594831467,608.662413816725,"{""forward"": ""indexed"", ""reverse"": ""indexed""}",True
gb300,O0,1,16,gate_consumer,bf16,cuda_graph,cold,indexed,15.103999990969896,aligned,36.607999354600906,142.3728772278034,"{""forward"": ""indexed"", ""reverse"": ""indexed""}",True
gb300,O0,1,16,gate_consumer,bf16,cuda_graph,hot,indexed,13.975999783724546,aligned,29.712000396102667,112.59302272387801,"{""forward"": ""indexed"", ""reverse"": ""indexed""}",True
gb300,O0,1,16,gate_consumer,bf16,eager,cold,indexed,33.27199909836054,aligned,374.03199821710587,1024.1644877164476,"{""forward"": ""indexed"", ""reverse"": ""indexed""}",True
gb300,O0,1,16,gate_consumer,bf16,eager,hot,indexed,86.26400120556355,aligned,447.55200296640396,418.81665203530963,"{""forward"": ""indexed"", ""reverse"": ""indexed""}",True
gb300,O0,1,32,down_a,bf16,cuda_graph,cold,indexed,11.040000012144446,aligned,37.60799951851368,240.65216917702318,"{""forward"": ""indexed"", ""reverse"": ""indexed""}",True
gb300,O0,1,32,down_a,bf16,cuda_graph,hot,indexed,10.295999934896827,aligned,31.183999963104725,202.87490443168124,"{""forward"": ""indexed"", ""reverse"": ""indexed""}",True
gb300,O0,1,32,down_a,bf16,eager,cold,indexed,11.768000200390816,aligned,316.6799992322922,2591.0264602287752,"{""forward"": ""indexed"", ""reverse"": ""indexed""}",True
gb300,O0,1,32,down_a,bf16,eager,hot,indexed,45.12799996882677,aligned,385.1119950413704,753.3770504063897,"{""forward"": ""indexed"", ""reverse"": ""indexed""}",True
gb300,O0,1,32,down_finalize,bf16,cuda_graph,cold,indexed,12.224000180140138,one_shot_bf16,17.11999997496605,40.052353752254135,"{""forward"": ""indexed"", ""reverse"": ""indexed""}",True
gb300,O0,1,32,down_finalize,bf16,cuda_graph,hot,indexed,10.087999980896711,one_shot_bf16,12.880000052973628,27.67644803096776,"{""forward"": ""indexed"", ""reverse"": ""indexed""}",True
gb300,O0,1,32,down_finalize,bf16,eager,cold,indexed,10.887999786064029,one_shot_fp32,20.672000478953123,89.8604048965175,"{""forward"": ""indexed"", ""reverse"": ""indexed""}",True
gb300,O0,1,32,down_finalize,bf16,eager,hot,indexed,35.0959999486804,one_shot_bf16,74.35199990868568,111.85320269377677,"{""forward"": ""indexed"", ""reverse"": ""indexed""}",True
gb300,O0,1,32,gate_a,bf16,cuda_graph,cold,indexed,21.247999742627144,aligned,40.535999462008476,90.77560218850289,"{""forward"": ""indexed"", ""reverse"": ""indexed""}",True
gb300,O0,1,32,gate_a,bf16,cuda_graph,hot,indexed,13.75999953597784,aligned,32.231999561190605,134.2441907567991,"{""forward"": ""indexed"", ""reverse"": ""indexed""}",True
gb300,O0,1,32,gate_a,bf16,eager,cold,indexed,21.503999829292297,aligned,312.6000016927719,1353.68305512612,"{""forward"": ""indexed"", ""reverse"": ""indexed""}",True
gb300,O0,1,32,gate_a,bf16,eager,hot,indexed,49.64799992740154,aligned,396.11200243234634,697.8408052923913,"{""forward"": ""indexed"", ""reverse"": ""indexed""}",True
gb300,O0,1,32,gate_consumer,bf16,cuda_graph,cold,indexed,16.048000194132328,aligned,39.05600029975176,143.36988925281733,"{""forward"": ""indexed"", ""reverse"": ""indexed""}",True
gb300,O0,1,32,gate_consumer,bf16,cuda_graph,hot,indexed,13.727999990805984,aligned,32.19199925661087,134.49882924075416,"{""forward"": ""indexed"", ""reverse"": ""indexed""}",True
gb300,O0,1,32,gate_consumer,bf16,eager,cold,indexed,20.51199972629547,aligned,345.3119918704033,1583.4633213636828,"{""forward"": ""indexed"", ""reverse"": ""indexed""}",True
gb300,O0,1,32,gate_consumer,bf16,eager,hot,indexed,74.8240016400814,aligned,425.1360073685646,468.1813295866678,"{""forward"": ""indexed"", ""reverse"": ""indexed""}",True
gb300,O0,1,64,down_a,bf16,cuda_graph,cold,indexed,11.008000001311302,aligned,36.607999354600906,232.558133632268,"{""forward"": ""indexed"", ""reverse"": ""indexed""}",True
gb300,O0,1,64,down_a,bf16,cuda_graph,hot,indexed,10.392000200226903,aligned,31.919999979436398,207.1593472326862,"{""forward"": ""indexed"", ""reverse"": ""indexed""}",True
gb300,O0,1,64,down_a,bf16,eager,cold,indexed,12.384000001475215,aligned,309.30399894714355,2397.6098103221775,"{""forward"": ""indexed"", ""reverse"": ""indexed""}",True
gb300,O0,1,64,down_a,bf16,eager,hot,indexed,48.1599997729063,aligned,383.5440054535866,696.3953639164249,"{""forward"": ""indexed"", ""reverse"": ""indexed""}",True
gb300,O0,1,64,down_finalize,bf16,cuda_graph,cold,indexed,13.223999878391623,one_shot_bf16,23.30400049686432,76.22505074991486,"{""forward"": ""indexed"", ""reverse"": ""indexed""}",True
gb300,O0,1,64,down_finalize,bf16,cuda_graph,hot,indexed,10.375999845564365,one_shot_bf16,15.768000390380621,51.966081583176596,"{""forward"": ""indexed"", ""reverse"": ""indexed""}",True
gb300,O0,1,64,down_finalize,bf16,eager,cold,indexed,12.904000002890825,one_shot_bf16,25.863999966531992,100.43397365729847,"{""forward"": ""indexed"", ""reverse"": ""indexed""}",True
gb300,O0,1,64,down_finalize,bf16,eager,hot,indexed,38.85599970817566,one_shot_bf16,72.80799932777882,87.3790402372773,"{""forward"": ""indexed"", ""reverse"": ""indexed""}",True
gb300,O0,1,64,gate_a,bf16,cuda_graph,cold,indexed,21.215999498963356,aligned,39.664000272750854,86.95324853627045,"{""forward"": ""indexed"", ""reverse"": ""indexed""}",True
gb300,O0,1,64,gate_a,bf16,cuda_graph,hot,indexed,13.72799975797534,aligned,33.17599929869175,141.66666581865294,"{""forward"": ""indexed"", ""reverse"": ""indexed""}",True
gb300,O0,1,64,gate_a,bf16,eager,cold,indexed,21.463999524712563,aligned,307.863999158144,1334.3272734593802,"{""forward"": ""indexed"", ""reverse"": ""indexed""}",True
gb300,O0,1,64,gate_a,bf16,eager,hot,indexed,48.28000068664551,aligned,382.80799984931946,692.8914548570131,"{""forward"": ""indexed"", ""reverse"": ""indexed""}",True
gb300,O0,1,64,gate_consumer,bf16,cuda_graph,cold,indexed,17.160000279545784,aligned,39.68000039458275,131.2354297679129,"{""forward"": ""indexed"", ""reverse"": ""indexed""}",True
gb300,O0,1,64,gate_consumer,bf16,cuda_graph,hot,indexed,13.944000005722046,aligned,32.19199925661087,130.8663170066021,"{""forward"": ""indexed"", ""reverse"": ""indexed""}",True
gb300,O0,1,64,gate_consumer,bf16,eager,cold,indexed,19.49600037187338,aligned,343.82399916648865,1663.5617183436195,"{""forward"": ""indexed"", ""reverse"": ""indexed""}",True
gb300,O0,1,64,gate_consumer,bf16,eager,hot,indexed,74.16800037026405,aligned,417.90399700403214,463.4559310184411,"{""forward"": ""indexed"", ""reverse"": ""indexed""}",True
gb300,O0,2048,128,down_a,bf16,cuda_graph,cold,aligned,60.18400005996227,bmm,153.47200259566307,155.00465645812258,"{""forward"": ""aligned"", ""reverse"": ""aligned""}",True
gb300,O0,2048,128,down_a,bf16,cuda_graph,hot,aligned,52.671998739242554,bmm,144.43199709057808,174.21020760119927,"{""forward"": ""aligned"", ""reverse"": ""aligned""}",True
gb300,O0,2048,128,down_a,bf16,eager,cold,indexed,219.42399442195892,aligned,250.2640001475811,14.054983278773015,"{""forward"": ""indexed"", ""reverse"": ""indexed""}",True
gb300,O0,2048,128,down_a,bf16,eager,hot,indexed,213.8879969716072,aligned,325.9599953889847,52.397516459165594,"{""forward"": ""indexed"", ""reverse"": ""indexed""}",True
gb300,O0,2048,128,down_finalize,bf16,cuda_graph,cold,aligned,176.93600431084633,bmm,299.919992685318,69.50761031000215,"{""forward"": ""aligned"", ""reverse"": ""aligned""}",True
gb300,O0,2048,128,down_finalize,bf16,cuda_graph,hot,aligned,175.56799948215485,bmm,298.45599830150604,69.99453156715032,"{""forward"": ""aligned"", ""reverse"": ""aligned""}",True
gb300,O0,2048,128,down_finalize,bf16,eager,cold,aligned,304.2000010609627,bmm,359.9039986729622,18.31163623199208,"{""forward"": ""aligned"", ""reverse"": ""aligned""}",True
gb300,O0,2048,128,down_finalize,bf16,eager,hot,aligned,363.2640019059181,bmm,415.43199867010117,14.360904601192503,"{""forward"": ""aligned"", ""reverse"": ""aligned""}",True
gb300,O0,2048,128,gate_a,bf16,cuda_graph,cold,aligned,134.2719979584217,bmm,188.22399899363518,40.18112626276709,"{""forward"": ""aligned"", ""reverse"": ""aligned""}",True
gb300,O0,2048,128,gate_a,bf16,cuda_graph,hot,aligned,127.45600193738937,bmm,187.84799799323082,47.38262234642194,"{""forward"": ""aligned"", ""reverse"": ""aligned""}",True
gb300,O0,2048,128,gate_a,bf16,eager,cold,aligned,263.7839987874031,bmm,308.9200034737587,17.110971436418687,"{""forward"": ""aligned"", ""reverse"": ""aligned""}",True
gb300,O0,2048,128,gate_a,bf16,eager,hot,aligned,324.98399913311005,bmm,374.1760030388832,15.1367464358221,"{""forward"": ""aligned"", ""reverse"": ""aligned""}",True
gb300,O0,2048,128,gate_consumer,bf16,cuda_graph,cold,aligned,126.27999857068062,segmented,259.68799740076065,105.64459957244124,"{""forward"": ""aligned"", ""reverse"": ""aligned""}",True
gb300,O0,2048,128,gate_consumer,bf16,cuda_graph,hot,aligned,114.13599736988544,segmented,251.3279989361763,120.20046674817833,"{""forward"": ""aligned"", ""reverse"": ""aligned""}",True
gb300,O0,2048,128,gate_consumer,bf16,eager,cold,aligned,290.0400012731552,segmented,335.29599756002426,15.60336370439044,"{""forward"": ""aligned"", ""reverse"": ""aligned""}",True
gb300,O0,2048,128,gate_consumer,bf16,eager,hot,aligned,358.0560013651848,segmented,395.28800547122955,10.398374545905597,"{""forward"": ""aligned"", ""reverse"": ""aligned""}",True
gb300,O0,2048,16,down_a,bf16,cuda_graph,cold,aligned,51.952000707387924,indexed,62.32800055295229,19.97228153734767,"{""forward"": ""aligned"", ""reverse"": ""aligned""}",True
gb300,O0,2048,16,down_a,bf16,cuda_graph,hot,aligned,44.47999969124794,indexed,58.83200094103813,32.26619008411134,"{""forward"": ""aligned"", ""reverse"": ""aligned""}",True
gb300,O0,2048,16,down_a,bf16,eager,cold,indexed,63.80000151693821,aligned,256.1680004000664,301.5172324597148,"{""forward"": ""indexed"", ""reverse"": ""indexed""}",True
gb300,O0,2048,16,down_a,bf16,eager,hot,indexed,60.84800139069557,aligned,333.24800431728363,447.6728844018227,"{""forward"": ""indexed"", ""reverse"": ""indexed""}",True
gb300,O0,2048,16,down_finalize,bf16,cuda_graph,cold,aligned,119.48000080883503,indexed,193.27999651432037,61.76765584690902,"{""forward"": ""aligned"", ""reverse"": ""aligned""}",True
gb300,O0,2048,16,down_finalize,bf16,cuda_graph,hot,aligned,118.22399869561195,indexed,189.91999328136444,60.6441969285324,"{""forward"": ""aligned"", ""reverse"": ""aligned""}",True
gb300,O0,2048,16,down_finalize,bf16,eager,cold,indexed,192.6559992134571,aligned,305.2400052547455,58.43784076329159,"{""forward"": ""indexed"", ""reverse"": ""indexed""}",True
gb300,O0,2048,16,down_finalize,bf16,eager,hot,indexed,189.56000357866287,aligned,360.1360023021698,89.9852265790457,"{""forward"": ""indexed"", ""reverse"": ""indexed""}",True
gb300,O0,2048,16,gate_a,bf16,cuda_graph,cold,aligned,65.2799978852272,bmm,157.47999772429466,141.2377494269684,"{""forward"": ""aligned"", ""reverse"": ""aligned""}",True
gb300,O0,2048,16,gate_a,bf16,cuda_graph,hot,aligned,57.78400041162968,bmm,160.67999973893166,178.0700515615271,"{""forward"": ""aligned"", ""reverse"": ""aligned""}",True
gb300,O0,2048,16,gate_a,bf16,eager,cold,indexed,192.52000376582146,aligned,267.0319974422455,38.703507281798785,"{""forward"": ""indexed"", ""reverse"": ""indexed""}",True
gb300,O0,2048,16,gate_a,bf16,eager,hot,indexed,185.2319985628128,aligned,330.4399996995926,78.39250359734106,"{""forward"": ""indexed"", ""reverse"": ""indexed""}",True
gb300,O0,2048,16,gate_consumer,bf16,cuda_graph,cold,aligned,102.15200297534466,indexed,176.95200443267822,73.22421418930693,"{""forward"": ""aligned"", ""reverse"": ""aligned""}",True
gb300,O0,2048,16,gate_consumer,bf16,cuda_graph,hot,aligned,85.4400023818016,indexed,175.55999755859375,105.47751950436202,"{""forward"": ""aligned"", ""reverse"": ""aligned""}",True
gb300,O0,2048,16,gate_consumer,bf16,eager,cold,indexed,178.15999686717987,aligned,294.8080003261566,65.47373457013418,"{""forward"": ""indexed"", ""reverse"": ""indexed""}",True
gb300,O0,2048,16,gate_consumer,bf16,eager,hot,indexed,176.96800082921982,aligned,357.5199991464615,102.02522347047393,"{""forward"": ""indexed"", ""reverse"": ""indexed""}",True
gb300,O0,2048,32,down_a,bf16,cuda_graph,cold,aligned,51.98400095105171,indexed,66.00799784064293,26.977525071216157,"{""forward"": ""aligned"", ""reverse"": ""aligned""}",True
gb300,O0,2048,32,down_a,bf16,cuda_graph,hot,aligned,44.08000037074089,indexed,58.84000100195408,33.484574653067554,"{""forward"": ""aligned"", ""reverse"": ""aligned""}",True
gb300,O0,2048,32,down_a,bf16,eager,cold,indexed,66.58400036394596,aligned,260.4000046849251,291.0849502306668,"{""forward"": ""indexed"", ""reverse"": ""indexed""}",True
gb300,O0,2048,32,down_a,bf16,eager,hot,indexed,60.69600023329258,aligned,336.37600392103195,454.1979745421925,"{""forward"": ""indexed"", ""reverse"": ""indexed""}",True
gb300,O0,2048,32,down_finalize,bf16,cuda_graph,cold,aligned,128.4400001168251,indexed,277.48800069093704,116.04484618385426,"{""forward"": ""aligned"", ""reverse"": ""aligned""}",True
gb300,O0,2048,32,down_finalize,bf16,cuda_graph,hot,aligned,127.43999809026718,indexed,275.90399980545044,116.49717823286889,"{""forward"": ""aligned"", ""reverse"": ""aligned""}",True
gb300,O0,2048,32,down_finalize,bf16,eager,cold,indexed,277.26399153470993,aligned,310.528002679348,11.99723446254788,"{""forward"": ""indexed"", ""reverse"": ""indexed""}",True
gb300,O0,2048,32,down_finalize,bf16,eager,hot,indexed,275.08799731731415,aligned,364.6559938788414,32.559761761692045,"{""forward"": ""indexed"", ""reverse"": ""indexed""}",True
gb300,O0,2048,32,gate_a,bf16,cuda_graph,cold,aligned,72.45600037276745,segmented,164.64800015091896,127.23859901712409,"{""forward"": ""aligned"", ""reverse"": ""aligned""}",True
gb300,O0,2048,32,gate_a,bf16,cuda_graph,hot,aligned,64.99200314283371,segmented,158.160001039505,143.35301789654778,"{""forward"": ""aligned"", ""reverse"": ""aligned""}",True
gb300,O0,2048,32,gate_a,bf16,eager,cold,aligned,270.7200050354004,bmm,306.67999386787415,13.28309255452751,"{""forward"": ""aligned"", ""reverse"": ""aligned""}",True
gb300,O0,2048,32,gate_a,bf16,eager,hot,aligned,339.4400030374527,indexed,360.50400137901306,6.205514421715419,"{""forward"": ""aligned"", ""reverse"": ""aligned""}",True
gb300,O0,2048,32,gate_consumer,bf16,cuda_graph,cold,aligned,78.57600226998329,segmented,211.14400029182434,168.71308566493863,"{""forward"": ""aligned"", ""reverse"": ""aligned""}",True
gb300,O0,2048,32,gate_consumer,bf16,cuda_graph,hot,aligned,62.92800232768059,segmented,204.24799993634224,224.57410434352565,"{""forward"": ""aligned"", ""reverse"": ""aligned""}",True
gb300,O0,2048,32,gate_consumer,bf16,eager,cold,indexed,243.72799322009087,aligned,294.7839945554733,20.947943098714127,"{""forward"": ""indexed"", ""reverse"": ""indexed""}",True
gb300,O0,2048,32,gate_consumer,bf16,eager,hot,indexed,241.83199927210808,aligned,350.5199998617172,44.943597587064566,"{""forward"": ""indexed"", ""reverse"": ""indexed""}",True
gb300,O0,2048,64,down_a,bf16,cuda_graph,cold,aligned,55.57599849998951,indexed,115.83999916911125,108.43529994181411,"{""forward"": ""aligned"", ""reverse"": ""aligned""}",True
gb300,O0,2048,64,down_a,bf16,cuda_graph,hot,aligned,46.54400050640106,indexed,110.03200337290764,136.40426730782468,"{""forward"": ""aligned"", ""reverse"": ""aligned""}",True
gb300,O0,2048,64,down_a,bf16,eager,cold,indexed,117.16799810528755,aligned,267.4480006098747,128.26028005492168,"{""forward"": ""indexed"", ""reverse"": ""indexed""}",True
gb300,O0,2048,64,down_a,bf16,eager,hot,indexed,112.10400052368641,aligned,334.9200040102005,198.7582980497073,"{""forward"": ""indexed"", ""reverse"": ""indexed""}",True
gb300,O0,2048,64,down_finalize,bf16,cuda_graph,cold,aligned,145.1759971678257,bmm,294.8239967226982,103.08040066835366,"{""forward"": ""aligned"", ""reverse"": ""aligned""}",True
gb300,O0,2048,64,down_finalize,bf16,cuda_graph,hot,aligned,144.83999833464622,bmm,293.9840033650398,102.9715594761353,"{""forward"": ""aligned"", ""reverse"": ""aligned""}",True
gb300,O0,2048,64,down_finalize,bf16,eager,cold,aligned,311.8080049753189,bmm,371.44800275564194,19.12715415534114,"{""forward"": ""aligned"", ""reverse"": ""aligned""}",True
gb300,O0,2048,64,down_finalize,bf16,eager,hot,aligned,368.76799911260605,bmm,418.783999979496,13.56299922640989,"{""forward"": ""aligned"", ""reverse"": ""aligned""}",True
gb300,O0,2048,64,gate_a,bf16,cuda_graph,cold,aligned,93.6719998717308,bmm,175.44000223279,87.2918294399903,"{""forward"": ""aligned"", ""reverse"": ""aligned""}",True
gb300,O0,2048,64,gate_a,bf16,cuda_graph,hot,aligned,85.4560025036335,bmm,173.47199842333794,102.99568589808783,"{""forward"": ""aligned"", ""reverse"": ""aligned""}",True
gb300,O0,2048,64,gate_a,bf16,eager,cold,aligned,274.1840034723282,bmm,303.2799959182739,10.61184900558294,"{""forward"": ""aligned"", ""reverse"": ""aligned""}",True
gb300,O0,2048,64,gate_a,bf16,eager,hot,aligned,332.2320058941841,bmm,372.0959946513176,11.998840584260307,"{""forward"": ""aligned"", ""reverse"": ""aligned""}",True
gb300,O0,2048,64,gate_consumer,bf16,cuda_graph,cold,aligned,89.03999999165535,segmented,225.23200139403343,152.95597643209987,"{""forward"": ""aligned"", ""reverse"": ""aligned""}",True
gb300,O0,2048,64,gate_consumer,bf16,cuda_graph,hot,aligned,77.2479996085167,segmented,214.47999775409698,177.6511998253095,"{""forward"": ""aligned"", ""reverse"": ""aligned""}",True
gb300,O0,2048,64,gate_consumer,bf16,eager,cold,aligned,293.720006942749,segmented,342.73599833250046,16.6879988530388,"{""forward"": ""aligned"", ""reverse"": ""aligned""}",True
gb300,O0,2048,64,gate_consumer,bf16,eager,hot,aligned,361.28799617290497,indexed,391.1760002374649,8.272625822380263,"{""forward"": ""aligned"", ""reverse"": ""aligned""}",True
gb300,O0,256,128,down_a,bf16,cuda_graph,cold,indexed,35.71199905127287,aligned,41.72000102698803,16.823482681799117,"{""forward"": ""indexed"", ""reverse"": ""indexed""}",True
gb300,O0,256,128,down_a,bf16,cuda_graph,hot,indexed,34.2399999499321,aligned,34.76000018417835,1.5186922751361909,"{""forward"": ""indexed"", ""reverse"": ""indexed""}",True
gb300,O0,256,128,down_a,bf16,eager,cold,indexed,37.01599966734648,aligned,256.351999938488,592.5437709159803,"{""forward"": ""indexed"", ""reverse"": ""indexed""}",True
gb300,O0,256,128,down_a,bf16,eager,hot,indexed,47.7680005133152,bmm,327.2079974412918,584.9941256178045,"{""forward"": ""indexed"", ""reverse"": ""indexed""}",True
gb300,O0,256,128,down_finalize,bf16,cuda_graph,cold,aligned,59.13599953055382,bmm,86.15200035274029,45.68452556251814,"{""forward"": ""aligned"", ""reverse"": ""aligned""}",True
gb300,O0,256,128,down_finalize,bf16,cuda_graph,hot,aligned,46.54400050640106,bmm,75.21599903702736,61.6019212329699,"{""forward"": ""aligned"", ""reverse"": ""aligned""}",True
gb300,O0,256,128,down_finalize,bf16,eager,cold,indexed,174.43200200796127,aligned,287.9679948091507,65.08896962382369,"{""forward"": ""indexed"", ""reverse"": ""indexed""}",True
gb300,O0,256,128,down_finalize,bf16,eager,hot,indexed,143.8560038805008,aligned,359.5600053668022,149.9443858217303,"{""forward"": ""indexed"", ""reverse"": ""indexed""}",True
gb300,O0,256,128,gate_a,bf16,cuda_graph,cold,aligned,51.90400034189224,bmm,81.72000013291836,57.44451216597524,"{""forward"": ""aligned"", ""reverse"": ""aligned""}",True
gb300,O0,256,128,gate_a,bf16,cuda_graph,hot,aligned,45.54400034248829,bmm,72.14399799704552,58.40505325515273,"{""forward"": ""aligned"", ""reverse"": ""aligned""}",True
gb300,O0,256,128,gate_a,bf16,eager,cold,indexed,188.20800259709358,aligned,250.90399384498596,33.31207514172969,"{""forward"": ""indexed"", ""reverse"": ""indexed""}",True
gb300,O0,256,128,gate_a,bf16,eager,hot,indexed,185.248002409935,aligned,327.9839977622032,77.05130068631345,"{""forward"": ""indexed"", ""reverse"": ""indexed""}",True
gb300,O0,256,128,gate_consumer,bf16,cuda_graph,cold,aligned,54.00000140070915,segmented,78.9520014077425,46.20740622185553,"{""forward"": ""aligned"", ""reverse"": ""aligned""}",True
gb300,O0,256,128,gate_consumer,bf16,cuda_graph,hot,aligned,42.447999119758606,segmented,69.33599710464478,63.343381413637466,"{""forward"": ""aligned"", ""reverse"": ""aligned""}",True
gb300,O0,256,128,gate_consumer,bf16,eager,cold,indexed,112.41600103676319,aligned,280.288003385067,149.33105678915314,"{""forward"": ""indexed"", ""reverse"": ""indexed""}",True
gb300,O0,256,128,gate_consumer,bf16,eager,hot,indexed,107.85600170493126,aligned,354.12000119686127,228.32665368557846,"{""forward"": ""indexed"", ""reverse"": ""indexed""}",True
gb300,O0,256,16,down_a,bf16,cuda_graph,cold,indexed,17.351999878883362,aligned,39.44799955934286,127.3397869680104,"{""forward"": ""indexed"", ""reverse"": ""indexed""}",True
gb300,O0,256,16,down_a,bf16,cuda_graph,hot,indexed,15.632000286132097,aligned,33.863999880850315,116.63254389070543,"{""forward"": ""indexed"", ""reverse"": ""indexed""}",True
gb300,O0,256,16,down_a,bf16,eager,cold,indexed,18.15999997779727,bmm,268.3040052652359,1377.4449647206443,"{""forward"": ""indexed"", ""reverse"": ""indexed""}",True
gb300,O0,256,16,down_a,bf16,eager,hot,indexed,43.44000015407801,bmm,334.416002035141,669.8342560980565,"{""forward"": ""indexed"", ""reverse"": ""indexed""}",True
gb300,O0,256,16,down_finalize,bf16,cuda_graph,cold,indexed,31.50400146842003,aligned,47.51999955624342,50.83798038759619,"{""forward"": ""indexed"", ""reverse"": ""indexed""}",True
gb300,O0,256,16,down_finalize,bf16,cuda_graph,hot,indexed,30.136000365018845,aligned,40.607999078929424,34.749132555978555,"{""forward"": ""indexed"", ""reverse"": ""indexed""}",True
gb300,O0,256,16,down_finalize,bf16,eager,cold,indexed,31.727999448776245,bmm,302.15200036764145,852.3197353033727,"{""forward"": ""indexed"", ""reverse"": ""indexed""}",True
gb300,O0,256,16,down_finalize,bf16,eager,hot,indexed,38.256000727415085,one_shot_fp32,335.1759910583496,776.1396504735927,"{""forward"": ""indexed"", ""reverse"": ""indexed""}",True
gb300,O0,256,16,gate_a,bf16,cuda_graph,cold,indexed,37.62399964034557,aligned,43.92800107598305,16.75526657425721,"{""forward"": ""indexed"", ""reverse"": ""indexed""}",True
gb300,O0,256,16,gate_a,bf16,cuda_graph,hot,indexed,33.11199974268675,aligned,36.30400076508522,9.640012826780332,"{""forward"": ""indexed"", ""reverse"": ""indexed""}",True
gb300,O0,256,16,gate_a,bf16,eager,cold,indexed,37.951999343931675,aligned,273.70399236679077,621.1846466543392,"{""forward"": ""indexed"", ""reverse"": ""indexed""}",True
gb300,O0,256,16,gate_a,bf16,eager,hot,indexed,51.92800052464008,aligned,341.99199825525284,558.5888052688954,"{""forward"": ""indexed"", ""reverse"": ""indexed""}",True
gb300,O0,256,16,gate_consumer,bf16,cuda_graph,cold,indexed,31.488001346588135,aligned,49.120000563561916,55.995930077932,"{""forward"": ""indexed"", ""reverse"": ""indexed""}",True
gb300,O0,256,16,gate_consumer,bf16,cuda_graph,hot,indexed,30.160000547766685,aligned,39.63200002908707,31.405833253613036,"{""forward"": ""indexed"", ""reverse"": ""indexed""}",True
gb300,O0,256,16,gate_consumer,bf16,eager,cold,indexed,31.88799973577261,aligned,290.0480031967163,809.5835599601268,"{""forward"": ""indexed"", ""reverse"": ""indexed""}",True
gb300,O0,256,16,gate_consumer,bf16,eager,hot,indexed,70.82399912178516,aligned,359.76000875234604,407.9634208931381,"{""forward"": ""indexed"", ""reverse"": ""indexed""}",True
gb300,O0,256,32,down_a,bf16,cuda_graph,cold,indexed,17.16800034046173,aligned,41.704000905156136,142.9170554410329,"{""forward"": ""indexed"", ""reverse"": ""indexed""}",True
gb300,O0,256,32,down_a,bf16,cuda_graph,hot,indexed,16.128000104799867,aligned,34.199999645352364,112.05356785168968,"{""forward"": ""indexed"", ""reverse"": ""indexed""}",True
gb300,O0,256,32,down_a,bf16,eager,cold,indexed,18.887999933212996,aligned,361.9839921593666,1816.4760347274648,"{""forward"": ""indexed"", ""reverse"": ""indexed""}",True
gb300,O0,256,32,down_a,bf16,eager,hot,indexed,60.784000903367996,aligned,429.49600517749786,606.5938385008477,"{""forward"": ""indexed"", ""reverse"": ""indexed""}",True
gb300,O0,256,32,down_finalize,bf16,cuda_graph,cold,indexed,43.752001598477364,aligned,50.944000482559204,16.43810253547837,"{""forward"": ""indexed"", ""reverse"": ""indexed""}",True
gb300,O0,256,32,down_finalize,bf16,cuda_graph,hot,indexed,40.383998304605484,aligned,41.42399877309799,2.575278605768716,"{""forward"": ""indexed"", ""reverse"": ""indexed""}",True
gb300,O0,256,32,down_finalize,bf16,eager,cold,indexed,41.919998824596405,aligned,321.6640055179596,667.3282789531578,"{""forward"": ""indexed"", ""reverse"": ""indexed""}",True
gb300,O0,256,32,down_finalize,bf16,eager,hot,indexed,43.01599971950054,aligned,390.1840001344681,807.0671440366061,"{""forward"": ""indexed"", ""reverse"": ""indexed""}",True
gb300,O0,256,32,gate_a,bf16,cuda_graph,cold,aligned,46.5759988874197,indexed,56.727999821305275,21.796635985036605,"{""forward"": ""aligned"", ""reverse"": ""aligned""}",True
gb300,O0,256,32,gate_a,bf16,cuda_graph,hot,aligned,38.32000121474266,indexed,54.05599996447563,41.06471359838826,"{""forward"": ""aligned"", ""reverse"": ""aligned""}",True
gb300,O0,256,32,gate_a,bf16,eager,cold,indexed,57.60800000280142,aligned,269.336000084877,367.5322873069356,"{""forward"": ""indexed"", ""reverse"": ""indexed""}",True
gb300,O0,256,32,gate_a,bf16,eager,hot,indexed,54.91199903190136,aligned,336.40799671411514,512.6311236978961,"{""forward"": ""indexed"", ""reverse"": ""indexed""}",True
gb300,O0,256,32,gate_consumer,bf16,cuda_graph,cold,indexed,40.71200080215931,aligned,44.17600017040968,8.50854612890124,"{""forward"": ""indexed"", ""reverse"": ""indexed""}",True
gb300,O0,256,32,gate_consumer,bf16,cuda_graph,hot,aligned,37.31200098991394,indexed,38.336001336574554,2.7444262422093635,"{""forward"": ""aligned"", ""reverse"": ""aligned""}",True
gb300,O0,256,32,gate_consumer,bf16,eager,cold,indexed,58.39999858289957,aligned,293.95200312137604,403.3424833120626,"{""forward"": ""indexed"", ""reverse"": ""indexed""}",True
gb300,O0,256,32,gate_consumer,bf16,eager,hot,indexed,98.5920000821352,aligned,362.5999987125397,267.77831711544974,"{""forward"": ""indexed"", ""reverse"": ""indexed""}",True
gb300,O0,256,64,down_a,bf16,cuda_graph,cold,indexed,23.288000375032425,aligned,39.6720003336668,70.35382898825449,"{""forward"": ""indexed"", ""reverse"": ""indexed""}",True
gb300,O0,256,64,down_a,bf16,cuda_graph,hot,indexed,21.84000052511692,aligned,33.75199995934963,54.54212064021433,"{""forward"": ""indexed"", ""reverse"": ""indexed""}",True
gb300,O0,256,64,down_a,bf16,eager,cold,indexed,24.57600086927414,bmm,259.72000136971474,956.8033536100118,"{""forward"": ""indexed"", ""reverse"": ""indexed""}",True
gb300,O0,256,64,down_a,bf16,eager,hot,indexed,47.760000452399254,bmm,328.37599515914917,587.5544222124332,"{""forward"": ""indexed"", ""reverse"": ""indexed""}",True
gb300,O0,256,64,down_finalize,bf16,cuda_graph,cold,aligned,51.96800082921982,indexed,68.36799904704094,31.55787784047288,"{""forward"": ""aligned"", ""reverse"": ""aligned""}",True
gb300,O0,256,64,down_finalize,bf16,cuda_graph,hot,aligned,42.647999711334705,indexed,62.936002388596535,47.5708188299153,"{""forward"": ""aligned"", ""reverse"": ""aligned""}",True
gb300,O0,256,64,down_finalize,bf16,eager,cold,indexed,68.27999837696552,aligned,287.7040058374405,321.35912811400766,"{""forward"": ""indexed"", ""reverse"": ""indexed""}",True
gb300,O0,256,64,down_finalize,bf16,eager,hot,indexed,62.51200009137392,aligned,364.3839955329895,482.9024747254426,"{""forward"": ""indexed"", ""reverse"": ""indexed""}",True
gb300,O0,256,64,gate_a,bf16,cuda_graph,cold,aligned,46.01599927991629,bmm,74.53600130975246,61.97844766197167,"{""forward"": ""aligned"", ""reverse"": ""aligned""}",True
gb300,O0,256,64,gate_a,bf16,cuda_graph,hot,aligned,40.63999839127064,bmm,64.39200229942799,58.44489381982656,"{""forward"": ""aligned"", ""reverse"": ""aligned""}",True
gb300,O0,256,64,gate_a,bf16,eager,cold,indexed,101.87999717891216,aligned,271.40800654888153,166.39969970970853,"{""forward"": ""indexed"", ""reverse"": ""indexed""}",True
gb300,O0,256,64,gate_a,bf16,eager,hot,indexed,99.54399988055229,aligned,339.2319977283478,240.78598221430605,"{""forward"": ""indexed"", ""reverse"": ""indexed""}",True
gb300,O0,256,64,gate_consumer,bf16,cuda_graph,cold,aligned,41.07999987900257,indexed,59.464000165462494,44.75170482134454,"{""forward"": ""aligned"", ""reverse"": ""aligned""}",True
gb300,O0,256,64,gate_consumer,bf16,cuda_graph,hot,aligned,36.288000643253326,indexed,56.784000247716904,56.48147939027939,"{""forward"": ""aligned"", ""reverse"": ""aligned""}",True
gb300,O0,256,64,gate_consumer,bf16,eager,cold,indexed,61.423998326063156,aligned,276.7760008573532,350.59912802829194,"{""forward"": ""indexed"", ""reverse"": ""indexed""}",True
gb300,O0,256,64,gate_consumer,bf16,eager,hot,indexed,71.07999920845032,aligned,350.50400346517563,393.1119968604419,"{""forward"": ""indexed"", ""reverse"": ""indexed""}",True
gb300,O0,32,128,down_a,bf16,cuda_graph,cold,indexed,13.040000107139349,aligned,36.91999986767769,183.12883101484124,"{""forward"": ""indexed"", ""reverse"": ""indexed""}",True
gb300,O0,32,128,down_a,bf16,cuda_graph,hot,indexed,12.44799979031086,aligned,31.183999963104725,150.51414274104818,"{""forward"": ""indexed"", ""reverse"": ""indexed""}",True
gb300,O0,32,128,down_a,bf16,eager,cold,indexed,13.663999969139695,aligned,265.52800089120865,1843.2669898339195,"{""forward"": ""indexed"", ""reverse"": ""indexed""}",True
gb300,O0,32,128,down_a,bf16,eager,hot,indexed,45.487998984754086,aligned,335.55199950933456,637.6714891806943,"{""forward"": ""indexed"", ""reverse"": ""indexed""}",True
gb300,O0,32,128,down_finalize,bf16,cuda_graph,cold,indexed,33.61600078642368,aligned,43.27999986708164,28.74821172826991,"{""forward"": ""indexed"", ""reverse"": ""indexed""}",True
gb300,O0,32,128,down_finalize,bf16,cuda_graph,hot,indexed,26.040000841021538,aligned,34.847999922931194,33.82488017448206,"{""forward"": ""indexed"", ""reverse"": ""indexed""}",True
gb300,O0,32,128,down_finalize,bf16,eager,cold,indexed,33.719999715685844,one_shot_bf16,174.1119995713234,416.3463850515103,"{""forward"": ""indexed"", ""reverse"": ""indexed""}",True
gb300,O0,32,128,down_finalize,bf16,eager,hot,indexed,38.55200111865997,one_shot_bf16,171.4559979736805,344.7395543643835,"{""forward"": ""indexed"", ""reverse"": ""indexed""}",True
gb300,O0,32,128,gate_a,bf16,cuda_graph,cold,indexed,37.62399964034557,aligned,42.77600068598986,13.69339010975219,"{""forward"": ""indexed"", ""reverse"": ""indexed""}",True
gb300,O0,32,128,gate_a,bf16,cuda_graph,hot,indexed,33.02399907261133,aligned,35.84800008684397,8.551359900487455,"{""forward"": ""indexed"", ""reverse"": ""indexed""}",True
gb300,O0,32,128,gate_a,bf16,eager,cold,indexed,38.64799905568361,aligned,267.2000005841255,591.3682651439385,"{""forward"": ""indexed"", ""reverse"": ""indexed""}",True
gb300,O0,32,128,gate_a,bf16,eager,hot,indexed,49.04800094664097,aligned,334.5920071005821,582.1725669606449,"{""forward"": ""indexed"", ""reverse"": ""indexed""}",True
gb300,O0,32,128,gate_consumer,bf16,cuda_graph,cold,indexed,25.383999571204185,aligned,43.999998830258846,73.3375337753031,"{""forward"": ""indexed"", ""reverse"": ""indexed""}",True
gb300,O0,32,128,gate_consumer,bf16,cuda_graph,hot,indexed,22.78399933129549,aligned,35.136000253260136,54.21348878376355,"{""forward"": ""indexed"", ""reverse"": ""indexed""}",True
gb300,O0,32,128,gate_consumer,bf16,eager,cold,indexed,25.967999827116728,aligned,299.23199862241745,1052.3105384110045,"{""forward"": ""indexed"", ""reverse"": ""indexed""}",True
gb300,O0,32,128,gate_consumer,bf16,eager,hot,indexed,71.72800041735172,aligned,367.0080006122589,411.6662927682507,"{""forward"": ""indexed"", ""reverse"": ""indexed""}",True
gb300,O0,32,16,down_a,bf16,cuda_graph,cold,indexed,12.232000008225441,aligned,36.6239994764328,199.41137550527216,"{""forward"": ""indexed"", ""reverse"": ""indexed""}",True
gb300,O0,32,16,down_a,bf16,cuda_graph,hot,indexed,10.288000106811523,aligned,31.20000008493662,203.26593857905956,"{""forward"": ""indexed"", ""reverse"": ""indexed""}",True
gb300,O0,32,16,down_a,bf16,eager,cold,indexed,11.896000243723392,aligned,309.33599919080734,2500.336187400637,"{""forward"": ""indexed"", ""reverse"": ""indexed""}",True
gb300,O0,32,16,down_a,bf16,eager,hot,indexed,47.983999364078045,aligned,377.591997385025,686.912309080471,"{""forward"": ""indexed"", ""reverse"": ""indexed""}",True
gb300,O0,32,16,down_finalize,bf16,cuda_graph,cold,indexed,11.008000001311302,aligned,39.65600021183491,260.2470949047146,"{""forward"": ""indexed"", ""reverse"": ""indexed""}",True
gb300,O0,32,16,down_finalize,bf16,cuda_graph,hot,indexed,10.255999863147736,aligned,33.22399966418743,223.9469589266398,"{""forward"": ""indexed"", ""reverse"": ""indexed""}",True
gb300,O0,32,16,down_finalize,bf16,eager,cold,indexed,10.623999871313572,one_shot_fp32,55.656000040471554,423.8704886541959,"{""forward"": ""indexed"", ""reverse"": ""indexed""}",True
gb300,O0,32,16,down_finalize,bf16,eager,hot,indexed,35.44799983501434,one_shot_bf16,78.31999845802784,120.94335032315695,"{""forward"": ""indexed"", ""reverse"": ""indexed""}",True
gb300,O0,32,16,gate_a,bf16,cuda_graph,cold,indexed,19.55999992787838,aligned,39.69600051641464,102.94478866452819,"{""forward"": ""indexed"", ""reverse"": ""indexed""}",True
gb300,O0,32,16,gate_a,bf16,cuda_graph,hot,indexed,13.767999596893787,aligned,32.207999378442764,133.93376177690504,"{""forward"": ""indexed"", ""reverse"": ""indexed""}",True
gb300,O0,32,16,gate_a,bf16,eager,cold,indexed,21.47199958562851,aligned,310.2400079369545,1344.8584851156677,"{""forward"": ""indexed"", ""reverse"": ""indexed""}",True
gb300,O0,32,16,gate_a,bf16,eager,hot,indexed,48.063999973237514,aligned,384.5359981060028,700.0499299270057,"{""forward"": ""indexed"", ""reverse"": ""indexed""}",True
gb300,O0,32,16,gate_consumer,bf16,cuda_graph,cold,indexed,17.160000279545784,aligned,39.424000307917595,129.74358779533267,"{""forward"": ""indexed"", ""reverse"": ""indexed""}",True
gb300,O0,32,16,gate_consumer,bf16,cuda_graph,hot,indexed,15.896000433713198,aligned,34.928000532090664,119.72823087003226,"{""forward"": ""indexed"", ""reverse"": ""indexed""}",True
gb300,O0,32,16,gate_consumer,bf16,eager,cold,indexed,18.192000221461058,aligned,342.5840064883232,1783.157444579281,"{""forward"": ""indexed"", ""reverse"": ""indexed""}",True
gb300,O0,32,16,gate_consumer,bf16,eager,hot,indexed,73.37599992752075,aligned,414.12000358104706,464.3807293803232,"{""forward"": ""indexed"", ""reverse"": ""indexed""}",True
gb300,O0,32,32,down_a,bf16,cuda_graph,cold,indexed,12.520000105723739,aligned,35.82399897277355,186.13417468260226,"{""forward"": ""indexed"", ""reverse"": ""indexed""}",True
gb300,O0,32,32,down_a,bf16,cuda_graph,hot,indexed,10.31200005672872,aligned,30.73600074276328,198.06051758802718,"{""forward"": ""indexed"", ""reverse"": ""indexed""}",True
gb300,O0,32,32,down_a,bf16,eager,cold,indexed,12.527999700978398,aligned,284.39200669527054,2170.0511931929595,"{""forward"": ""indexed"", ""reverse"": ""indexed""}",True
gb300,O0,32,32,down_a,bf16,eager,hot,indexed,43.712000362575054,bmm,348.06399792432785,696.2664600962306,"{""forward"": ""indexed"", ""reverse"": ""indexed""}",True
gb300,O0,32,32,down_finalize,bf16,cuda_graph,cold,indexed,13.063999824225903,aligned,39.69600051641464,203.8579382311558,"{""forward"": ""indexed"", ""reverse"": ""indexed""}",True
gb300,O0,32,32,down_finalize,bf16,cuda_graph,hot,indexed,11.656000278890133,aligned,33.20799954235554,184.9004696962615,"{""forward"": ""indexed"", ""reverse"": ""indexed""}",True
gb300,O0,32,32,down_finalize,bf16,eager,cold,indexed,12.376000173389912,one_shot_fp32,71.89600169658661,480.93083944175123,"{""forward"": ""indexed"", ""reverse"": ""indexed""}",True
gb300,O0,32,32,down_finalize,bf16,eager,hot,indexed,33.920000307261944,one_shot_fp32,71.95999845862389,112.1462199492314,"{""forward"": ""indexed"", ""reverse"": ""indexed""}",True
gb300,O0,32,32,gate_a,bf16,cuda_graph,cold,indexed,21.247999742627144,aligned,39.72800076007843,86.97289740820744,"{""forward"": ""indexed"", ""reverse"": ""indexed""}",True
gb300,O0,32,32,gate_a,bf16,cuda_graph,hot,indexed,17.791999503970146,aligned,32.42399962618947,82.23921161280556,"{""forward"": ""indexed"", ""reverse"": ""indexed""}",True
gb300,O0,32,32,gate_a,bf16,eager,cold,indexed,22.431999910622835,aligned,290.6639948487282,1195.7560449662901,"{""forward"": ""indexed"", ""reverse"": ""indexed""}",True
gb300,O0,32,32,gate_a,bf16,eager,hot,indexed,47.18399979174137,aligned,357.2080060839653,657.0532546214693,"{""forward"": ""indexed"", ""reverse"": ""indexed""}",True
gb300,O0,32,32,gate_consumer,bf16,cuda_graph,cold,indexed,18.199999816715717,aligned,38.863999769091606,113.53846242018707,"{""forward"": ""indexed"", ""reverse"": ""indexed""}",True
gb300,O0,32,32,gate_consumer,bf16,cuda_graph,hot,indexed,16.296000219881535,aligned,31.943999230861664,96.02355670006173,"{""forward"": ""indexed"", ""reverse"": ""indexed""}",True
gb300,O0,32,32,gate_consumer,bf16,eager,cold,indexed,18.264000304043293,aligned,316.551998257637,1633.2018888959315,"{""forward"": ""indexed"", ""reverse"": ""indexed""}",True
gb300,O0,32,32,gate_consumer,bf16,eager,hot,indexed,70.71200013160706,aligned,387.5199928879738,448.02578369545927,"{""forward"": ""indexed"", ""reverse"": ""indexed""}",True
gb300,O0,32,64,down_a,bf16,cuda_graph,cold,indexed,12.464000377804041,aligned,36.11999936401844,189.79459458570886,"{""forward"": ""indexed"", ""reverse"": ""indexed""}",True
gb300,O0,32,64,down_a,bf16,cuda_graph,hot,indexed,10.1200002245605,aligned,31.76799975335598,213.91303407540815,"{""forward"": ""indexed"", ""reverse"": ""indexed""}",True
gb300,O0,32,64,down_a,bf16,eager,cold,indexed,13.319999910891056,aligned,271.90399914979935,1941.3213285945885,"{""forward"": ""indexed"", ""reverse"": ""indexed""}",True
gb300,O0,32,64,down_a,bf16,eager,hot,indexed,44.48799975216389,bmm,340.6880050897598,665.79753413883,"{""forward"": ""indexed"", ""reverse"": ""indexed""}",True
gb300,O0,32,64,down_finalize,bf16,cuda_graph,cold,indexed,20.263999700546265,aligned,40.68800061941147,100.78958359989825,"{""forward"": ""indexed"", ""reverse"": ""indexed""}",True
gb300,O0,32,64,down_finalize,bf16,cuda_graph,hot,indexed,15.720000490546227,aligned,33.23199972510338,111.39948274867173,"{""forward"": ""indexed"", ""reverse"": ""indexed""}",True
gb300,O0,32,64,down_finalize,bf16,eager,cold,indexed,19.279999658465385,one_shot_bf16,110.59200018644333,473.6099696344395,"{""forward"": ""indexed"", ""reverse"": ""indexed""}",True
gb300,O0,32,64,down_finalize,bf16,eager,hot,indexed,35.296001471579075,one_shot_fp32,105.83200119435787,199.84133267779796,"{""forward"": ""indexed"", ""reverse"": ""indexed""}",True
gb300,O0,32,64,gate_a,bf16,cuda_graph,cold,indexed,23.336000740528107,aligned,40.70400074124336,74.42577755215743,"{""forward"": ""indexed"", ""reverse"": ""indexed""}",True
gb300,O0,32,64,gate_a,bf16,cuda_graph,hot,indexed,21.90400008112192,aligned,33.28800015151501,51.97224264167368,"{""forward"": ""indexed"", ""reverse"": ""indexed""}",True
gb300,O0,32,64,gate_a,bf16,eager,cold,indexed,24.056000635027885,aligned,271.63200080394745,1029.1652545453658,"{""forward"": ""indexed"", ""reverse"": ""indexed""}",True
gb300,O0,32,64,gate_a,bf16,eager,hot,indexed,48.53600077331066,aligned,345.16800194978714,611.1587202289454,"{""forward"": ""indexed"", ""reverse"": ""indexed""}",True
gb300,O0,32,64,gate_consumer,bf16,cuda_graph,cold,indexed,19.19200038537383,aligned,38.83200045675039,102.33430427786021,"{""forward"": ""indexed"", ""reverse"": ""indexed""}",True
gb300,O0,32,64,gate_consumer,bf16,cuda_graph,hot,indexed,17.799999564886093,aligned,34.05599948018789,91.3258444532205,"{""forward"": ""indexed"", ""reverse"": ""indexed""}",True
gb300,O0,32,64,gate_consumer,bf16,eager,cold,indexed,20.0719996355474,aligned,300.57600140571594,1397.4890736516231,"{""forward"": ""indexed"", ""reverse"": ""indexed""}",True
gb300,O0,32,64,gate_consumer,bf16,eager,hot,indexed,70.88800147175789,aligned,370.1679930090904,422.18709136068264,"{""forward"": ""indexed"", ""reverse"": ""indexed""}",True
h200,K0,1,128,down_a,bf16,cuda_graph,cold,aligned,8.751999819651246,indexed,9.976000059396029,13.985377798985787,"{""forward"": ""aligned"", ""reverse"": ""aligned""}",True
h200,K0,1,128,down_a,bf16,cuda_graph,hot,indexed,10.543999960646033,aligned,10.58399979956448,0.37936114442091995,"{""forward"": ""indexed"", ""reverse"": ""segmented""}",False
h200,K0,1,128,down_a,bf16,eager,cold,aligned,9.336000075563788,indexed,10.655999882146716,14.1388152945491,"{""forward"": ""aligned"", ""reverse"": ""aligned""}",True
h200,K0,1,128,down_a,bf16,eager,hot,indexed,32.759999856352806,segmented,34.53600034117699,5.42124692494399,"{""forward"": ""indexed"", ""reverse"": ""indexed""}",True
h200,K0,1,128,down_finalize,bf16,cuda_graph,cold,segmented,11.975999921560287,indexed,12.295999797061086,2.672009665971231,"{""forward"": ""segmented"", ""reverse"": ""segmented""}",True
h200,K0,1,128,down_finalize,bf16,cuda_graph,hot,aligned,11.08799991197884,segmented,11.16799982264638,0.7214999215603424,"{""forward"": ""aligned"", ""reverse"": ""segmented""}",False
h200,K0,1,128,down_finalize,bf16,eager,cold,indexed,12.535999994724989,segmented,13.104000128805637,4.530951932990246,"{""forward"": ""indexed"", ""reverse"": ""indexed""}",True
h200,K0,1,128,down_finalize,bf16,eager,hot,indexed,31.32000006735325,segmented,55.20800035446882,76.27075426482996,"{""forward"": ""indexed"", ""reverse"": ""indexed""}",True
h200,K0,1,128,gate_a,bf16,cuda_graph,cold,aligned,12.55199988372624,indexed,18.24799971655011,45.37922152316762,"{""forward"": ""aligned"", ""reverse"": ""aligned""}",True
h200,K0,1,128,gate_a,bf16,cuda_graph,hot,aligned,10.752000147476792,indexed,13.159999856725335,22.3958303219856,"{""forward"": ""aligned"", ""reverse"": ""aligned""}",True
h200,K0,1,128,gate_a,bf16,eager,cold,aligned,13.160000089555979,indexed,19.29599978029728,46.626137150340476,"{""forward"": ""aligned"", ""reverse"": ""aligned""}",True
h200,K0,1,128,gate_a,bf16,eager,hot,indexed,34.02400016784668,segmented,36.91199980676174,8.488124925546758,"{""forward"": ""indexed"", ""reverse"": ""indexed""}",True
h200,K0,1,128,gate_consumer,bf16,cuda_graph,cold,segmented,12.119999853894114,aligned,12.184000108391047,0.5280549114558664,"{""forward"": ""aligned"", ""reverse"": ""segmented""}",False
h200,K0,1,128,gate_consumer,bf16,cuda_graph,hot,aligned,10.584000032395124,segmented,10.648000054061413,0.6046865218291675,"{""forward"": ""aligned"", ""reverse"": ""aligned""}",True
h200,K0,1,128,gate_consumer,bf16,eager,cold,segmented,12.775999726727605,aligned,13.496000086888671,5.635569627125259,"{""forward"": ""segmented"", ""reverse"": ""segmented""}",True
h200,K0,1,128,gate_consumer,bf16,eager,hot,segmented,42.44800005108118,indexed,50.46399962157011,18.88428091039063,"{""forward"": ""segmented"", ""reverse"": ""segmented""}",True
h200,K0,1,16,down_a,bf16,cuda_graph,cold,aligned,8.271999889984727,indexed,9.144000010564923,10.541587671392083,"{""forward"": ""aligned"", ""reverse"": ""aligned""}",True
h200,K0,1,16,down_a,bf16,cuda_graph,hot,segmented,10.248000035062432,aligned,10.25600009597838,0.07806460664105952,"{""forward"": ""indexed"", ""reverse"": ""segmented""}",False
h200,K0,1,16,down_a,bf16,eager,cold,aligned,8.855999913066626,indexed,9.8879998549819,11.653115989676156,"{""forward"": ""aligned"", ""reverse"": ""aligned""}",True
h200,K0,1,16,down_a,bf16,eager,hot,indexed,32.87200070917606,segmented,35.38400027900934,7.641760512410989,"{""forward"": ""indexed"", ""reverse"": ""indexed""}",True
h200,K0,1,16,down_finalize,bf16,cuda_graph,cold,indexed,8.48799990490079,aligned,10.479999938979745,23.468426677630116,"{""forward"": ""indexed"", ""reverse"": ""indexed""}",True
h200,K0,1,16,down_finalize,bf16,cuda_graph,hot,indexed,9.728000033646822,aligned,10.383999906480312,6.743419722086186,"{""forward"": ""indexed"", ""reverse"": ""indexed""}",True
h200,K0,1,16,down_finalize,bf16,eager,cold,indexed,8.447999833151698,aligned,11.632000096142292,37.68939779681244,"{""forward"": ""indexed"", ""reverse"": ""indexed""}",True
h200,K0,1,16,down_finalize,bf16,eager,hot,indexed,31.391999684274197,segmented,55.09600043296814,75.50968714034629,"{""forward"": ""indexed"", ""reverse"": ""indexed""}",True
h200,K0,1,16,gate_a,bf16,cuda_graph,cold,aligned,10.856000008061528,indexed,17.176000401377678,58.21665796447124,"{""forward"": ""aligned"", ""reverse"": ""aligned""}",True
h200,K0,1,16,gate_a,bf16,cuda_graph,hot,aligned,10.224000085145235,indexed,12.391999829560518,21.205005148280833,"{""forward"": ""aligned"", ""reverse"": ""aligned""}",True
h200,K0,1,16,gate_a,bf16,eager,cold,aligned,11.319999815896153,indexed,17.992000095546246,58.939932757604026,"{""forward"": ""aligned"", ""reverse"": ""aligned""}",True
h200,K0,1,16,gate_a,bf16,eager,hot,indexed,33.67199935019016,aligned,36.720000207424164,9.052034081892991,"{""forward"": ""indexed"", ""reverse"": ""indexed""}",True
h200,K0,1,16,gate_consumer,bf16,cuda_graph,cold,segmented,10.384000139310956,aligned,11.93600008264184,14.94607013202398,"{""forward"": ""segmented"", ""reverse"": ""segmented""}",True
h200,K0,1,16,gate_consumer,bf16,cuda_graph,hot,segmented,10.184000013396144,aligned,11.01600006222725,8.169678394900659,"{""forward"": ""segmented"", ""reverse"": ""segmented""}",True
h200,K0,1,16,gate_consumer,bf16,eager,cold,segmented,11.144000105559826,aligned,13.288000132888556,19.239052467875272,"{""forward"": ""segmented"", ""reverse"": ""segmented""}",True
h200,K0,1,16,gate_consumer,bf16,eager,hot,segmented,41.975999251008034,indexed,49.61600061506033,18.200880265807662,"{""forward"": ""segmented"", ""reverse"": ""segmented""}",True
h200,K0,1,32,down_a,bf16,cuda_graph,cold,aligned,8.560000220313668,indexed,9.344000136479735,9.158877289577205,"{""forward"": ""aligned"", ""reverse"": ""aligned""}",True
h200,K0,1,32,down_a,bf16,cuda_graph,hot,indexed,10.543999960646033,segmented,10.552000254392624,0.07587532033810351,"{""forward"": ""aligned"", ""reverse"": ""segmented""}",False
h200,K0,1,32,down_a,bf16,eager,cold,aligned,8.800000185146928,indexed,9.880000026896596,12.272725216216983,"{""forward"": ""aligned"", ""reverse"": ""aligned""}",True
h200,K0,1,32,down_a,bf16,eager,hot,indexed,32.70399942994118,segmented,35.35200096666813,8.096873724571596,"{""forward"": ""indexed"", ""reverse"": ""indexed""}",True
h200,K0,1,32,down_finalize,bf16,cuda_graph,cold,indexed,9.927999693900347,segmented,10.639999993145466,7.171639012867459,"{""forward"": ""indexed"", ""reverse"": ""indexed""}",True
h200,K0,1,32,down_finalize,bf16,cuda_graph,hot,indexed,10.511999949812889,aligned,10.584000032395124,0.6849322957190207,"{""forward"": ""indexed"", ""reverse"": ""indexed""}",True
h200,K0,1,32,down_finalize,bf16,eager,cold,indexed,10.055999970063567,segmented,11.439999798312783,13.762925938438197,"{""forward"": ""indexed"", ""reverse"": ""indexed""}",True
h200,K0,1,32,down_finalize,bf16,eager,hot,indexed,30.824000015854836,segmented,54.15999982506037,75.70724045290123,"{""forward"": ""indexed"", ""reverse"": ""indexed""}",True
h200,K0,1,32,gate_a,bf16,cuda_graph,cold,aligned,11.183999944478273,indexed,17.376000061631203,55.364808189309976,"{""forward"": ""aligned"", ""reverse"": ""aligned""}",True
h200,K0,1,32,gate_a,bf16,cuda_graph,hot,aligned,10.67200000397861,indexed,12.616000138223171,18.215893305095786,"{""forward"": ""aligned"", ""reverse"": ""aligned""}",True
h200,K0,1,32,gate_a,bf16,eager,cold,aligned,11.592000257223845,indexed,18.10400001704693,56.176670249510806,"{""forward"": ""aligned"", ""reverse"": ""aligned""}",True
h200,K0,1,32,gate_a,bf16,eager,hot,indexed,33.7759992107749,segmented,37.14400064200163,9.971581921852678,"{""forward"": ""indexed"", ""reverse"": ""indexed""}",True
h200,K0,1,32,gate_consumer,bf16,cuda_graph,cold,segmented,10.1200002245605,aligned,10.479999706149101,3.557307051386327,"{""forward"": ""segmented"", ""reverse"": ""segmented""}",True
h200,K0,1,32,gate_consumer,bf16,cuda_graph,hot,aligned,10.544000193476677,segmented,10.56799991056323,0.22761491508129783,"{""forward"": ""segmented"", ""reverse"": ""aligned""}",False
h200,K0,1,32,gate_consumer,bf16,eager,cold,segmented,10.528000071644783,aligned,11.464000213891268,8.890578798222348,"{""forward"": ""segmented"", ""reverse"": ""segmented""}",True
h200,K0,1,32,gate_consumer,bf16,eager,hot,segmented,42.33599919825792,indexed,49.11999963223934,16.02418878130689,"{""forward"": ""segmented"", ""reverse"": ""segmented""}",True
h200,K0,1,64,down_a,bf16,cuda_graph,cold,aligned,8.967999834567308,indexed,9.768000105395913,8.920609785751665,"{""forward"": ""aligned"", ""reverse"": ""aligned""}",True
h200,K0,1,64,down_a,bf16,cuda_graph,hot,indexed,10.535999899730086,segmented,10.56799991056323,0.30372068277984,"{""forward"": ""indexed"", ""reverse"": ""aligned""}",False
h200,K0,1,64,down_a,bf16,eager,cold,aligned,9.151999838650227,indexed,10.064000030979514,9.965037242218667,"{""forward"": ""aligned"", ""reverse"": ""aligned""}",True
h200,K0,1,64,down_a,bf16,eager,hot,indexed,32.999999821186066,segmented,35.66400054842234,8.07272952021647,"{""forward"": ""indexed"", ""reverse"": ""indexed""}",True
h200,K0,1,64,down_finalize,bf16,cuda_graph,cold,indexed,11.367999948561192,segmented,11.38400030322373,0.14074907402301662,"{""forward"": ""indexed"", ""reverse"": ""indexed""}",True
h200,K0,1,64,down_finalize,bf16,cuda_graph,hot,indexed,10.519999777898192,aligned,10.695999953895807,1.6730055105835584,"{""forward"": ""indexed"", ""reverse"": ""indexed""}",True
h200,K0,1,64,down_finalize,bf16,eager,cold,indexed,11.303999926894903,segmented,11.808000039309263,4.458599749414582,"{""forward"": ""indexed"", ""reverse"": ""indexed""}",True
h200,K0,1,64,down_finalize,bf16,eager,hot,indexed,30.92800034210086,segmented,54.687999188899994,76.82358569576108,"{""forward"": ""indexed"", ""reverse"": ""indexed""}",True
h200,K0,1,64,gate_a,bf16,cuda_graph,cold,aligned,11.640000157058239,indexed,18.07199977338314,55.25772791699388,"{""forward"": ""aligned"", ""reverse"": ""aligned""}",True
h200,K0,1,64,gate_a,bf16,cuda_graph,hot,aligned,10.528000071644783,indexed,12.648000149056315,20.13677871375932,"{""forward"": ""aligned"", ""reverse"": ""aligned""}",True
h200,K0,1,64,gate_a,bf16,eager,cold,aligned,12.023999821394682,indexed,18.736000172793865,55.82169370508729,"{""forward"": ""aligned"", ""reverse"": ""aligned""}",True
h200,K0,1,64,gate_a,bf16,eager,hot,indexed,34.287999384105206,segmented,36.888000555336475,7.582831363548559,"{""forward"": ""indexed"", ""reverse"": ""indexed""}",True
h200,K0,1,64,gate_consumer,bf16,cuda_graph,cold,segmented,10.704000014811754,aligned,11.063999729231,3.363226026916033,"{""forward"": ""segmented"", ""reverse"": ""segmented""}",True
h200,K0,1,64,gate_consumer,bf16,cuda_graph,hot,aligned,10.552000254392624,segmented,10.568000143393874,0.1516289671675164,"{""forward"": ""segmented"", ""reverse"": ""aligned""}",False
h200,K0,1,64,gate_consumer,bf16,eager,cold,segmented,11.263999622315168,aligned,12.21600011922419,8.451709240321792,"{""forward"": ""segmented"", ""reverse"": ""segmented""}",True
h200,K0,1,64,gate_consumer,bf16,eager,hot,segmented,42.848000302910805,indexed,49.80000015348196,16.224794159411182,"{""forward"": ""segmented"", ""reverse"": ""segmented""}",True
h200,K0,2048,128,down_a,bf16,cuda_graph,cold,aligned,26.73600008711219,segmented,34.74400006234646,29.952124286139735,"{""forward"": ""aligned"", ""reverse"": ""aligned""}",True
h200,K0,2048,128,down_a,bf16,cuda_graph,hot,aligned,25.535999797284603,segmented,34.192001447081566,33.89724983753097,"{""forward"": ""aligned"", ""reverse"": ""aligned""}",True
h200,K0,2048,128,down_a,bf16,eager,cold,aligned,27.888000011444092,segmented,35.98399925976992,29.030404636415508,"{""forward"": ""aligned"", ""reverse"": ""aligned""}",True
h200,K0,2048,128,down_a,bf16,eager,hot,segmented,36.840000189840794,aligned,42.143999598920345,14.39739245859779,"{""forward"": ""segmented"", ""reverse"": ""segmented""}",True
h200,K0,2048,128,down_finalize,bf16,cuda_graph,cold,aligned,175.47199875116348,bmm,225.3199964761734,28.40795003178784,"{""forward"": ""aligned"", ""reverse"": ""aligned""}",True
h200,K0,2048,128,down_finalize,bf16,cuda_graph,hot,aligned,175.1280017197132,bmm,223.9760011434555,27.89274070626464,"{""forward"": ""aligned"", ""reverse"": ""aligned""}",True
h200,K0,2048,128,down_finalize,bf16,eager,cold,aligned,179.3759949505329,bmm,232.4480041861534,29.587018736958836,"{""forward"": ""aligned"", ""reverse"": ""aligned""}",True
h200,K0,2048,128,down_finalize,bf16,eager,hot,aligned,178.00799757242203,bmm,229.42400351166725,28.884098827260154,"{""forward"": ""aligned"", ""reverse"": ""aligned""}",True
h200,K0,2048,128,gate_a,bf16,cuda_graph,cold,bmm,99.1439986974001,aligned,124.86399710178375,25.942062799871856,"{""forward"": ""bmm"", ""reverse"": ""bmm""}",True
h200,K0,2048,128,gate_a,bf16,cuda_graph,hot,bmm,98.81600365042686,aligned,124.64000284671783,26.13341791036843,"{""forward"": ""bmm"", ""reverse"": ""bmm""}",True
h200,K0,2048,128,gate_a,bf16,eager,cold,bmm,106.57599940896034,aligned,127.72800028324127,19.846870769764124,"{""forward"": ""bmm"", ""reverse"": ""bmm""}",True
h200,K0,2048,128,gate_a,bf16,eager,hot,bmm,105.56800104677677,aligned,126.08800455927849,19.437711530986924,"{""forward"": ""bmm"", ""reverse"": ""bmm""}",True
h200,K0,2048,128,gate_consumer,bf16,cuda_graph,cold,aligned,111.91200092434883,segmented,167.4559935927391,49.63184663808964,"{""forward"": ""aligned"", ""reverse"": ""aligned""}",True
h200,K0,2048,128,gate_consumer,bf16,cuda_graph,hot,aligned,107.10399970412254,segmented,164.99999910593033,54.05587052000571,"{""forward"": ""aligned"", ""reverse"": ""aligned""}",True
h200,K0,2048,128,gate_consumer,bf16,eager,cold,aligned,112.97599971294403,segmented,168.91999542713165,49.51847813370394,"{""forward"": ""aligned"", ""reverse"": ""aligned""}",True
h200,K0,2048,128,gate_consumer,bf16,eager,hot,aligned,108.2720011472702,segmented,165.97599908709526,53.29540169977722,"{""forward"": ""aligned"", ""reverse"": ""aligned""}",True
h200,K0,2048,16,down_a,bf16,cuda_graph,cold,aligned,15.040000202134252,segmented,21.19200024753809,40.90425507129207,"{""forward"": ""aligned"", ""reverse"": ""aligned""}",True
h200,K0,2048,16,down_a,bf16,cuda_graph,hot,aligned,13.368000276386738,segmented,21.119999699294567,57.98922249127252,"{""forward"": ""aligned"", ""reverse"": ""aligned""}",True
h200,K0,2048,16,down_a,bf16,eager,cold,aligned,16.160000348463655,segmented,22.0320001244545,36.336631493631735,"{""forward"": ""aligned"", ""reverse"": ""aligned""}",True
h200,K0,2048,16,down_a,bf16,eager,hot,aligned,38.60799968242645,segmented,39.21599965542555,1.5748030926239442,"{""forward"": ""aligned"", ""reverse"": ""aligned""}",True
h200,K0,2048,16,down_finalize,bf16,cuda_graph,cold,aligned,106.62399977445602,bmm,214.47200328111649,101.14796268644359,"{""forward"": ""aligned"", ""reverse"": ""aligned""}",True
h200,K0,2048,16,down_finalize,bf16,cuda_graph,hot,aligned,106.76800087094307,bmm,214.50399979948997,100.9066368665776,"{""forward"": ""aligned"", ""reverse"": ""aligned""}",True
h200,K0,2048,16,down_finalize,bf16,eager,cold,aligned,110.76000146567822,bmm,221.0560031235218,99.58107637983518,"{""forward"": ""aligned"", ""reverse"": ""aligned""}",True
h200,K0,2048,16,down_finalize,bf16,eager,hot,aligned,109.223997220397,bmm,219.85599771142006,101.28909699924726,"{""forward"": ""aligned"", ""reverse"": ""aligned""}",True
h200,K0,2048,16,gate_a,bf16,cuda_graph,cold,aligned,30.128000304102898,segmented,50.384001806378365,67.2331429162823,"{""forward"": ""aligned"", ""reverse"": ""aligned""}",True
h200,K0,2048,16,gate_a,bf16,cuda_graph,hot,aligned,29.08799983561039,segmented,49.46400038897991,70.04950724877487,"{""forward"": ""aligned"", ""reverse"": ""aligned""}",True
h200,K0,2048,16,gate_a,bf16,eager,cold,aligned,31.26399964094162,segmented,51.40800029039383,64.43193731064636,"{""forward"": ""aligned"", ""reverse"": ""aligned""}",True
h200,K0,2048,16,gate_a,bf16,eager,hot,aligned,41.759999468922615,segmented,50.416000187397,20.72797133274893,"{""forward"": ""aligned"", ""reverse"": ""aligned""}",True
h200,K0,2048,16,gate_consumer,bf16,cuda_graph,cold,aligned,78.80000025033951,segmented,137.80800253152847,74.88325138797791,"{""forward"": ""aligned"", ""reverse"": ""aligned""}",True
h200,K0,2048,16,gate_consumer,bf16,cuda_graph,hot,aligned,75.4960011690855,segmented,136.36799901723862,80.6294332223245,"{""forward"": ""aligned"", ""reverse"": ""aligned""}",True
h200,K0,2048,16,gate_consumer,bf16,eager,cold,aligned,79.77600023150444,segmented,138.49600031971931,73.60609696877944,"{""forward"": ""aligned"", ""reverse"": ""aligned""}",True
h200,K0,2048,16,gate_consumer,bf16,eager,hot,aligned,76.1599987745285,segmented,136.6799995303154,79.46428798529293,"{""forward"": ""aligned"", ""reverse"": ""aligned""}",True
h200,K0,2048,32,down_a,bf16,cuda_graph,cold,aligned,15.407999977469444,segmented,21.176000125706196,37.435099666868425,"{""forward"": ""aligned"", ""reverse"": ""aligned""}",True
h200,K0,2048,32,down_a,bf16,cuda_graph,hot,aligned,13.96000012755394,segmented,20.90399991720915,49.7421183825729,"{""forward"": ""aligned"", ""reverse"": ""aligned""}",True
h200,K0,2048,32,down_a,bf16,eager,cold,aligned,16.16000011563301,segmented,21.7999997548759,34.90098761686773,"{""forward"": ""aligned"", ""reverse"": ""aligned""}",True
h200,K0,2048,32,down_a,bf16,eager,hot,aligned,39.12799991667271,segmented,39.97599892318249,2.1672434275089136,"{""forward"": ""aligned"", ""reverse"": ""aligned""}",True
h200,K0,2048,32,down_finalize,bf16,cuda_graph,cold,aligned,118.07999946177006,bmm,214.74400162696838,81.86314583825398,"{""forward"": ""aligned"", ""reverse"": ""aligned""}",True
h200,K0,2048,32,down_finalize,bf16,cuda_graph,hot,aligned,118.31199936568737,bmm,214.32799845933914,81.15491210395194,"{""forward"": ""aligned"", ""reverse"": ""aligned""}",True
h200,K0,2048,32,down_finalize,bf16,eager,cold,aligned,121.93600088357925,bmm,220.59999778866768,80.91457501487996,"{""forward"": ""aligned"", ""reverse"": ""aligned""}",True
h200,K0,2048,32,down_finalize,bf16,eager,hot,aligned,120.52000127732754,bmm,219.24800425767899,81.91835540490023,"{""forward"": ""aligned"", ""reverse"": ""aligned""}",True
h200,K0,2048,32,gate_a,bf16,cuda_graph,cold,aligned,40.02399928867817,segmented,44.863998889923096,12.09274357201493,"{""forward"": ""aligned"", ""reverse"": ""aligned""}",True
h200,K0,2048,32,gate_a,bf16,cuda_graph,hot,aligned,38.11199963092804,segmented,44.00799982249737,15.470193767489171,"{""forward"": ""aligned"", ""reverse"": ""aligned""}",True
h200,K0,2048,32,gate_a,bf16,eager,cold,aligned,40.792000479996204,segmented,45.744000002741814,12.139633909775993,"{""forward"": ""aligned"", ""reverse"": ""aligned""}",True
h200,K0,2048,32,gate_a,bf16,eager,hot,aligned,42.87999961525202,segmented,44.80000026524067,4.477613496306376,"{""forward"": ""aligned"", ""reverse"": ""aligned""}",True
h200,K0,2048,32,gate_consumer,bf16,cuda_graph,cold,aligned,49.23999961465597,segmented,99.4000006467104,101.86840256823362,"{""forward"": ""aligned"", ""reverse"": ""aligned""}",True
h200,K0,2048,32,gate_consumer,bf16,cuda_graph,hot,aligned,46.095999889075756,segmented,99.64799880981445,116.17493719542881,"{""forward"": ""aligned"", ""reverse"": ""aligned""}",True
h200,K0,2048,32,gate_consumer,bf16,eager,cold,aligned,50.00799987465143,segmented,99.84800033271313,99.66405491719156,"{""forward"": ""aligned"", ""reverse"": ""aligned""}",True
h200,K0,2048,32,gate_consumer,bf16,eager,hot,aligned,60.20000018179417,segmented,99.58399832248688,65.42192362418517,"{""forward"": ""aligned"", ""reverse"": ""aligned""}",True
h200,K0,2048,64,down_a,bf16,cuda_graph,cold,aligned,18.2480001822114,segmented,20.84799949079752,14.248132850857065,"{""forward"": ""aligned"", ""reverse"": ""aligned""}",True
h200,K0,2048,64,down_a,bf16,cuda_graph,hot,aligned,16.73599984496832,segmented,20.479999482631683,22.370934944702437,"{""forward"": ""aligned"", ""reverse"": ""aligned""}",True
h200,K0,2048,64,down_a,bf16,eager,cold,aligned,18.823999911546707,segmented,21.767999976873398,15.639609430304091,"{""forward"": ""aligned"", ""reverse"": ""aligned""}",True
h200,K0,2048,64,down_a,bf16,eager,hot,segmented,40.01599922776222,aligned,41.27200040966272,3.1387475163412004,"{""forward"": ""segmented"", ""reverse"": ""segmented""}",True
h200,K0,2048,64,down_finalize,bf16,cuda_graph,cold,aligned,137.472003698349,bmm,217.02400222420692,57.86778135598916,"{""forward"": ""aligned"", ""reverse"": ""aligned""}",True
h200,K0,2048,64,down_finalize,bf16,cuda_graph,hot,aligned,137.29600235819817,bmm,216.8559990823269,57.94778825137297,"{""forward"": ""aligned"", ""reverse"": ""aligned""}",True
h200,K0,2048,64,down_finalize,bf16,eager,cold,aligned,140.72800055146217,bmm,223.62400218844414,58.905122869750514,"{""forward"": ""aligned"", ""reverse"": ""aligned""}",True
h200,K0,2048,64,down_finalize,bf16,eager,hot,aligned,139.615997672081,bmm,221.3599979877472,58.54916462199413,"{""forward"": ""aligned"", ""reverse"": ""aligned""}",True
h200,K0,2048,64,gate_a,bf16,cuda_graph,cold,aligned,68.56000050902367,segmented,73.06399941444397,6.569426592736827,"{""forward"": ""aligned"", ""reverse"": ""aligned""}",True
h200,K0,2048,64,gate_a,bf16,cuda_graph,hot,aligned,67.57600046694279,segmented,70.56000083684921,4.41576942892048,"{""forward"": ""aligned"", ""reverse"": ""aligned""}",True
h200,K0,2048,64,gate_a,bf16,eager,cold,aligned,69.48000006377697,segmented,73.88000003993511,6.332757587966764,"{""forward"": ""aligned"", ""reverse"": ""aligned""}",True
h200,K0,2048,64,gate_a,bf16,eager,hot,aligned,67.97600351274014,segmented,70.90400159358978,4.307399566820491,"{""forward"": ""aligned"", ""reverse"": ""aligned""}",True
h200,K0,2048,64,gate_consumer,bf16,cuda_graph,cold,aligned,66.84000231325626,segmented,118.54400113224983,77.35487287489097,"{""forward"": ""aligned"", ""reverse"": ""aligned""}",True
h200,K0,2048,64,gate_consumer,bf16,cuda_graph,hot,aligned,63.85600008070469,segmented,116.95200018584728,83.14958662934882,"{""forward"": ""aligned"", ""reverse"": ""aligned""}",True
h200,K0,2048,64,gate_consumer,bf16,eager,cold,aligned,67.56800040602684,segmented,119.04000118374825,76.17807315359042,"{""forward"": ""aligned"", ""reverse"": ""aligned""}",True
h200,K0,2048,64,gate_consumer,bf16,eager,hot,aligned,64.64000046253204,segmented,117.09599755704403,81.1509850234571,"{""forward"": ""aligned"", ""reverse"": ""aligned""}",True
h200,K0,256,128,down_a,bf16,cuda_graph,cold,aligned,12.728000059723854,segmented,13.039999874308705,2.451287029547844,"{""forward"": ""aligned"", ""reverse"": ""aligned""}",True
h200,K0,256,128,down_a,bf16,cuda_graph,hot,aligned,12.759999837726355,segmented,12.864000163972378,0.8150495890958842,"{""forward"": ""aligned"", ""reverse"": ""aligned""}",True
h200,K0,256,128,down_a,bf16,eager,cold,aligned,13.207999989390373,segmented,13.823999790474772,4.6638385946336625,"{""forward"": ""aligned"", ""reverse"": ""aligned""}",True
h200,K0,256,128,down_a,bf16,eager,hot,segmented,36.64799872785807,aligned,38.55999931693077,5.217203272874205,"{""forward"": ""segmented"", ""reverse"": ""segmented""}",True
h200,K0,256,128,down_finalize,bf16,cuda_graph,cold,aligned,34.752000123262405,bmm,47.7680005133152,37.453960473889694,"{""forward"": ""aligned"", ""reverse"": ""aligned""}",True
h200,K0,256,128,down_finalize,bf16,cuda_graph,hot,aligned,30.18400026485324,bmm,47.50399850308895,57.38138777583901,"{""forward"": ""aligned"", ""reverse"": ""aligned""}",True
h200,K0,256,128,down_finalize,bf16,eager,cold,aligned,37.272000685334206,bmm,53.93600091338158,44.70916484664136,"{""forward"": ""aligned"", ""reverse"": ""aligned""}",True
h200,K0,256,128,down_finalize,bf16,eager,hot,segmented,59.74400043487549,aligned,59.816000051796436,0.12051355181585954,"{""forward"": ""segmented"", ""reverse"": ""segmented""}",True
h200,K0,256,128,gate_a,bf16,cuda_graph,cold,aligned,27.06399979069829,segmented,33.719999715685844,24.593555928400423,"{""forward"": ""aligned"", ""reverse"": ""aligned""}",True
h200,K0,256,128,gate_a,bf16,cuda_graph,hot,aligned,26.103999465703964,segmented,34.128000028431416,30.73858690990845,"{""forward"": ""aligned"", ""reverse"": ""aligned""}",True
h200,K0,256,128,gate_a,bf16,eager,cold,aligned,27.591999620199203,segmented,35.16799956560135,27.457234160934107,"{""forward"": ""aligned"", ""reverse"": ""aligned""}",True
h200,K0,256,128,gate_a,bf16,eager,hot,segmented,39.96000066399574,aligned,42.544000782072544,6.466466654503855,"{""forward"": ""segmented"", ""reverse"": ""segmented""}",True
h200,K0,256,128,gate_consumer,bf16,cuda_graph,cold,aligned,26.3440003618598,segmented,28.22399977594614,7.1363475108668695,"{""forward"": ""aligned"", ""reverse"": ""aligned""}",True
h200,K0,256,128,gate_consumer,bf16,cuda_graph,hot,aligned,20.720000378787518,segmented,24.43200070410967,17.915059157635827,"{""forward"": ""aligned"", ""reverse"": ""aligned""}",True
h200,K0,256,128,gate_consumer,bf16,eager,cold,aligned,26.959999930113554,segmented,28.759999666363,6.676556902505393,"{""forward"": ""aligned"", ""reverse"": ""aligned""}",True
h200,K0,256,128,gate_consumer,bf16,eager,hot,segmented,47.23200015723705,aligned,61.799999326467514,30.84349407336775,"{""forward"": ""segmented"", ""reverse"": ""segmented""}",True
h200,K0,256,16,down_a,bf16,cuda_graph,cold,aligned,9.967999998480082,segmented,11.56799984164536,16.05136279503658,"{""forward"": ""aligned"", ""reverse"": ""aligned""}",True
h200,K0,256,16,down_a,bf16,cuda_graph,hot,aligned,10.28799987398088,segmented,10.856000008061528,5.520996705269821,"{""forward"": ""aligned"", ""reverse"": ""aligned""}",True
h200,K0,256,16,down_a,bf16,eager,cold,aligned,10.920000029727817,segmented,12.151999864727259,11.282049740343725,"{""forward"": ""aligned"", ""reverse"": ""aligned""}",True
h200,K0,256,16,down_a,bf16,eager,hot,segmented,34.93600059300661,indexed,36.320000886917114,3.9615304282641484,"{""forward"": ""segmented"", ""reverse"": ""segmented""}",True
h200,K0,256,16,down_finalize,bf16,cuda_graph,cold,aligned,20.519999787211418,indexed,34.392000176012516,67.60234177705244,"{""forward"": ""aligned"", ""reverse"": ""aligned""}",True
h200,K0,256,16,down_finalize,bf16,cuda_graph,hot,aligned,17.35999993979931,indexed,32.87200070917606,89.35484345143428,"{""forward"": ""aligned"", ""reverse"": ""aligned""}",True
h200,K0,256,16,down_finalize,bf16,eager,cold,aligned,22.656000219285488,indexed,34.208000637590885,50.9887019177903,"{""forward"": ""aligned"", ""reverse"": ""aligned""}",True
h200,K0,256,16,down_finalize,bf16,eager,hot,indexed,35.13600118458271,aligned,59.272000566124916,68.69307424811,"{""forward"": ""indexed"", ""reverse"": ""indexed""}",True
h200,K0,256,16,gate_a,bf16,cuda_graph,cold,aligned,14.63199988938868,segmented,21.25599980354309,45.270639449349794,"{""forward"": ""aligned"", ""reverse"": ""aligned""}",True
h200,K0,256,16,gate_a,bf16,cuda_graph,hot,aligned,12.608000077307224,segmented,16.66400022804737,32.170051759758664,"{""forward"": ""aligned"", ""reverse"": ""aligned""}",True
h200,K0,256,16,gate_a,bf16,eager,cold,aligned,15.519999898970127,segmented,21.94399992004037,41.39175298252755,"{""forward"": ""aligned"", ""reverse"": ""aligned""}",True
h200,K0,256,16,gate_a,bf16,eager,hot,aligned,38.48000057041645,indexed,38.79999928176403,0.8315974703846374,"{""forward"": ""segmented"", ""reverse"": ""aligned""}",False
h200,K0,256,16,gate_consumer,bf16,cuda_graph,cold,aligned,20.0719996355474,segmented,22.160000167787075,10.402553657592929,"{""forward"": ""aligned"", ""reverse"": ""aligned""}",True
h200,K0,256,16,gate_consumer,bf16,cuda_graph,hot,aligned,16.543999314308167,segmented,19.959999714046717,20.647972324226373,"{""forward"": ""aligned"", ""reverse"": ""aligned""}",True
h200,K0,256,16,gate_consumer,bf16,eager,cold,aligned,21.215999964624643,segmented,22.71200018003583,7.051283078363513,"{""forward"": ""aligned"", ""reverse"": ""aligned""}",True
h200,K0,256,16,gate_consumer,bf16,eager,hot,segmented,47.19199985265732,indexed,54.66399993747473,15.83319229561464,"{""forward"": ""segmented"", ""reverse"": ""segmented""}",True
h200,K0,256,32,down_a,bf16,cuda_graph,cold,aligned,10.103999869897962,segmented,11.535999830812216,14.172604704603152,"{""forward"": ""aligned"", ""reverse"": ""aligned""}",True
h200,K0,256,32,down_a,bf16,cuda_graph,hot,aligned,10.53600013256073,segmented,11.31199998781085,7.365222527398707,"{""forward"": ""aligned"", ""reverse"": ""aligned""}",True
h200,K0,256,32,down_a,bf16,eager,cold,aligned,10.648000054061413,segmented,12.080000014975667,13.448534500786868,"{""forward"": ""aligned"", ""reverse"": ""aligned""}",True
h200,K0,256,32,down_a,bf16,eager,hot,indexed,35.44800076633692,segmented,35.592000000178814,0.4062266721079677,"{""forward"": ""segmented"", ""reverse"": ""indexed""}",False
h200,K0,256,32,down_finalize,bf16,cuda_graph,cold,aligned,22.672000341117382,bmm,40.487999096512794,78.58150356095732,"{""forward"": ""aligned"", ""reverse"": ""aligned""}",True
h200,K0,256,32,down_finalize,bf16,cuda_graph,hot,aligned,18.17600056529045,bmm,36.66400071233511,101.71654694130025,"{""forward"": ""aligned"", ""reverse"": ""aligned""}",True
h200,K0,256,32,down_finalize,bf16,eager,cold,aligned,24.368000216782093,bmm,45.264000073075294,85.7518042941507,"{""forward"": ""aligned"", ""reverse"": ""aligned""}",True
h200,K0,256,32,down_finalize,bf16,eager,hot,indexed,47.05600067973137,aligned,59.40799880772829,26.249570617074024,"{""forward"": ""indexed"", ""reverse"": ""indexed""}",True
h200,K0,256,32,gate_a,bf16,cuda_graph,cold,aligned,15.904000028967857,segmented,22.21599966287613,39.688126398462465,"{""forward"": ""aligned"", ""reverse"": ""aligned""}",True
h200,K0,256,32,gate_a,bf16,cuda_graph,hot,aligned,13.99199990555644,segmented,16.448000445961952,17.552891344933453,"{""forward"": ""aligned"", ""reverse"": ""aligned""}",True
h200,K0,256,32,gate_a,bf16,eager,cold,aligned,16.55999943614006,segmented,23.504000157117844,41.932372931265924,"{""forward"": ""aligned"", ""reverse"": ""aligned""}",True
h200,K0,256,32,gate_a,bf16,eager,hot,aligned,38.96000050008297,segmented,39.27200101315975,0.8008226618891223,"{""forward"": ""aligned"", ""reverse"": ""aligned""}",True
h200,K0,256,32,gate_consumer,bf16,cuda_graph,cold,aligned,14.144000131636858,segmented,18.15999997779727,28.393663806447144,"{""forward"": ""aligned"", ""reverse"": ""aligned""}",True
h200,K0,256,32,gate_consumer,bf16,cuda_graph,hot,aligned,12.752000009641051,segmented,16.59199967980385,30.112920853666836,"{""forward"": ""aligned"", ""reverse"": ""aligned""}",True
h200,K0,256,32,gate_consumer,bf16,eager,cold,aligned,15.455999877303839,segmented,18.800000194460154,21.63561298979284,"{""forward"": ""aligned"", ""reverse"": ""aligned""}",True
h200,K0,256,32,gate_consumer,bf16,eager,hot,segmented,45.207999646663666,indexed,54.20000106096268,19.890288189211258,"{""forward"": ""segmented"", ""reverse"": ""segmented""}",True
h200,K0,256,64,down_a,bf16,cuda_graph,cold,aligned,10.89600007981062,segmented,12.05600006505847,10.64610845035907,"{""forward"": ""aligned"", ""reverse"": ""aligned""}",True
h200,K0,256,64,down_a,bf16,cuda_graph,hot,aligned,11.071999790146947,segmented,11.151999700814486,0.7225425594636681,"{""forward"": ""aligned"", ""reverse"": ""aligned""}",True
h200,K0,256,64,down_a,bf16,eager,cold,aligned,11.455999920144677,segmented,12.735999887809157,11.173184153167437,"{""forward"": ""aligned"", ""reverse"": ""aligned""}",True
h200,K0,256,64,down_a,bf16,eager,hot,segmented,35.095999017357826,aligned,38.30400109291077,9.140648978153676,"{""forward"": ""segmented"", ""reverse"": ""segmented""}",True
h200,K0,256,64,down_finalize,bf16,cuda_graph,cold,aligned,26.768000330775976,bmm,42.7279993891716,59.623426707918604,"{""forward"": ""aligned"", ""reverse"": ""aligned""}",True
h200,K0,256,64,down_finalize,bf16,cuda_graph,hot,aligned,20.920000039041042,bmm,41.279999539256096,97.32313318460366,"{""forward"": ""aligned"", ""reverse"": ""aligned""}",True
h200,K0,256,64,down_finalize,bf16,eager,cold,aligned,28.640000615268946,bmm,47.54399973899126,66.00558211456169,"{""forward"": ""aligned"", ""reverse"": ""aligned""}",True
h200,K0,256,64,down_finalize,bf16,eager,hot,aligned,59.65599976480007,segmented,61.11199967563152,2.4406596429057847,"{""forward"": ""aligned"", ""reverse"": ""aligned""}",True
h200,K0,256,64,gate_a,bf16,cuda_graph,cold,aligned,20.151999779045582,segmented,24.423999711871147,21.198888346890854,"{""forward"": ""aligned"", ""reverse"": ""aligned""}",True
h200,K0,256,64,gate_a,bf16,cuda_graph,hot,aligned,19.255999475717545,segmented,22.911999840289354,18.986292397764903,"{""forward"": ""aligned"", ""reverse"": ""aligned""}",True
h200,K0,256,64,gate_a,bf16,eager,cold,aligned,20.800000056624413,segmented,25.01599956303835,20.26922834104137,"{""forward"": ""aligned"", ""reverse"": ""aligned""}",True
h200,K0,256,64,gate_a,bf16,eager,hot,segmented,40.52799940109253,aligned,43.17600093781948,6.53375832969334,"{""forward"": ""segmented"", ""reverse"": ""segmented""}",True
h200,K0,256,64,gate_consumer,bf16,cuda_graph,cold,aligned,16.2559999153018,segmented,20.287999883294106,24.803149538632674,"{""forward"": ""aligned"", ""reverse"": ""aligned""}",True
h200,K0,256,64,gate_consumer,bf16,cuda_graph,hot,aligned,14.168000081554055,segmented,18.624000251293182,31.451158555120216,"{""forward"": ""aligned"", ""reverse"": ""aligned""}",True
h200,K0,256,64,gate_consumer,bf16,eager,cold,aligned,17.44000008329749,segmented,20.824000239372253,19.403670527018303,"{""forward"": ""aligned"", ""reverse"": ""aligned""}",True
h200,K0,256,64,gate_consumer,bf16,eager,hot,segmented,48.3760004863143,aligned,56.647999212145805,17.099385320561346,"{""forward"": ""segmented"", ""reverse"": ""segmented""}",True
h200,K0,32,128,down_a,bf16,cuda_graph,cold,aligned,10.560000082477927,indexed,11.45600015297532,8.48484908616729,"{""forward"": ""aligned"", ""reverse"": ""aligned""}",True
h200,K0,32,128,down_a,bf16,cuda_graph,hot,segmented,12.000000104308128,aligned,13.352000154554844,11.266666987455555,"{""forward"": ""aligned"", ""reverse"": ""segmented""}",False
h200,K0,32,128,down_a,bf16,eager,cold,aligned,11.351999826729298,indexed,12.399999890476465,9.231854120359984,"{""forward"": ""aligned"", ""reverse"": ""aligned""}",True
h200,K0,32,128,down_a,bf16,eager,hot,segmented,36.45600005984306,indexed,39.88000005483627,9.392143925204799,"{""forward"": ""indexed"", ""reverse"": ""segmented""}",False
h200,K0,32,128,down_finalize,bf16,cuda_graph,cold,segmented,17.86400005221367,aligned,18.719999585300684,4.791757336459157,"{""forward"": ""segmented"", ""reverse"": ""segmented""}",True
h200,K0,32,128,down_finalize,bf16,cuda_graph,hot,aligned,14.136000070720911,segmented,14.816000126302242,4.810413498722155,"{""forward"": ""aligned"", ""reverse"": ""aligned""}",True
h200,K0,32,128,down_finalize,bf16,eager,cold,segmented,19.70400009304285,aligned,20.71200031787157,5.115713662550325,"{""forward"": ""segmented"", ""reverse"": ""aligned""}",False
h200,K0,32,128,down_finalize,bf16,eager,hot,indexed,35.30399966984987,segmented,54.975999519228935,55.72173134303318,"{""forward"": ""indexed"", ""reverse"": ""indexed""}",True
h200,K0,32,128,gate_a,bf16,cuda_graph,cold,aligned,20.080000162124634,segmented,28.13599957153201,40.119518647229846,"{""forward"": ""aligned"", ""reverse"": ""aligned""}",True
h200,K0,32,128,gate_a,bf16,cuda_graph,hot,aligned,14.328000135719776,segmented,20.65600035712123,44.165271925324156,"{""forward"": ""aligned"", ""reverse"": ""aligned""}",True
h200,K0,32,128,gate_a,bf16,eager,cold,aligned,21.335999947041273,segmented,29.095999896526337,36.37045354680537,"{""forward"": ""aligned"", ""reverse"": ""aligned""}",True
h200,K0,32,128,gate_a,bf16,eager,hot,indexed,39.2800010740757,aligned,39.28800020366907,0.020364382318338592,"{""forward"": ""indexed"", ""reverse"": ""aligned""}",False
h200,K0,32,128,gate_consumer,bf16,cuda_graph,cold,segmented,16.72800024971366,aligned,17.904000356793404,7.030129659998496,"{""forward"": ""segmented"", ""reverse"": ""segmented""}",True
h200,K0,32,128,gate_consumer,bf16,cuda_graph,hot,aligned,13.823999790474772,segmented,13.928000116720796,0.7523171862146905,"{""forward"": ""aligned"", ""reverse"": ""segmented""}",False
h200,K0,32,128,gate_consumer,bf16,eager,cold,segmented,17.735999543219805,aligned,19.183999858796597,8.164187826280923,"{""forward"": ""segmented"", ""reverse"": ""segmented""}",True
h200,K0,32,128,gate_consumer,bf16,eager,hot,segmented,32.04799978993833,indexed,55.08799944072962,71.89216113894521,"{""forward"": ""segmented"", ""reverse"": ""segmented""}",True
h200,K0,32,16,down_a,bf16,cuda_graph,cold,aligned,8.77600023522973,indexed,9.840000187978148,12.123973612457007,"{""forward"": ""aligned"", ""reverse"": ""aligned""}",True
h200,K0,32,16,down_a,bf16,cuda_graph,hot,segmented,10.279999813064933,aligned,10.336000006645918,0.54474897470147,"{""forward"": ""aligned"", ""reverse"": ""segmented""}",False
h200,K0,32,16,down_a,bf16,eager,cold,aligned,9.439999936148524,indexed,10.43200003914535,10.508475738417822,"{""forward"": ""aligned"", ""reverse"": ""aligned""}",True
h200,K0,32,16,down_a,bf16,eager,hot,indexed,32.312000170350075,segmented,34.91999953985214,8.071302784577238,"{""forward"": ""indexed"", ""reverse"": ""indexed""}",True
h200,K0,32,16,down_finalize,bf16,cuda_graph,cold,indexed,9.895999915897846,aligned,11.903999838978052,20.291026072609085,"{""forward"": ""indexed"", ""reverse"": ""indexed""}",True
h200,K0,32,16,down_finalize,bf16,cuda_graph,hot,indexed,10.607999982312322,aligned,12.263999786227942,15.610857906078612,"{""forward"": ""indexed"", ""reverse"": ""indexed""}",True
h200,K0,32,16,down_finalize,bf16,eager,cold,indexed,10.06399979814887,aligned,13.839999912306666,37.51987470083553,"{""forward"": ""indexed"", ""reverse"": ""indexed""}",True
h200,K0,32,16,down_finalize,bf16,eager,hot,indexed,30.89600009843707,segmented,54.44000009447336,76.20403910222447,"{""forward"": ""indexed"", ""reverse"": ""indexed""}",True
h200,K0,32,16,gate_a,bf16,cuda_graph,cold,aligned,11.544000124558806,indexed,17.88800023496151,54.9549553183599,"{""forward"": ""aligned"", ""reverse"": ""aligned""}",True
h200,K0,32,16,gate_a,bf16,cuda_graph,hot,aligned,10.447999695315957,indexed,13.45600001513958,28.790202981841272,"{""forward"": ""aligned"", ""reverse"": ""aligned""}",True
h200,K0,32,16,gate_a,bf16,eager,cold,aligned,12.391999829560518,indexed,18.807999789714813,51.77533931891474,"{""forward"": ""aligned"", ""reverse"": ""aligned""}",True
h200,K0,32,16,gate_a,bf16,eager,hot,indexed,34.26400013267994,segmented,37.01600059866905,8.031754772742783,"{""forward"": ""indexed"", ""reverse"": ""indexed""}",True
h200,K0,32,16,gate_consumer,bf16,cuda_graph,cold,segmented,13.023999985307455,indexed,14.76799976080656,13.390661682021921,"{""forward"": ""segmented"", ""reverse"": ""segmented""}",True
h200,K0,32,16,gate_consumer,bf16,cuda_graph,hot,segmented,12.247999897226691,indexed,13.263999717310071,8.295230475250337,"{""forward"": ""segmented"", ""reverse"": ""segmented""}",True
h200,K0,32,16,gate_consumer,bf16,eager,cold,segmented,13.743999879807234,indexed,15.639999881386757,13.795110725845806,"{""forward"": ""segmented"", ""reverse"": ""segmented""}",True
h200,K0,32,16,gate_consumer,bf16,eager,hot,segmented,43.24000049382448,indexed,50.21600052714348,16.13320988355518,"{""forward"": ""segmented"", ""reverse"": ""segmented""}",True
h200,K0,32,32,down_a,bf16,cuda_graph,cold,aligned,8.808000013232231,indexed,9.79999965056777,11.262484512321302,"{""forward"": ""aligned"", ""reverse"": ""aligned""}",True
h200,K0,32,32,down_a,bf16,cuda_graph,hot,segmented,10.559999849647284,aligned,10.575999971479177,0.15151630738354793,"{""forward"": ""segmented"", ""reverse"": ""aligned""}",False
h200,K0,32,32,down_a,bf16,eager,cold,aligned,9.41600021906197,indexed,10.40799985639751,10.535255036711998,"{""forward"": ""aligned"", ""reverse"": ""aligned""}",True
h200,K0,32,32,down_a,bf16,eager,hot,indexed,32.76799991726875,segmented,34.97599996626377,6.738281416533454,"{""forward"": ""indexed"", ""reverse"": ""indexed""}",True
h200,K0,32,32,down_finalize,bf16,cuda_graph,cold,indexed,11.887999949976802,aligned,12.83199992030859,7.940780402961134,"{""forward"": ""indexed"", ""reverse"": ""indexed""}",True
h200,K0,32,32,down_finalize,bf16,cuda_graph,hot,aligned,11.720000067725778,indexed,12.264000251889229,4.641639769794059,"{""forward"": ""aligned"", ""reverse"": ""aligned""}",True
h200,K0,32,32,down_finalize,bf16,eager,cold,indexed,11.759999906644225,aligned,14.536000322550535,23.605445900878898,"{""forward"": ""indexed"", ""reverse"": ""indexed""}",True
h200,K0,32,32,down_finalize,bf16,eager,hot,indexed,31.43200045451522,segmented,54.61600050330162,73.75922535485968,"{""forward"": ""indexed"", ""reverse"": ""indexed""}",True
h200,K0,32,32,gate_a,bf16,cuda_graph,cold,aligned,12.69600004889071,indexed,19.144000485539436,50.787652897119415,"{""forward"": ""aligned"", ""reverse"": ""aligned""}",True
h200,K0,32,32,gate_a,bf16,cuda_graph,hot,aligned,11.423999909311533,segmented,14.22400027513504,24.509807318374264,"{""forward"": ""aligned"", ""reverse"": ""aligned""}",True
h200,K0,32,32,gate_a,bf16,eager,cold,aligned,13.344000093638897,indexed,19.70400009304285,47.661870164672536,"{""forward"": ""aligned"", ""reverse"": ""aligned""}",True
h200,K0,32,32,gate_a,bf16,eager,hot,indexed,36.423999816179276,segmented,36.54400072991848,0.3294556181221431,"{""forward"": ""indexed"", ""reverse"": ""segmented""}",False
h200,K0,32,32,gate_consumer,bf16,cuda_graph,cold,segmented,11.200000066310167,aligned,12.599999783560634,12.499997401443718,"{""forward"": ""segmented"", ""reverse"": ""segmented""}",True
h200,K0,32,32,gate_consumer,bf16,cuda_graph,hot,segmented,11.159999994561076,aligned,11.55199995264411,3.512544428979192,"{""forward"": ""segmented"", ""reverse"": ""segmented""}",True
h200,K0,32,32,gate_consumer,bf16,eager,cold,segmented,11.831999756395817,aligned,13.944000005722046,17.84990105484563,"{""forward"": ""segmented"", ""reverse"": ""segmented""}",True
h200,K0,32,32,gate_consumer,bf16,eager,hot,segmented,42.41600073873997,indexed,50.320000387728214,18.63447640354565,"{""forward"": ""segmented"", ""reverse"": ""segmented""}",True
h200,K0,32,64,down_a,bf16,cuda_graph,cold,aligned,9.65600018389523,indexed,10.560000082477927,9.362053452426755,"{""forward"": ""aligned"", ""reverse"": ""aligned""}",True
h200,K0,32,64,down_a,bf16,cuda_graph,hot,aligned,10.559999849647284,segmented,10.648000054061413,0.8333352809381855,"{""forward"": ""indexed"", ""reverse"": ""aligned""}",False
h200,K0,32,64,down_a,bf16,eager,cold,aligned,10.072000091895461,indexed,11.120000155642629,10.405083937503656,"{""forward"": ""aligned"", ""reverse"": ""aligned""}",True
h200,K0,32,64,down_a,bf16,eager,hot,indexed,33.239999786019325,segmented,34.94399972259998,5.1263536328221,"{""forward"": ""indexed"", ""reverse"": ""indexed""}",True
h200,K0,32,64,down_finalize,bf16,cuda_graph,cold,aligned,13.719999929890037,segmented,14.808000065386295,7.930030182623904,"{""forward"": ""aligned"", ""reverse"": ""aligned""}",True
h200,K0,32,64,down_finalize,bf16,cuda_graph,hot,aligned,12.83199992030859,segmented,14.168000081554055,10.411472642943531,"{""forward"": ""aligned"", ""reverse"": ""aligned""}",True
h200,K0,32,64,down_finalize,bf16,eager,cold,aligned,15.912000089883804,segmented,16.62400015629828,4.474610749073182,"{""forward"": ""segmented"", ""reverse"": ""aligned""}",False
h200,K0,32,64,down_finalize,bf16,eager,hot,indexed,34.43200048059225,segmented,55.23200053721666,60.4089212543675,"{""forward"": ""indexed"", ""reverse"": ""indexed""}",True
h200,K0,32,64,gate_a,bf16,cuda_graph,cold,aligned,14.583999989554286,indexed,22.879999596625566,56.884254066190664,"{""forward"": ""aligned"", ""reverse"": ""aligned""}",True
h200,K0,32,64,gate_a,bf16,cuda_graph,hot,aligned,13.303999789059162,segmented,17.44799967855215,31.148526422113278,"{""forward"": ""aligned"", ""reverse"": ""aligned""}",True
h200,K0,32,64,gate_a,bf16,eager,cold,aligned,15.240000328049064,indexed,23.63999979570508,55.118105556703334,"{""forward"": ""aligned"", ""reverse"": ""aligned""}",True
h200,K0,32,64,gate_a,bf16,eager,hot,indexed,37.42400091141462,segmented,44.463999569416046,18.81145384392657,"{""forward"": ""indexed"", ""reverse"": ""indexed""}",True
h200,K0,32,64,gate_consumer,bf16,cuda_graph,cold,segmented,13.104000128805637,aligned,14.464000007137656,10.378509348015207,"{""forward"": ""segmented"", ""reverse"": ""segmented""}",True
h200,K0,32,64,gate_consumer,bf16,cuda_graph,hot,segmented,11.848000111058354,aligned,13.304000021889806,12.288993055228703,"{""forward"": ""segmented"", ""reverse"": ""segmented""}",True
h200,K0,32,64,gate_consumer,bf16,eager,cold,segmented,13.663999969139695,aligned,15.479999827221036,13.29039711784834,"{""forward"": ""segmented"", ""reverse"": ""segmented""}",True
h200,K0,32,64,gate_consumer,bf16,eager,hot,segmented,42.93600004166365,indexed,51.59999988973141,20.178870504146886,"{""forward"": ""segmented"", ""reverse"": ""segmented""}",True
h200,O0,1,128,down_a,bf16,cuda_graph,cold,indexed,10.079999919980764,aligned,33.46399962902069,231.98412593920486,"{""forward"": ""indexed"", ""reverse"": ""indexed""}",True
h200,O0,1,128,down_a,bf16,cuda_graph,hot,indexed,10.591999860480428,aligned,28.37599953636527,167.90030126641452,"{""forward"": ""indexed"", ""reverse"": ""indexed""}",True
h200,O0,1,128,down_a,bf16,eager,cold,indexed,10.599999921396375,bmm,103.7760004401207,879.0188793364626,"{""forward"": ""indexed"", ""reverse"": ""indexed""}",True
h200,O0,1,128,down_a,bf16,eager,hot,indexed,32.42400009185076,bmm,156.75200149416924,383.4443654395569,"{""forward"": ""indexed"", ""reverse"": ""indexed""}",True
h200,O0,1,128,down_finalize,bf16,cuda_graph,cold,indexed,12.44799979031086,one_shot_bf16,22.89599971845746,83.93316279037057,"{""forward"": ""indexed"", ""reverse"": ""indexed""}",True
h200,O0,1,128,down_finalize,bf16,cuda_graph,hot,indexed,11.471999809145927,one_shot_bf16,16.296000219881535,42.05021348492113,"{""forward"": ""indexed"", ""reverse"": ""indexed""}",True
h200,O0,1,128,down_finalize,bf16,eager,cold,indexed,12.647999916225672,one_shot_bf16,24.695999920368195,95.25616764660609,"{""forward"": ""indexed"", ""reverse"": ""indexed""}",True
h200,O0,1,128,down_finalize,bf16,eager,hot,indexed,30.535999685525894,one_shot_fp32,55.3360003978014,81.21561752579771,"{""forward"": ""indexed"", ""reverse"": ""indexed""}",True
h200,O0,1,128,gate_a,bf16,cuda_graph,cold,indexed,18.408000469207764,aligned,37.992000579833984,106.38852461670471,"{""forward"": ""indexed"", ""reverse"": ""indexed""}",True
h200,O0,1,128,gate_a,bf16,cuda_graph,hot,indexed,12.968000024557114,aligned,28.01600005477667,116.03948181464841,"{""forward"": ""indexed"", ""reverse"": ""indexed""}",True
h200,O0,1,128,gate_a,bf16,eager,cold,indexed,19.296000245958567,bmm,118.87199990451336,516.0447677720692,"{""forward"": ""indexed"", ""reverse"": ""indexed""}",True
h200,O0,1,128,gate_a,bf16,eager,hot,indexed,34.05599948018789,bmm,170.1040007174015,399.48321386473964,"{""forward"": ""indexed"", ""reverse"": ""indexed""}",True
h200,O0,1,128,gate_consumer,bf16,cuda_graph,cold,indexed,14.055999927222729,aligned,36.64799965918064,160.72851343861512,"{""forward"": ""indexed"", ""reverse"": ""indexed""}",True
h200,O0,1,128,gate_consumer,bf16,cuda_graph,hot,indexed,13.295999960973859,aligned,29.600000008940697,122.62334608771059,"{""forward"": ""indexed"", ""reverse"": ""indexed""}",True
h200,O0,1,128,gate_consumer,bf16,eager,cold,indexed,14.879999915137887,aligned,138.73599842190742,832.3655861097618,"{""forward"": ""indexed"", ""reverse"": ""indexed""}",True
h200,O0,1,128,gate_consumer,bf16,eager,hot,indexed,49.42400008440018,aligned,190.8400021493435,286.1282005168554,"{""forward"": ""indexed"", ""reverse"": ""indexed""}",True
h200,O0,1,16,down_a,bf16,cuda_graph,cold,indexed,9.464000118896365,aligned,31.67199995368719,234.6576453485991,"{""forward"": ""indexed"", ""reverse"": ""indexed""}",True
h200,O0,1,16,down_a,bf16,cuda_graph,hot,indexed,10.928000090643764,aligned,26.888000778853893,146.04685720925846,"{""forward"": ""indexed"", ""reverse"": ""indexed""}",True
h200,O0,1,16,down_a,bf16,eager,cold,indexed,9.672000305727124,bmm,110.97599938511848,1047.394498317021,"{""forward"": ""indexed"", ""reverse"": ""indexed""}",True
h200,O0,1,16,down_a,bf16,eager,hot,indexed,32.38399978727102,bmm,164.20799866318703,407.0652165941875,"{""forward"": ""indexed"", ""reverse"": ""indexed""}",True
h200,O0,1,16,down_finalize,bf16,cuda_graph,cold,indexed,8.743999991565943,one_shot_fp32,13.504000147804618,54.437330293114705,"{""forward"": ""indexed"", ""reverse"": ""indexed""}",True
h200,O0,1,16,down_finalize,bf16,cuda_graph,hot,indexed,10.288000106811523,one_shot_fp32,11.919999960809946,15.863139940267889,"{""forward"": ""indexed"", ""reverse"": ""indexed""}",True
h200,O0,1,16,down_finalize,bf16,eager,cold,indexed,8.472000015899539,one_shot_fp32,14.783999882638454,74.5042475790024,"{""forward"": ""indexed"", ""reverse"": ""indexed""}",True
h200,O0,1,16,down_finalize,bf16,eager,hot,indexed,30.512000434100628,one_shot_bf16,56.223999708890915,84.26848095496946,"{""forward"": ""indexed"", ""reverse"": ""indexed""}",True
h200,O0,1,16,gate_a,bf16,cuda_graph,cold,indexed,17.272000201046467,aligned,34.05599948018789,97.17461257396538,"{""forward"": ""indexed"", ""reverse"": ""indexed""}",True
h200,O0,1,16,gate_a,bf16,cuda_graph,hot,indexed,14.967999886721373,aligned,26.33600030094385,75.94869388198902,"{""forward"": ""indexed"", ""reverse"": ""indexed""}",True
h200,O0,1,16,gate_a,bf16,eager,cold,indexed,18.39200034737587,aligned,206.216000020504,1021.226599204183,"{""forward"": ""indexed"", ""reverse"": ""indexed""}",True
h200,O0,1,16,gate_a,bf16,eager,hot,indexed,46.28800041973591,aligned,257.50400498509407,456.30833617799044,"{""forward"": ""indexed"", ""reverse"": ""indexed""}",True
h200,O0,1,16,gate_consumer,bf16,cuda_graph,cold,indexed,12.688000220805407,aligned,35.59200093150139,180.51702641948793,"{""forward"": ""indexed"", ""reverse"": ""indexed""}",True
h200,O0,1,16,gate_consumer,bf16,cuda_graph,hot,indexed,14.391999691724777,aligned,29.85600009560585,107.4485876536857,"{""forward"": ""indexed"", ""reverse"": ""indexed""}",True
h200,O0,1,16,gate_consumer,bf16,eager,cold,indexed,28.88799924403429,aligned,143.5519978404045,396.9260647915922,"{""forward"": ""indexed"", ""reverse"": ""indexed""}",True
h200,O0,1,16,gate_consumer,bf16,eager,hot,indexed,71.85600139200687,segmented,211.67200431227684,194.5780452735056,"{""forward"": ""indexed"", ""reverse"": ""indexed""}",True
h200,O0,1,32,down_a,bf16,cuda_graph,cold,indexed,9.239999810233712,aligned,30.400000512599945,229.00434130886657,"{""forward"": ""indexed"", ""reverse"": ""indexed""}",True
h200,O0,1,32,down_a,bf16,cuda_graph,hot,indexed,10.920000029727817,aligned,26.61599963903427,143.73625976718682,"{""forward"": ""indexed"", ""reverse"": ""indexed""}",True
h200,O0,1,32,down_a,bf16,eager,cold,indexed,10.168000124394894,bmm,111.9999997317791,1001.4948698030657,"{""forward"": ""indexed"", ""reverse"": ""indexed""}",True
h200,O0,1,32,down_a,bf16,eager,hot,indexed,32.74400066584349,bmm,165.01599922776222,403.9579644276538,"{""forward"": ""indexed"", ""reverse"": ""indexed""}",True
h200,O0,1,32,down_finalize,bf16,cuda_graph,cold,indexed,10.28000027872622,one_shot_fp32,14.727999921888113,43.268477845927045,"{""forward"": ""indexed"", ""reverse"": ""indexed""}",True
h200,O0,1,32,down_finalize,bf16,cuda_graph,hot,indexed,11.01600006222725,one_shot_fp32,12.439999729394913,12.926649047964457,"{""forward"": ""indexed"", ""reverse"": ""indexed""}",True
h200,O0,1,32,down_finalize,bf16,eager,cold,indexed,10.4479999281466,one_shot_fp32,15.919999917969108,52.373660293403155,"{""forward"": ""indexed"", ""reverse"": ""indexed""}",True
h200,O0,1,32,down_finalize,bf16,eager,hot,indexed,30.584000051021576,one_shot_bf16,56.664000265300274,85.27334609851849,"{""forward"": ""indexed"", ""reverse"": ""indexed""}",True
h200,O0,1,32,gate_a,bf16,cuda_graph,cold,indexed,17.62400008738041,aligned,36.480000242590904,106.99046789447225,"{""forward"": ""indexed"", ""reverse"": ""indexed""}",True
h200,O0,1,32,gate_a,bf16,cuda_graph,hot,indexed,15.232000034302473,aligned,28.072000481188297,84.29622123142157,"{""forward"": ""indexed"", ""reverse"": ""indexed""}",True
h200,O0,1,32,gate_a,bf16,eager,cold,indexed,18.927999772131443,aligned,208.28799903392792,1000.4226624125378,"{""forward"": ""indexed"", ""reverse"": ""indexed""}",True
h200,O0,1,32,gate_a,bf16,eager,hot,indexed,43.92800014466047,bmm,236.86400428414345,439.2096237118017,"{""forward"": ""indexed"", ""reverse"": ""indexed""}",True
h200,O0,1,32,gate_consumer,bf16,cuda_graph,cold,indexed,13.167999917641282,aligned,36.28799971193075,175.5771562795608,"{""forward"": ""indexed"", ""reverse"": ""indexed""}",True
h200,O0,1,32,gate_consumer,bf16,cuda_graph,hot,indexed,14.543999917805195,aligned,29.423999600112438,102.31022941694815,"{""forward"": ""indexed"", ""reverse"": ""indexed""}",True
h200,O0,1,32,gate_consumer,bf16,eager,cold,indexed,25.44800005853176,segmented,158.54399651288986,523.0116164265569,"{""forward"": ""indexed"", ""reverse"": ""indexed""}",True
h200,O0,1,32,gate_consumer,bf16,eager,hot,indexed,63.784001395106316,segmented,210.03199741244316,229.2863301432158,"{""forward"": ""indexed"", ""reverse"": ""indexed""}",True
h200,O0,1,64,down_a,bf16,cuda_graph,cold,indexed,9.704000083729625,aligned,34.128000028431416,251.690021990547,"{""forward"": ""indexed"", ""reverse"": ""indexed""}",True
h200,O0,1,64,down_a,bf16,cuda_graph,hot,indexed,10.688000125810504,aligned,28.760000132024288,169.0868244150898,"{""forward"": ""indexed"", ""reverse"": ""indexed""}",True
h200,O0,1,64,down_a,bf16,eager,cold,indexed,10.112000163644552,bmm,105.03199882805347,938.6866804618206,"{""forward"": ""indexed"", ""reverse"": ""indexed""}",True
h200,O0,1,64,down_a,bf16,eager,hot,indexed,32.32800029218197,bmm,159.5279984176159,393.4669542681094,"{""forward"": ""indexed"", ""reverse"": ""indexed""}",True
h200,O0,1,64,down_finalize,bf16,cuda_graph,cold,indexed,11.295999865978956,one_shot_fp32,21.63999993354082,91.57223964490029,"{""forward"": ""indexed"", ""reverse"": ""indexed""}",True
h200,O0,1,64,down_finalize,bf16,cuda_graph,hot,indexed,10.544000193476677,one_shot_fp32,14.519999967887998,37.708646637460966,"{""forward"": ""indexed"", ""reverse"": ""indexed""}",True
h200,O0,1,64,down_finalize,bf16,eager,cold,indexed,11.343999998643994,one_shot_fp32,22.98399992287159,102.60930823006862,"{""forward"": ""indexed"", ""reverse"": ""indexed""}",True
h200,O0,1,64,down_finalize,bf16,eager,hot,indexed,29.50399974361062,one_shot_fp32,55.00000063329935,86.4154050679523,"{""forward"": ""indexed"", ""reverse"": ""indexed""}",True
h200,O0,1,64,gate_a,bf16,cuda_graph,cold,indexed,17.71199982613325,aligned,36.93600092083216,108.53659261183353,"{""forward"": ""indexed"", ""reverse"": ""indexed""}",True
h200,O0,1,64,gate_a,bf16,cuda_graph,hot,indexed,12.85600010305643,aligned,28.072000481188297,118.35718929804892,"{""forward"": ""indexed"", ""reverse"": ""indexed""}",True
h200,O0,1,64,gate_a,bf16,eager,cold,indexed,18.503999803215265,bmm,115.14400132000446,522.265469868828,"{""forward"": ""indexed"", ""reverse"": ""indexed""}",True
h200,O0,1,64,gate_a,bf16,eager,hot,indexed,33.680000342428684,bmm,167.15199872851372,396.2945279960181,"{""forward"": ""indexed"", ""reverse"": ""indexed""}",True
h200,O0,1,64,gate_consumer,bf16,cuda_graph,cold,indexed,14.008000027388334,aligned,36.768000572919846,162.47858724322768,"{""forward"": ""indexed"", ""reverse"": ""indexed""}",True
h200,O0,1,64,gate_consumer,bf16,cuda_graph,hot,indexed,13.272000011056662,aligned,29.848000034689903,124.89451484195358,"{""forward"": ""indexed"", ""reverse"": ""indexed""}",True
h200,O0,1,64,gate_consumer,bf16,eager,cold,indexed,14.551999978721142,aligned,140.31200110912323,864.2111140344718,"{""forward"": ""indexed"", ""reverse"": ""indexed""}",True
h200,O0,1,64,gate_consumer,bf16,eager,hot,indexed,48.7040001899004,aligned,189.495999366045,289.07686971744926,"{""forward"": ""indexed"", ""reverse"": ""indexed""}",True
h200,O0,2048,128,down_a,bf16,cuda_graph,cold,aligned,58.23200009763241,bmm,136.76000013947487,134.85368853925945,"{""forward"": ""aligned"", ""reverse"": ""aligned""}",True
h200,O0,2048,128,down_a,bf16,cuda_graph,hot,aligned,53.439998999238014,bmm,137.81600072979927,157.88922775197722,"{""forward"": ""aligned"", ""reverse"": ""aligned""}",True
h200,O0,2048,128,down_a,bf16,eager,cold,aligned,101.21599771082401,bmm,156.91200271248817,55.0268794077283,"{""forward"": ""aligned"", ""reverse"": ""aligned""}",True
h200,O0,2048,128,down_a,bf16,eager,hot,aligned,179.74400147795677,bmm,196.3679976761341,9.248707084233931,"{""forward"": ""aligned"", ""reverse"": ""aligned""}",True
h200,O0,2048,128,down_finalize,bf16,cuda_graph,cold,aligned,207.54399523139,bmm,332.10399746894836,60.016191795232096,"{""forward"": ""aligned"", ""reverse"": ""aligned""}",True
h200,O0,2048,128,down_finalize,bf16,cuda_graph,hot,aligned,207.48800039291382,bmm,330.03199845552444,59.06076391432406,"{""forward"": ""aligned"", ""reverse"": ""aligned""}",True
h200,O0,2048,128,down_finalize,bf16,eager,cold,aligned,226.78400203585625,bmm,347.21600264310837,53.1042752249389,"{""forward"": ""aligned"", ""reverse"": ""aligned""}",True
h200,O0,2048,128,down_finalize,bf16,eager,hot,aligned,225.68000108003616,bmm,342.73600578308105,51.8681337038507,"{""forward"": ""aligned"", ""reverse"": ""aligned""}",True
h200,O0,2048,128,gate_a,bf16,cuda_graph,cold,aligned,163.28000277280807,bmm,204.31199669837952,25.12983416754615,"{""forward"": ""aligned"", ""reverse"": ""aligned""}",True
h200,O0,2048,128,gate_a,bf16,cuda_graph,hot,aligned,162.63999789953232,bmm,208.11200141906738,27.958684276191704,"{""forward"": ""aligned"", ""reverse"": ""aligned""}",True
h200,O0,2048,128,gate_a,bf16,eager,cold,aligned,177.5760017335415,bmm,224.11199659109116,26.206240935291714,"{""forward"": ""aligned"", ""reverse"": ""aligned""}",True
h200,O0,2048,128,gate_a,bf16,eager,hot,aligned,180.34400045871735,bmm,224.64800253510475,24.56638533230777,"{""forward"": ""aligned"", ""reverse"": ""aligned""}",True
h200,O0,2048,128,gate_consumer,bf16,cuda_graph,cold,aligned,142.535999417305,segmented,280.0160050392151,96.45283029124987,"{""forward"": ""aligned"", ""reverse"": ""aligned""}",True
h200,O0,2048,128,gate_consumer,bf16,cuda_graph,hot,aligned,137.84800097346306,segmented,279.1439965367317,102.50130184366574,"{""forward"": ""aligned"", ""reverse"": ""aligned""}",True
h200,O0,2048,128,gate_consumer,bf16,eager,cold,aligned,158.92799943685532,segmented,296.5039983391762,86.56498501825165,"{""forward"": ""aligned"", ""reverse"": ""aligned""}",True
h200,O0,2048,128,gate_consumer,bf16,eager,hot,aligned,199.67199862003326,segmented,291.2000045180321,45.839179519694426,"{""forward"": ""aligned"", ""reverse"": ""aligned""}",True
h200,O0,2048,16,down_a,bf16,cuda_graph,cold,aligned,48.67199994623661,indexed,71.77600264549255,47.46877614393647,"{""forward"": ""aligned"", ""reverse"": ""aligned""}",True
h200,O0,2048,16,down_a,bf16,cuda_graph,hot,aligned,42.25600138306618,indexed,69.40799951553345,64.25595712742536,"{""forward"": ""aligned"", ""reverse"": ""aligned""}",True
h200,O0,2048,16,down_a,bf16,eager,cold,indexed,72.06399738788605,aligned,130.36799803376198,80.90586528534264,"{""forward"": ""indexed"", ""reverse"": ""indexed""}",True
h200,O0,2048,16,down_a,bf16,eager,hot,indexed,69.92800347507,aligned,181.91200122237206,160.1418490193638,"{""forward"": ""indexed"", ""reverse"": ""indexed""}",True
h200,O0,2048,16,down_finalize,bf16,cuda_graph,cold,aligned,140.07999747991562,indexed,224.17599707841873,60.03426692705405,"{""forward"": ""aligned"", ""reverse"": ""aligned""}",True
h200,O0,2048,16,down_finalize,bf16,cuda_graph,hot,aligned,140.3839997947216,indexed,223.58400374650955,59.26601612252698,"{""forward"": ""aligned"", ""reverse"": ""aligned""}",True
h200,O0,2048,16,down_finalize,bf16,eager,cold,aligned,161.104004830122,indexed,224.21599924564362,39.17468996631759,"{""forward"": ""aligned"", ""reverse"": ""aligned""}",True
h200,O0,2048,16,down_finalize,bf16,eager,hot,aligned,213.04799988865852,indexed,223.23200106620789,4.7801439970671655,"{""forward"": ""aligned"", ""reverse"": ""aligned""}",True
h200,O0,2048,16,gate_a,bf16,cuda_graph,cold,aligned,64.14400041103363,segmented,162.84000128507614,153.86630119980086,"{""forward"": ""aligned"", ""reverse"": ""aligned""}",True
h200,O0,2048,16,gate_a,bf16,cuda_graph,hot,aligned,58.17599967122078,segmented,155.15999868512154,166.70792003919445,"{""forward"": ""aligned"", ""reverse"": ""aligned""}",True
h200,O0,2048,16,gate_a,bf16,eager,cold,aligned,135.3600062429905,bmm,178.98399755358696,32.22812448182455,"{""forward"": ""aligned"", ""reverse"": ""aligned""}",True
h200,O0,2048,16,gate_a,bf16,eager,hot,aligned,187.50400096178055,bmm,213.97599950432777,14.118097964183217,"{""forward"": ""aligned"", ""reverse"": ""aligned""}",True
h200,O0,2048,16,gate_consumer,bf16,cuda_graph,cold,aligned,112.35999874770641,indexed,210.9920009970665,87.78213185177117,"{""forward"": ""aligned"", ""reverse"": ""aligned""}",True
h200,O0,2048,16,gate_consumer,bf16,cuda_graph,hot,aligned,108.84000174701214,indexed,210.7280008494854,93.61264008365407,"{""forward"": ""aligned"", ""reverse"": ""aligned""}",True
h200,O0,2048,16,gate_consumer,bf16,eager,cold,aligned,153.79199758172035,indexed,211.41599863767624,37.468790289518324,"{""forward"": ""aligned"", ""reverse"": ""aligned""}",True
h200,O0,2048,16,gate_consumer,bf16,eager,hot,aligned,206.63199573755264,indexed,210.80799773335457,2.0209851726476824,"{""forward"": ""aligned"", ""reverse"": ""aligned""}",True
h200,O0,2048,32,down_a,bf16,cuda_graph,cold,aligned,49.38399977982044,indexed,74.01600107550621,49.87850600499766,"{""forward"": ""aligned"", ""reverse"": ""aligned""}",True
h200,O0,2048,32,down_a,bf16,cuda_graph,hot,aligned,42.80799999833107,indexed,69.83200274407864,63.12839363390286,"{""forward"": ""aligned"", ""reverse"": ""aligned""}",True
h200,O0,2048,32,down_a,bf16,eager,cold,indexed,75.19999891519547,aligned,129.56000119447708,72.28723811629901,"{""forward"": ""indexed"", ""reverse"": ""indexed""}",True
h200,O0,2048,32,down_a,bf16,eager,hot,indexed,70.78399881720543,aligned,182.17600136995316,157.36890316187072,"{""forward"": ""indexed"", ""reverse"": ""indexed""}",True
h200,O0,2048,32,down_finalize,bf16,cuda_graph,cold,aligned,151.99999883770943,bmm,319.67200338840485,110.31053015317389,"{""forward"": ""aligned"", ""reverse"": ""aligned""}",True
h200,O0,2048,32,down_finalize,bf16,cuda_graph,hot,aligned,152.11200341582298,bmm,319.8560029268265,110.27663546869992,"{""forward"": ""aligned"", ""reverse"": ""aligned""}",True
h200,O0,2048,32,down_finalize,bf16,eager,cold,aligned,167.60800406336784,indexed,332.5119987130165,98.386706274065,"{""forward"": ""aligned"", ""reverse"": ""aligned""}",True
h200,O0,2048,32,down_finalize,bf16,eager,hot,aligned,212.90400251746178,indexed,331.65600150823593,55.77725058552361,"{""forward"": ""aligned"", ""reverse"": ""aligned""}",True
h200,O0,2048,32,gate_a,bf16,cuda_graph,cold,aligned,73.90400022268295,segmented,158.01599994301796,113.81251280971792,"{""forward"": ""aligned"", ""reverse"": ""aligned""}",True
h200,O0,2048,32,gate_a,bf16,cuda_graph,hot,aligned,68.64000111818314,segmented,154.57599982619286,125.19813127631893,"{""forward"": ""aligned"", ""reverse"": ""aligned""}",True
h200,O0,2048,32,gate_a,bf16,eager,cold,aligned,135.83999872207642,bmm,186.3119974732399,37.15547646200095,"{""forward"": ""aligned"", ""reverse"": ""aligned""}",True
h200,O0,2048,32,gate_a,bf16,eager,hot,aligned,188.20799887180328,bmm,214.1919992864132,13.80600217332355,"{""forward"": ""aligned"", ""reverse"": ""aligned""}",True
h200,O0,2048,32,gate_consumer,bf16,cuda_graph,cold,aligned,83.33599753677845,segmented,214.04799818992615,156.84938623967503,"{""forward"": ""aligned"", ""reverse"": ""aligned""}",True
h200,O0,2048,32,gate_consumer,bf16,cuda_graph,hot,aligned,79.41600121557713,segmented,215.39199724793434,171.21989769196043,"{""forward"": ""aligned"", ""reverse"": ""aligned""}",True
h200,O0,2048,32,gate_consumer,bf16,eager,cold,aligned,155.5039994418621,segmented,229.18400168418884,47.38141945337766,"{""forward"": ""aligned"", ""reverse"": ""aligned""}",True
h200,O0,2048,32,gate_consumer,bf16,eager,hot,aligned,209.52800288796425,segmented,247.55199998617172,18.147453597664985,"{""forward"": ""aligned"", ""reverse"": ""aligned""}",True
h200,O0,2048,64,down_a,bf16,cuda_graph,cold,aligned,52.10400000214577,bmm,134.5200017094612,158.17595905097755,"{""forward"": ""aligned"", ""reverse"": ""aligned""}",True
h200,O0,2048,64,down_a,bf16,cuda_graph,hot,aligned,45.848000794649124,segmented,129.68000024557114,182.84766619683438,"{""forward"": ""aligned"", ""reverse"": ""aligned""}",True
h200,O0,2048,64,down_a,bf16,eager,cold,aligned,123.31999652087688,indexed,136.80800050497055,10.937402176953736,"{""forward"": ""aligned"", ""reverse"": ""aligned""}",True
h200,O0,2048,64,down_a,bf16,eager,hot,indexed,133.43200087547302,aligned,175.59199780225754,31.596615991789577,"{""forward"": ""indexed"", ""reverse"": ""indexed""}",True
h200,O0,2048,64,down_finalize,bf16,cuda_graph,cold,aligned,170.9440015256405,bmm,322.6880058646202,88.768253337172,"{""forward"": ""aligned"", ""reverse"": ""aligned""}",True
h200,O0,2048,64,down_finalize,bf16,cuda_graph,hot,aligned,170.8960011601448,bmm,322.1440017223358,88.50294889021899,"{""forward"": ""aligned"", ""reverse"": ""aligned""}",True
h200,O0,2048,64,down_finalize,bf16,eager,cold,aligned,184.7440004348755,bmm,340.89599549770355,84.52344579269493,"{""forward"": ""aligned"", ""reverse"": ""aligned""}",True
h200,O0,2048,64,down_finalize,bf16,eager,hot,aligned,205.31199872493744,bmm,336.7199972271919,64.00405203706856,"{""forward"": ""aligned"", ""reverse"": ""aligned""}",True
h200,O0,2048,64,gate_a,bf16,cuda_graph,cold,aligned,103.00000198185444,bmm,179.9759976565838,74.73397494525315,"{""forward"": ""aligned"", ""reverse"": ""aligned""}",True
h200,O0,2048,64,gate_a,bf16,cuda_graph,hot,aligned,98.22400286793709,bmm,181.39199912548065,84.67176436432098,"{""forward"": ""aligned"", ""reverse"": ""aligned""}",True
h200,O0,2048,64,gate_a,bf16,eager,cold,aligned,128.36799956858158,bmm,194.39999759197235,51.439609751114546,"{""forward"": ""aligned"", ""reverse"": ""aligned""}",True
h200,O0,2048,64,gate_a,bf16,eager,hot,aligned,181.768000125885,bmm,205.56799694895744,13.093612080558481,"{""forward"": ""aligned"", ""reverse"": ""aligned""}",True
h200,O0,2048,64,gate_consumer,bf16,cuda_graph,cold,aligned,100.70399940013885,segmented,234.0480014681816,132.4118236240168,"{""forward"": ""aligned"", ""reverse"": ""aligned""}",True
h200,O0,2048,64,gate_consumer,bf16,cuda_graph,hot,aligned,97.09600172936916,segmented,234.0720035135746,141.07275206448952,"{""forward"": ""aligned"", ""reverse"": ""aligned""}",True
h200,O0,2048,64,gate_consumer,bf16,eager,cold,aligned,147.71999791264534,segmented,244.73599717020988,65.675602916631,"{""forward"": ""aligned"", ""reverse"": ""aligned""}",True
h200,O0,2048,64,gate_consumer,bf16,eager,hot,aligned,201.1520005762577,segmented,243.31200122833252,20.959274842554578,"{""forward"": ""aligned"", ""reverse"": ""aligned""}",True
h200,O0,256,128,down_a,bf16,cuda_graph,cold,indexed,40.23999907076359,aligned,40.58399982750416,0.8548726756569591,"{""forward"": ""indexed"", ""reverse"": ""aligned""}",False
h200,O0,256,128,down_a,bf16,cuda_graph,hot,aligned,36.055998876690865,indexed,39.2800010740757,8.941652700874304,"{""forward"": ""aligned"", ""reverse"": ""aligned""}",True
h200,O0,256,128,down_a,bf16,eager,cold,indexed,41.304001584649086,bmm,105.6400015950203,155.7621478357732,"{""forward"": ""indexed"", ""reverse"": ""indexed""}",True
h200,O0,256,128,down_a,bf16,eager,hot,indexed,40.09599983692169,bmm,158.51199999451637,295.33120670195484,"{""forward"": ""indexed"", ""reverse"": ""indexed""}",True
h200,O0,256,128,down_finalize,bf16,cuda_graph,cold,aligned,62.48000077903271,bmm,95.89600004255772,53.48271262304287,"{""forward"": ""aligned"", ""reverse"": ""aligned""}",True
h200,O0,256,128,down_finalize,bf16,cuda_graph,hot,aligned,56.63200095295906,bmm,95.7919992506504,69.14818060237585,"{""forward"": ""aligned"", ""reverse"": ""aligned""}",True
h200,O0,256,128,down_finalize,bf16,eager,cold,aligned,149.35999736189842,bmm,150.15999972820282,0.5356202332850835,"{""forward"": ""aligned"", ""reverse"": ""aligned""}",True
h200,O0,256,128,down_finalize,bf16,eager,hot,indexed,160.93599796295166,aligned,199.13600012660027,23.736145205028937,"{""forward"": ""indexed"", ""reverse"": ""indexed""}",True
h200,O0,256,128,gate_a,bf16,cuda_graph,cold,aligned,55.63199892640114,segmented,88.56000006198883,59.1889591800397,"{""forward"": ""aligned"", ""reverse"": ""aligned""}",True
h200,O0,256,128,gate_a,bf16,cuda_graph,hot,aligned,53.33600006997585,segmented,87.49599941074848,64.04679634009925,"{""forward"": ""aligned"", ""reverse"": ""aligned""}",True
h200,O0,256,128,gate_a,bf16,eager,cold,bmm,121.90399877727032,aligned,128.35999950766563,5.295971252092402,"{""forward"": ""bmm"", ""reverse"": ""bmm""}",True
h200,O0,256,128,gate_a,bf16,eager,hot,bmm,171.9520054757595,aligned,181.04000017046928,5.285192614977041,"{""forward"": ""bmm"", ""reverse"": ""bmm""}",True
h200,O0,256,128,gate_consumer,bf16,cuda_graph,cold,aligned,54.75199967622757,segmented,83.20000022649765,51.95792065768465,"{""forward"": ""aligned"", ""reverse"": ""aligned""}",True
h200,O0,256,128,gate_consumer,bf16,cuda_graph,hot,aligned,44.95199955999851,segmented,75.6480023264885,68.2861787394336,"{""forward"": ""aligned"", ""reverse"": ""aligned""}",True
h200,O0,256,128,gate_consumer,bf16,eager,cold,indexed,131.51999935507774,aligned,146.11199498176575,11.094887240147045,"{""forward"": ""indexed"", ""reverse"": ""indexed""}",True
h200,O0,256,128,gate_consumer,bf16,eager,hot,indexed,126.00800395011902,aligned,194.60000470280647,54.4346379614425,"{""forward"": ""indexed"", ""reverse"": ""indexed""}",True
h200,O0,256,16,down_a,bf16,cuda_graph,cold,indexed,16.43199985846877,aligned,37.63999976217747,129.06523908456862,"{""forward"": ""indexed"", ""reverse"": ""indexed""}",True
h200,O0,256,16,down_a,bf16,cuda_graph,hot,indexed,15.159999951720238,aligned,31.855998560786247,110.13191729708072,"{""forward"": ""indexed"", ""reverse"": ""indexed""}",True
h200,O0,256,16,down_a,bf16,eager,cold,indexed,16.751999501138926,bmm,112.46400140225887,571.3467332339208,"{""forward"": ""indexed"", ""reverse"": ""indexed""}",True
h200,O0,256,16,down_a,bf16,eager,hot,indexed,36.15199960768223,bmm,167.60800033807755,363.6202759375478,"{""forward"": ""indexed"", ""reverse"": ""indexed""}",True
h200,O0,256,16,down_finalize,bf16,cuda_graph,cold,indexed,34.119999036192894,aligned,48.1759998947382,41.19578328133995,"{""forward"": ""indexed"", ""reverse"": ""indexed""}",True
h200,O0,256,16,down_finalize,bf16,cuda_graph,hot,indexed,32.87200070917606,aligned,40.50399921834469,23.21732278083759,"{""forward"": ""indexed"", ""reverse"": ""indexed""}",True
h200,O0,256,16,down_finalize,bf16,eager,cold,indexed,34.45599973201752,bmm,152.29599922895432,342.00139428093985,"{""forward"": ""indexed"", ""reverse"": ""indexed""}",True
h200,O0,256,16,down_finalize,bf16,eager,hot,indexed,36.039999686181545,bmm,204.49599996209145,467.4139892972843,"{""forward"": ""indexed"", ""reverse"": ""indexed""}",True
h200,O0,256,16,gate_a,bf16,cuda_graph,cold,indexed,37.023999728262424,aligned,42.40800067782402,14.5419214268514,"{""forward"": ""indexed"", ""reverse"": ""indexed""}",True
h200,O0,256,16,gate_a,bf16,cuda_graph,hot,aligned,35.40799953043461,indexed,36.25600039958954,2.39494148328272,"{""forward"": ""aligned"", ""reverse"": ""aligned""}",True
h200,O0,256,16,gate_a,bf16,eager,cold,indexed,37.72000037133694,bmm,126.27999857068062,234.7826016105757,"{""forward"": ""indexed"", ""reverse"": ""indexed""}",True
h200,O0,256,16,gate_a,bf16,eager,hot,indexed,38.176000118255615,aligned,180.2160032093525,372.06622655885286,"{""forward"": ""indexed"", ""reverse"": ""indexed""}",True
h200,O0,256,16,gate_consumer,bf16,cuda_graph,cold,indexed,33.78400020301342,aligned,48.07199910283089,42.292205819200255,"{""forward"": ""indexed"", ""reverse"": ""indexed""}",True
h200,O0,256,16,gate_consumer,bf16,cuda_graph,hot,indexed,32.92800113558769,aligned,40.512001141905785,23.03206919572629,"{""forward"": ""indexed"", ""reverse"": ""indexed""}",True
h200,O0,256,16,gate_consumer,bf16,eager,cold,indexed,34.21599976718426,aligned,147.67200499773026,331.5875789178574,"{""forward"": ""indexed"", ""reverse"": ""indexed""}",True
h200,O0,256,16,gate_consumer,bf16,eager,hot,indexed,55.09600043296814,aligned,198.83199781179428,260.88281590185613,"{""forward"": ""indexed"", ""reverse"": ""indexed""}",True
h200,O0,256,32,down_a,bf16,cuda_graph,cold,indexed,16.888000071048737,aligned,38.30400016158819,126.81193747300554,"{""forward"": ""indexed"", ""reverse"": ""indexed""}",True
h200,O0,256,32,down_a,bf16,cuda_graph,hot,indexed,15.359999844804406,aligned,32.552000135183334,111.927086354719,"{""forward"": ""indexed"", ""reverse"": ""indexed""}",True
h200,O0,256,32,down_a,bf16,eager,cold,indexed,17.400000244379044,bmm,113.4640034288168,552.0919645703489,"{""forward"": ""indexed"", ""reverse"": ""indexed""}",True
h200,O0,256,32,down_a,bf16,eager,hot,indexed,36.120000295341015,bmm,166.59199818968773,361.2181529001145,"{""forward"": ""indexed"", ""reverse"": ""indexed""}",True
h200,O0,256,32,down_finalize,bf16,cuda_graph,cold,indexed,48.791998997330666,aligned,50.75199995189905,4.017054014687149,"{""forward"": ""indexed"", ""reverse"": ""indexed""}",True
h200,O0,256,32,down_finalize,bf16,cuda_graph,hot,aligned,41.71200003474951,indexed,47.12799936532974,12.98427149517709,"{""forward"": ""aligned"", ""reverse"": ""aligned""}",True
h200,O0,256,32,down_finalize,bf16,eager,cold,indexed,49.007998779416084,aligned,155.31999617815018,216.92784860945258,"{""forward"": ""indexed"", ""reverse"": ""indexed""}",True
h200,O0,256,32,down_finalize,bf16,eager,hot,indexed,47.20799997448921,aligned,205.3920030593872,335.0788069191223,"{""forward"": ""indexed"", ""reverse"": ""indexed""}",True
h200,O0,256,32,gate_a,bf16,cuda_graph,cold,aligned,44.42400112748146,indexed,65.92000275850296,48.38826104234835,"{""forward"": ""aligned"", ""reverse"": ""aligned""}",True
h200,O0,256,32,gate_a,bf16,cuda_graph,hot,aligned,37.83999942243099,indexed,65.21599926054478,72.34672372084047,"{""forward"": ""aligned"", ""reverse"": ""aligned""}",True
h200,O0,256,32,gate_a,bf16,eager,cold,indexed,66.4879996329546,bmm,124.19999949634075,86.8006259505232,"{""forward"": ""indexed"", ""reverse"": ""indexed""}",True
h200,O0,256,32,gate_a,bf16,eager,hot,indexed,65.92799909412861,bmm,176.7120026051998,168.03786711758005,"{""forward"": ""indexed"", ""reverse"": ""indexed""}",True
h200,O0,256,32,gate_consumer,bf16,cuda_graph,cold,aligned,42.37600043416023,indexed,44.35200057923794,4.663017096546951,"{""forward"": ""aligned"", ""reverse"": ""aligned""}",True
h200,O0,256,32,gate_consumer,bf16,cuda_graph,hot,aligned,35.760000348091125,indexed,43.42400096356869,21.431768850322918,"{""forward"": ""aligned"", ""reverse"": ""aligned""}",True
h200,O0,256,32,gate_consumer,bf16,eager,cold,indexed,45.264000073075294,aligned,147.5600004196167,225.99858647356018,"{""forward"": ""indexed"", ""reverse"": ""indexed""}",True
h200,O0,256,32,gate_consumer,bf16,eager,hot,indexed,55.904000997543335,aligned,200.56799799203873,258.7721708878271,"{""forward"": ""indexed"", ""reverse"": ""indexed""}",True
h200,O0,256,64,down_a,bf16,cuda_graph,cold,indexed,24.51199945062399,aligned,39.76000100374222,62.206274048892695,"{""forward"": ""indexed"", ""reverse"": ""indexed""}",True
h200,O0,256,64,down_a,bf16,cuda_graph,hot,indexed,23.44800066202879,aligned,33.91199931502342,44.626400364871266,"{""forward"": ""indexed"", ""reverse"": ""indexed""}",True
h200,O0,256,64,down_a,bf16,eager,cold,indexed,24.9120001681149,bmm,105.7439986616373,324.4701266379246,"{""forward"": ""indexed"", ""reverse"": ""indexed""}",True
h200,O0,256,64,down_a,bf16,eager,hot,indexed,36.79200075566769,bmm,159.7360037267208,334.15960112501904,"{""forward"": ""indexed"", ""reverse"": ""indexed""}",True
h200,O0,256,64,down_finalize,bf16,cuda_graph,cold,aligned,55.23199960589409,indexed,82.11199939250946,48.66743912662339,"{""forward"": ""aligned"", ""reverse"": ""aligned""}",True
h200,O0,256,64,down_finalize,bf16,cuda_graph,hot,aligned,45.40000110864639,indexed,75.53600147366524,66.3788538086169,"{""forward"": ""aligned"", ""reverse"": ""aligned""}",True
h200,O0,256,64,down_finalize,bf16,eager,cold,indexed,82.26400054991245,aligned,148.3840011060238,80.37537697427443,"{""forward"": ""indexed"", ""reverse"": ""indexed""}",True
h200,O0,256,64,down_finalize,bf16,eager,hot,indexed,75.48800110816956,aligned,198.12800362706184,162.46290896371315,"{""forward"": ""indexed"", ""reverse"": ""indexed""}",True
h200,O0,256,64,gate_a,bf16,cuda_graph,cold,aligned,49.36000145971775,segmented,78.9679978042841,59.98378336501704,"{""forward"": ""aligned"", ""reverse"": ""aligned""}",True
h200,O0,256,64,gate_a,bf16,cuda_graph,hot,aligned,44.015999883413315,segmented,73.2319988310337,66.3758611073378,"{""forward"": ""aligned"", ""reverse"": ""aligned""}",True
h200,O0,256,64,gate_a,bf16,eager,cold,bmm,117.15200170874596,indexed,121.71999923884869,3.899205701546027,"{""forward"": ""bmm"", ""reverse"": ""indexed""}",False
h200,O0,256,64,gate_a,bf16,eager,hot,indexed,121.16799876093864,bmm,171.05600237846375,41.17259022817803,"{""forward"": ""indexed"", ""reverse"": ""indexed""}",True
h200,O0,256,64,gate_consumer,bf16,cuda_graph,cold,aligned,44.83199957758188,indexed,68.27200017869473,52.28408463144694,"{""forward"": ""aligned"", ""reverse"": ""aligned""}",True
h200,O0,256,64,gate_consumer,bf16,cuda_graph,hot,aligned,38.4720005095005,indexed,66.60000048577785,73.11291225765932,"{""forward"": ""aligned"", ""reverse"": ""aligned""}",True
h200,O0,256,64,gate_consumer,bf16,eager,cold,indexed,68.67199763655663,aligned,140.75999706983566,104.97437371022968,"{""forward"": ""indexed"", ""reverse"": ""indexed""}",True
h200,O0,256,64,gate_consumer,bf16,eager,hot,indexed,67.38399900496006,aligned,192.08000227808952,185.0528391227578,"{""forward"": ""indexed"", ""reverse"": ""indexed""}",True
h200,O0,32,128,down_a,bf16,cuda_graph,cold,indexed,11.935999849811196,aligned,36.69600002467632,207.4396823593859,"{""forward"": ""indexed"", ""reverse"": ""indexed""}",True
h200,O0,32,128,down_a,bf16,cuda_graph,hot,indexed,12.32799980789423,aligned,31.200001016259193,153.08242620412992,"{""forward"": ""indexed"", ""reverse"": ""indexed""}",True
h200,O0,32,128,down_a,bf16,eager,cold,indexed,12.511999811977148,bmm,105.11199943721294,740.0895221928806,"{""forward"": ""indexed"", ""reverse"": ""indexed""}",True
h200,O0,32,128,down_a,bf16,eager,hot,indexed,33.91999937593937,bmm,157.48000144958496,364.26888073969417,"{""forward"": ""indexed"", ""reverse"": ""indexed""}",True
h200,O0,32,128,down_finalize,bf16,cuda_graph,cold,indexed,29.439999721944332,aligned,44.32799853384495,50.570648615880344,"{""forward"": ""indexed"", ""reverse"": ""indexed""}",True
h200,O0,32,128,down_finalize,bf16,cuda_graph,hot,indexed,24.608000181615353,aligned,36.12000122666359,46.78153836185703,"{""forward"": ""indexed"", ""reverse"": ""indexed""}",True
h200,O0,32,128,down_finalize,bf16,eager,cold,indexed,29.607999604195356,aligned,147.0640003681183,396.7036015066678,"{""forward"": ""indexed"", ""reverse"": ""indexed""}",True
h200,O0,32,128,down_finalize,bf16,eager,hot,indexed,35.45599989593029,aligned,198.14399629831314,458.8447565430428,"{""forward"": ""indexed"", ""reverse"": ""indexed""}",True
h200,O0,32,128,gate_a,bf16,cuda_graph,cold,indexed,39.175999350845814,aligned,45.687999576330185,16.622422741958154,"{""forward"": ""indexed"", ""reverse"": ""indexed""}",True
h200,O0,32,128,gate_a,bf16,cuda_graph,hot,aligned,36.48800030350685,indexed,38.46400044858456,5.415479414167268,"{""forward"": ""aligned"", ""reverse"": ""aligned""}",True
h200,O0,32,128,gate_a,bf16,eager,cold,indexed,40.27999937534332,bmm,117.28799901902676,191.18172998488797,"{""forward"": ""indexed"", ""reverse"": ""indexed""}",True
h200,O0,32,128,gate_a,bf16,eager,hot,indexed,39.29599933326244,bmm,167.96800121665,327.4430070912385,"{""forward"": ""indexed"", ""reverse"": ""indexed""}",True
h200,O0,32,128,gate_consumer,bf16,cuda_graph,cold,indexed,25.83200018852949,aligned,43.44000108540058,68.16352109152504,"{""forward"": ""indexed"", ""reverse"": ""indexed""}",True
h200,O0,32,128,gate_consumer,bf16,cuda_graph,hot,indexed,23.81599973887205,aligned,36.216000095009804,52.06584015828104,"{""forward"": ""indexed"", ""reverse"": ""indexed""}",True
h200,O0,32,128,gate_consumer,bf16,eager,cold,indexed,26.864000130444765,aligned,140.32799750566483,422.36449085864984,"{""forward"": ""indexed"", ""reverse"": ""indexed""}",True
h200,O0,32,128,gate_consumer,bf16,eager,hot,indexed,54.0799992159009,aligned,192.77599826455116,256.46449900071394,"{""forward"": ""indexed"", ""reverse"": ""indexed""}",True
h200,O0,32,16,down_a,bf16,cuda_graph,cold,indexed,9.839999722316861,aligned,35.232000052928925,258.0487911297769,"{""forward"": ""indexed"", ""reverse"": ""indexed""}",True
h200,O0,32,16,down_a,bf16,cuda_graph,hot,indexed,10.768000036478043,aligned,30.239999759942293,180.83209191586408,"{""forward"": ""indexed"", ""reverse"": ""indexed""}",True
h200,O0,32,16,down_a,bf16,eager,cold,indexed,10.184000013396144,bmm,112.69599944353104,1006.598579097501,"{""forward"": ""indexed"", ""reverse"": ""indexed""}",True
h200,O0,32,16,down_a,bf16,eager,hot,indexed,33.296000212430954,bmm,165.23199900984764,396.25179587834947,"{""forward"": ""indexed"", ""reverse"": ""indexed""}",True
h200,O0,32,16,down_finalize,bf16,cuda_graph,cold,indexed,9.991999948397279,aligned,38.21600042283535,282.4659789851702,"{""forward"": ""indexed"", ""reverse"": ""indexed""}",True
h200,O0,32,16,down_finalize,bf16,cuda_graph,hot,indexed,10.967999929562211,aligned,32.792000100016594,198.97885038850006,"{""forward"": ""indexed"", ""reverse"": ""indexed""}",True
h200,O0,32,16,down_finalize,bf16,eager,cold,indexed,9.960000170394778,one_shot_fp32,56.119998916983604,463.4537947478691,"{""forward"": ""indexed"", ""reverse"": ""indexed""}",True
h200,O0,32,16,down_finalize,bf16,eager,hot,indexed,31.543999910354614,one_shot_bf16,61.952000483870506,96.3986832993053,"{""forward"": ""indexed"", ""reverse"": ""indexed""}",True
h200,O0,32,16,gate_a,bf16,cuda_graph,cold,indexed,17.95199979096651,aligned,37.98400051891804,111.58645811722701,"{""forward"": ""indexed"", ""reverse"": ""indexed""}",True
h200,O0,32,16,gate_a,bf16,cuda_graph,hot,indexed,14.088000170886517,aligned,31.919999048113823,126.5757996942528,"{""forward"": ""indexed"", ""reverse"": ""indexed""}",True
h200,O0,32,16,gate_a,bf16,eager,cold,indexed,18.616000190377235,bmm,125.05599856376648,571.7662080193197,"{""forward"": ""indexed"", ""reverse"": ""indexed""}",True
h200,O0,32,16,gate_a,bf16,eager,hot,indexed,33.76799914985895,bmm,176.43999680876732,422.5065187479558,"{""forward"": ""indexed"", ""reverse"": ""indexed""}",True
h200,O0,32,16,gate_consumer,bf16,cuda_graph,cold,indexed,15.039999969303608,aligned,41.920000687241554,178.72340939361428,"{""forward"": ""indexed"", ""reverse"": ""indexed""}",True
h200,O0,32,16,gate_consumer,bf16,cuda_graph,hot,indexed,14.152000192552805,aligned,36.59199923276901,158.5641516032821,"{""forward"": ""indexed"", ""reverse"": ""indexed""}",True
h200,O0,32,16,gate_consumer,bf16,eager,cold,indexed,15.528000192716718,aligned,145.31200006604195,835.8062742309816,"{""forward"": ""indexed"", ""reverse"": ""indexed""}",True
h200,O0,32,16,gate_consumer,bf16,eager,hot,indexed,50.13599991798401,aligned,197.83199951052666,294.59071292914103,"{""forward"": ""indexed"", ""reverse"": ""indexed""}",True
h200,O0,32,32,down_a,bf16,cuda_graph,cold,indexed,10.064000263810158,aligned,34.28000025451183,240.62002539667736,"{""forward"": ""indexed"", ""reverse"": ""indexed""}",True
h200,O0,32,32,down_a,bf16,cuda_graph,hot,indexed,11.064000194892287,aligned,29.4560007750988,166.2328295031774,"{""forward"": ""indexed"", ""reverse"": ""indexed""}",True
h200,O0,32,32,down_a,bf16,eager,cold,indexed,10.623999871313572,bmm,110.95199920237064,944.3524147807838,"{""forward"": ""indexed"", ""reverse"": ""indexed""}",True
h200,O0,32,32,down_a,bf16,eager,hot,indexed,32.64799993485212,bmm,165.50400108098984,406.9345791817169,"{""forward"": ""indexed"", ""reverse"": ""indexed""}",True
h200,O0,32,32,down_finalize,bf16,cuda_graph,cold,indexed,11.815999867394567,aligned,37.74399869143963,219.4312721312022,"{""forward"": ""indexed"", ""reverse"": ""indexed""}",True
h200,O0,32,32,down_finalize,bf16,cuda_graph,hot,indexed,12.568000005558133,aligned,32.26399980485439,156.71546618862035,"{""forward"": ""indexed"", ""reverse"": ""indexed""}",True
h200,O0,32,32,down_finalize,bf16,eager,cold,indexed,12.064000125974417,one_shot_fp32,82.19200000166893,581.2997276475926,"{""forward"": ""indexed"", ""reverse"": ""indexed""}",True
h200,O0,32,32,down_finalize,bf16,eager,hot,indexed,32.58400037884712,one_shot_fp32,80.33600077033043,146.5504537082038,"{""forward"": ""indexed"", ""reverse"": ""indexed""}",True
h200,O0,32,32,gate_a,bf16,cuda_graph,cold,indexed,19.22400016337633,aligned,37.90399990975857,97.17020176669334,"{""forward"": ""indexed"", ""reverse"": ""indexed""}",True
h200,O0,32,32,gate_a,bf16,cuda_graph,hot,indexed,15.42399963364005,aligned,31.728001311421394,105.70540757938032,"{""forward"": ""indexed"", ""reverse"": ""indexed""}",True
h200,O0,32,32,gate_a,bf16,eager,cold,indexed,20.015999674797058,bmm,125.94400346279144,529.2166542217352,"{""forward"": ""indexed"", ""reverse"": ""indexed""}",True
h200,O0,32,32,gate_a,bf16,eager,hot,indexed,36.47999931126833,bmm,176.91200226545334,384.956155716831,"{""forward"": ""indexed"", ""reverse"": ""indexed""}",True
h200,O0,32,32,gate_consumer,bf16,cuda_graph,cold,indexed,15.488000120967627,aligned,38.040000945329666,145.60950831754695,"{""forward"": ""indexed"", ""reverse"": ""indexed""}",True
h200,O0,32,32,gate_consumer,bf16,cuda_graph,hot,indexed,14.487999957054853,aligned,32.48799964785576,124.24074920041606,"{""forward"": ""indexed"", ""reverse"": ""indexed""}",True
h200,O0,32,32,gate_consumer,bf16,eager,cold,indexed,16.1920003592968,aligned,145.23199945688248,796.9367356362246,"{""forward"": ""indexed"", ""reverse"": ""indexed""}",True
h200,O0,32,32,gate_consumer,bf16,eager,hot,indexed,50.759999081492424,aligned,197.39999994635582,288.88889582019266,"{""forward"": ""indexed"", ""reverse"": ""indexed""}",True
h200,O0,32,64,down_a,bf16,cuda_graph,cold,indexed,10.367999784648418,aligned,34.703999757766724,234.7222268383134,"{""forward"": ""indexed"", ""reverse"": ""indexed""}",True
h200,O0,32,64,down_a,bf16,cuda_graph,hot,indexed,10.719999903813004,aligned,30.007999390363693,179.92536995909978,"{""forward"": ""indexed"", ""reverse"": ""indexed""}",True
h200,O0,32,64,down_a,bf16,eager,cold,indexed,11.136000277474523,bmm,103.30400057137012,827.6580279934935,"{""forward"": ""indexed"", ""reverse"": ""indexed""}",True
h200,O0,32,64,down_a,bf16,eager,hot,indexed,31.423999927937984,bmm,157.44800120592117,401.0437931739544,"{""forward"": ""indexed"", ""reverse"": ""indexed""}",True
h200,O0,32,64,down_finalize,bf16,cuda_graph,cold,indexed,18.856000155210495,aligned,38.92800025641918,106.44887534996212,"{""forward"": ""indexed"", ""reverse"": ""indexed""}",True
h200,O0,32,64,down_finalize,bf16,cuda_graph,hot,indexed,14.896000269800425,aligned,33.263999968767166,123.30826642239873,"{""forward"": ""indexed"", ""reverse"": ""indexed""}",True
h200,O0,32,64,down_finalize,bf16,eager,cold,indexed,18.863999750465155,one_shot_fp32,130.0400011241436,589.3554009983329,"{""forward"": ""indexed"", ""reverse"": ""indexed""}",True
h200,O0,32,64,down_finalize,bf16,eager,hot,indexed,34.311999566853046,one_shot_fp32,125.49600005149841,265.74959674671146,"{""forward"": ""indexed"", ""reverse"": ""indexed""}",True
h200,O0,32,64,gate_a,bf16,cuda_graph,cold,indexed,22.880000062286854,aligned,39.56799954175949,72.93706046347219,"{""forward"": ""indexed"", ""reverse"": ""indexed""}",True
h200,O0,32,64,gate_a,bf16,cuda_graph,hot,indexed,22.231999784708023,aligned,33.1760011613369,49.226347079026866,"{""forward"": ""indexed"", ""reverse"": ""indexed""}",True
h200,O0,32,64,gate_a,bf16,eager,cold,indexed,23.335999809205532,bmm,116.67200177907944,399.96572991509424,"{""forward"": ""indexed"", ""reverse"": ""indexed""}",True
h200,O0,32,64,gate_a,bf16,eager,hot,indexed,37.47200034558773,bmm,168.09600591659546,348.5909595599918,"{""forward"": ""indexed"", ""reverse"": ""indexed""}",True
h200,O0,32,64,gate_consumer,bf16,cuda_graph,cold,indexed,17.7519996650517,aligned,39.51200004667044,122.57774218223751,"{""forward"": ""indexed"", ""reverse"": ""indexed""}",True
h200,O0,32,64,gate_consumer,bf16,cuda_graph,hot,indexed,15.808000229299068,aligned,34.17599946260452,116.19432544833597,"{""forward"": ""indexed"", ""reverse"": ""indexed""}",True
h200,O0,32,64,gate_consumer,bf16,eager,cold,indexed,18.143999855965376,aligned,138.22400197386742,661.8165954097612,"{""forward"": ""indexed"", ""reverse"": ""indexed""}",True
h200,O0,32,64,gate_consumer,bf16,eager,hot,indexed,50.0319991260767,aligned,190.96000120043755,281.6757366005571,"{""forward"": ""indexed"", ""reverse"": ""indexed""}",True
